# Energy - EF (eV)   pi-PDOS (p_z, avg over atoms)
-1.000000000000000000e+01 2.656316328774764794e-30
-9.990000000000000213e+00 2.702514097227203972e-30
-9.980000000000000426e+00 2.748242908974915170e-30
-9.970000000000000639e+00 2.793334251642521545e-30
-9.960000000000000853e+00 2.837641762854527887e-30
-9.949999999999999289e+00 2.881039023692687838e-30
-9.939999999999999503e+00 2.923416201842202696e-30
-9.929999999999999716e+00 2.964675744753273256e-30
-9.919999999999999929e+00 3.004727374053355989e-30
-9.910000000000000142e+00 3.043482671403283191e-30
-9.900000000000000355e+00 3.080849570680092088e-30
-9.890000000000000568e+00 3.116727080219534677e-30
-9.880000000000000782e+00 3.151000551145742211e-30
-9.869999999999999218e+00 3.183537783756448383e-30
-9.859999999999999432e+00 3.214186224641516166e-30
-9.849999999999999645e+00 3.242771454675925620e-30
-9.839999999999999858e+00 3.269097104981736132e-30
-9.830000000000000071e+00 3.292946267721610752e-30
-9.820000000000000284e+00 3.314084394880577866e-30
-9.810000000000000497e+00 3.332263604888079638e-30
-9.800000000000000711e+00 3.347228247833435729e-30
-9.789999999999999147e+00 3.358721518644158618e-30
-9.779999999999999361e+00 3.366492856940442755e-30
-9.769999999999999574e+00 3.370305834702359633e-30
-9.759999999999999787e+00 3.369946209962255924e-30
-9.750000000000000000e+00 3.365229817197378770e-30
-9.740000000000000213e+00 3.356009972834465511e-30
-9.730000000000000426e+00 3.342184096378966933e-30
-9.720000000000000639e+00 3.323699282536626200e-30
-9.710000000000000853e+00 3.300556605128433763e-30
-9.699999999999999289e+00 3.272813987032823050e-30
-9.689999999999999503e+00 3.240587529014651378e-30
-9.679999999999999716e+00 3.204051251259045203e-30
-9.669999999999999929e+00 3.163435261969770709e-30
-9.660000000000000142e+00 3.119022425013698533e-30
-9.650000000000000355e+00 3.071143651149689015e-30
-9.640000000000000568e+00 3.020171983153960319e-30
-9.630000000000000782e+00 2.966515682890481032e-30
-9.619999999999999218e+00 2.910610557283567649e-30
-9.609999999999999432e+00 2.852911779873225214e-30
-9.599999999999999645e+00 2.793885475193306490e-30
-9.589999999999999858e+00 2.734000334940188117e-30
-9.580000000000000071e+00 2.673719528357201071e-30
-9.570000000000000284e+00 2.613493155167638683e-30
-9.560000000000000497e+00 2.553751468551568635e-30
-9.550000000000000711e+00 2.494899068915441168e-30
-9.539999999999999147e+00 2.437310237376983444e-30
-9.529999999999999361e+00 2.381325541779073834e-30
-9.519999999999999574e+00 2.327249808419497870e-30
-9.509999999999999787e+00 2.275351510280893219e-30
-9.500000000000000000e+00 2.225863578106734548e-30
-9.490000000000000213e+00 2.178985594966284653e-30
-9.480000000000000426e+00 2.134887288813908430e-30
-9.470000000000000639e+00 2.093713191896262659e-30
-9.460000000000000853e+00 2.055588291724851592e-30
-9.449999999999999289e+00 2.020624456862440804e-30
-9.439999999999999503e+00 1.988927383238379804e-30
-9.429999999999999716e+00 1.960603774476631904e-30
-9.419999999999999929e+00 1.935768444221697252e-30
-9.410000000000000142e+00 1.914551011124155874e-30
-9.400000000000000355e+00 1.897101849391091679e-30
-9.390000000000000568e+00 1.883596960880888300e-30
-9.380000000000000782e+00 1.874241449680103409e-30
-9.369999999999999218e+00 1.869271307696849966e-30
-9.359999999999999432e+00 1.868953260410332461e-30
-9.349999999999999645e+00 1.873582475435005250e-30
-9.339999999999999858e+00 1.883478002362606093e-30
-9.330000000000000071e+00 1.898975889224993896e-30
-9.320000000000000284e+00 1.920420007053794921e-30
-9.310000000000000497e+00 1.948150706967756483e-30
-9.300000000000000711e+00 1.982491530987287464e-30
-9.289999999999999147e+00 2.023734294840707143e-30
-9.279999999999999361e+00 2.072122954466643009e-30
-9.269999999999999574e+00 2.127836753545241059e-30
-9.259999999999999787e+00 2.190973222926489976e-30
-9.250000000000000000e+00 2.261531660091759587e-30
-9.240000000000000213e+00 2.339397753927855040e-30
-9.230000000000000426e+00 2.424330033800473827e-30
-9.220000000000000639e+00 2.515948809638443316e-30
-9.210000000000000853e+00 2.613728229903055769e-30
-9.199999999999999289e+00 2.716992016485625285e-30
-9.189999999999999503e+00 2.824913340609183142e-30
-9.179999999999999716e+00 2.936519183974054215e-30
-9.169999999999999929e+00 3.050699388477985097e-30
-9.160000000000000142e+00 3.166220441408047759e-30
-9.150000000000000355e+00 3.281743878871717581e-30
-9.140000000000000568e+00 3.395849029894451441e-30
-9.130000000000000782e+00 3.507059685597319965e-30
-9.119999999999999218e+00 3.613874195911306334e-30
-9.109999999999999432e+00 3.714798538346005093e-30
-9.099999999999999645e+00 3.808382215420178759e-30
-9.089999999999999858e+00 3.893257743287606050e-30
-9.080000000000000071e+00 3.968186720712732023e-30
-9.070000000000000284e+00 4.032120649995047661e-30
-9.060000000000000497e+00 4.084296489541808652e-30
-9.050000000000000711e+00 4.124413553227800559e-30
-9.039999999999999147e+00 4.152998073180507182e-30
-9.029999999999999361e+00 4.172194855965157039e-30
-9.019999999999999574e+00 4.187520758487217328e-30
-9.009999999999999787e+00 4.211766458073906524e-30
-9.000000000000000000e+00 4.273664042373964225e-30
-8.990000000000000213e+00 4.437063726739244935e-30
-8.980000000000000426e+00 4.843154630802420757e-30
-8.970000000000000639e+00 5.802943317800826982e-30
-8.960000000000000853e+00 7.998761153066731691e-30
-8.949999999999999289e+00 1.292105571492135161e-29
-8.939999999999999503e+00 2.381026737961253783e-29
-8.929999999999999716e+00 4.767730588855278163e-29
-8.919999999999999929e+00 9.961531759068291998e-29
-8.910000000000000142e+00 2.119534352193893715e-28
-8.900000000000000355e+00 4.535891332183157438e-28
-8.890000000000000568e+00 9.706055975308743227e-28
-8.879999999999999005e+00 2.071166144551858456e-27
-8.869999999999999218e+00 4.402030865599560784e-27
-8.859999999999999432e+00 9.313672015318972127e-27
-8.849999999999999645e+00 1.961157035492723981e-26
-8.839999999999999858e+00 4.109411389886823997e-26
-8.830000000000000071e+00 8.568428362702570314e-26
-8.820000000000000284e+00 1.777736239684347194e-25
-8.810000000000000497e+00 3.670064927291303151e-25
-8.800000000000000711e+00 7.539083135719620235e-25
-8.789999999999999147e+00 1.540993809504109828e-24
-8.779999999999999361e+00 3.134155652230438410e-24
-8.769999999999999574e+00 6.342748671527716732e-24
-8.759999999999999787e+00 1.277237918806464022e-23
-8.750000000000000000e+00 2.559196316151450754e-23
-8.740000000000000213e+00 5.102383137096368707e-23
-8.730000000000000426e+00 1.012232743138678461e-22
-8.720000000000000639e+00 1.998139203289174357e-22
-8.710000000000000853e+00 3.924726027024814689e-22
-8.699999999999999289e+00 7.670636500813713418e-22
-8.689999999999999503e+00 1.491736530898106813e-21
-8.679999999999999716e+00 2.886634053461237184e-21
-8.669999999999999929e+00 5.558152289075326046e-21
-8.660000000000000142e+00 1.064899166720201782e-20
-8.650000000000000355e+00 2.030140522363802968e-20
-8.640000000000000568e+00 3.851088679153761705e-20
-8.629999999999999005e+00 7.269105796080213522e-20
-8.619999999999999218e+00 1.365270674533106698e-19
-8.609999999999999432e+00 2.551508927186167354e-19
-8.599999999999999645e+00 4.744781780527298891e-19
-8.589999999999999858e+00 8.779635473905761877e-19
-8.580000000000000071e+00 1.616508868288271201e-18
-8.570000000000000284e+00 2.961565530865459028e-18
-8.560000000000000497e+00 5.398915620453729220e-18
-8.550000000000000711e+00 9.793410709585370432e-18
-8.539999999999999147e+00 1.767681169720394302e-17
-8.529999999999999361e+00 3.174802802911716984e-17
-8.519999999999999574e+00 5.673783329461698339e-17
-8.509999999999999787e+00 1.008956030021350624e-16
-8.500000000000000000e+00 1.785317955058291852e-16
-8.490000000000000213e+00 3.143424916447227661e-16
-8.480000000000000426e+00 5.507254573183417091e-16
-8.470000000000000639e+00 9.600903879178707803e-16
-8.460000000000000853e+00 1.665460650284176817e-15
-8.449999999999999289e+00 2.874764693582633239e-15
-8.439999999999999503e+00 4.937604484115542156e-15
-8.429999999999999716e+00 8.438723842759833907e-15
-8.419999999999999929e+00 1.435106568558926953e-14
-8.410000000000000142e+00 2.428504235399864546e-14
-8.400000000000000355e+00 4.089228332553196177e-14
-8.390000000000000568e+00 6.851601583796651121e-14
-8.379999999999999005e+00 1.142329941709129251e-13
-8.369999999999999218e+00 1.895135334365973082e-13
-8.359999999999999432e+00 3.128517676885858456e-13
-8.349999999999999645e+00 5.139101970303057761e-13
-8.339999999999999858e+00 8.400142123016119387e-13
-8.330000000000000071e+00 1.366272626729834483e-12
-8.320000000000000284e+00 2.211261024567739763e-12
-8.310000000000000497e+00 3.561190132304770361e-12
-8.300000000000000711e+00 5.706941678050074294e-12
-8.289999999999999147e+00 9.100504491330080912e-12
-8.279999999999999361e+00 1.444048980904806573e-11
-8.269999999999999574e+00 2.280097862001983640e-11
-8.259999999999999787e+00 3.582456018629686245e-11
-8.250000000000000000e+00 5.600990044801318460e-11
-8.240000000000000213e+00 8.713769184949764885e-11
-8.230000000000000426e+00 1.348979700157393069e-10
-8.220000000000000639e+00 2.078086936371989580e-10
-8.210000000000000853e+00 3.185530754054599471e-10
-8.199999999999999289e+00 4.859153013384684601e-10
-8.189999999999999503e+00 7.375661168140777348e-10
-8.179999999999999716e+00 1.114048026140098991e-09
-8.169999999999999929e+00 1.674443306436054818e-09
-8.160000000000000142e+00 2.504387954516741609e-09
-8.150000000000000355e+00 3.727335448478575251e-09
-8.140000000000000568e+00 5.520293961780910792e-09
-8.129999999999999005e+00 8.135682070027640334e-09
-8.119999999999999218e+00 1.193149899242613216e-08
-8.109999999999999432e+00 1.741272008324209860e-08
-8.099999999999999645e+00 2.528774762060229648e-08
-8.089999999999999858e+00 3.654491953590346329e-08
-8.080000000000000071e+00 5.255556132583791125e-08
-8.070000000000000284e+00 7.521192407002070752e-08
-8.060000000000000497e+00 1.071106574036490894e-07
-8.050000000000000711e+00 1.517953008098168276e-07
-8.039999999999999147e+00 2.140747254576324705e-07
-8.029999999999999361e+00 3.004386103257332921e-07
-8.019999999999999574e+00 4.195959771507920246e-07
-8.009999999999999787e+00 5.831686179634662676e-07
-8.000000000000000000e+00 8.065779906004362732e-07
-7.990000000000000213e+00 1.110171870753773562e-06
-7.980000000000000426e+00 1.520645736362447296e-06
-7.969999999999999751e+00 2.072823473505072830e-06
-7.959999999999999964e+00 2.811872418238526836e-06
-7.950000000000000178e+00 3.796038788462472624e-06
-7.939999999999999503e+00 5.100000914938579435e-06
-7.929999999999999716e+00 6.818948933063925151e-06
-7.919999999999999929e+00 9.073510193664770571e-06
-7.910000000000000142e+00 1.201564889051958006e-05
-7.900000000000000355e+00 1.583567542715835595e-05
-7.890000000000000568e+00 2.077050484191938026e-05
-7.879999999999999893e+00 2.711330301746005104e-05
-7.870000000000000107e+00 3.522465313252561600e-05
-7.859999999999999432e+00 4.554536149369806542e-05
-7.849999999999999645e+00 5.861100009914788149e-05
-7.839999999999999858e+00 7.506825165276990509e-05
-7.830000000000000071e+00 9.569308000094249589e-05
-7.820000000000000284e+00 1.214106940621565345e-04
-7.810000000000000497e+00 1.533172055556895853e-04
-7.799999999999999822e+00 1.927027999666472316e-04
-7.790000000000000036e+00 2.410761465605910361e-04
-7.779999999999999361e+00 3.001896679481886980e-04
-7.769999999999999574e+00 3.720651745919811544e-04
-7.759999999999999787e+00 4.590192475500072034e-04
-7.750000000000000000e+00 5.636876274312328360e-04
-7.740000000000000213e+00 6.890477437270637988e-04
-7.730000000000000426e+00 8.384384020185077285e-04
-7.719999999999999751e+00 1.015575543462781186e-03
-7.709999999999999964e+00 1.224562908450007931e-03
-7.699999999999999289e+00 1.469896381731168426e-03
-7.689999999999999503e+00 1.756460776984277968e-03
-7.679999999999999716e+00 2.089517841644013101e-03
-7.669999999999999929e+00 2.474684333967810436e-03
-7.660000000000000142e+00 2.917899148564283111e-03
-7.650000000000000355e+00 3.425378647034865113e-03
-7.640000000000000568e+00 4.003559587891955887e-03
-7.629999999999999893e+00 4.659029342921117145e-03
-7.620000000000000107e+00 5.398443431297101497e-03
-7.609999999999999432e+00 6.228430790808142138e-03
-7.599999999999999645e+00 7.155487627389430644e-03
-7.589999999999999858e+00 8.185861127064838691e-03
-7.580000000000000071e+00 9.325424763271205481e-03
-7.570000000000000284e+00 1.057954737057402277e-02
-7.560000000000000497e+00 1.195295856503981145e-02
-7.549999999999999822e+00 1.344961345378906797e-02
-7.540000000000000036e+00 1.507255987385095267e-02
-7.529999999999999361e+00 1.682381161718440182e-02
-7.519999999999999574e+00 1.870423122073229180e-02
-7.509999999999999787e+00 2.071342591688430518e-02
-7.500000000000000000e+00 2.284966024367405396e-02
-7.490000000000000213e+00 2.510978860261532317e-02
-7.480000000000000426e+00 2.748921072685220346e-02
-7.469999999999999751e+00 2.998185258929018937e-02
-7.459999999999999964e+00 3.258017474980044736e-02
-7.449999999999999289e+00 3.527520952641752250e-02
-7.439999999999999503e+00 3.805662769473674989e-02
-7.429999999999999716e+00 4.091283469190566680e-02
-7.419999999999999929e+00 4.383109554754414938e-02
-7.410000000000000142e+00 4.679768700517881325e-02
-7.400000000000000355e+00 4.979807455560622542e-02
-7.390000000000000568e+00 5.281711139840569030e-02
-7.379999999999999893e+00 5.583925569846248660e-02
-7.370000000000000107e+00 5.884880192778658980e-02
-7.359999999999999432e+00 6.183012159392736046e-02
-7.349999999999999645e+00 6.476790826744358021e-02
-7.339999999999999858e+00 6.764742154265862562e-02
-7.330000000000000071e+00 7.045472440667775726e-02
-7.320000000000000284e+00 7.317690845802607424e-02
-7.310000000000000497e+00 7.580230151317743359e-02
-7.299999999999999822e+00 7.832065237005401970e-02
-7.290000000000000036e+00 8.072328786395754907e-02
-7.279999999999999361e+00 8.300323785316512937e-02
-7.269999999999999574e+00 8.515532440611614518e-02
-7.259999999999999787e+00 8.717621222451171770e-02
-7.250000000000000000e+00 8.906441821803451342e-02
-7.240000000000000213e+00 9.082027913403592501e-02
-7.230000000000000426e+00 9.244587722191971446e-02
-7.219999999999999751e+00 9.394492505442497698e-02
-7.209999999999999964e+00 9.532261180849893600e-02
-7.199999999999999289e+00 9.658541449361698894e-02
-7.189999999999999503e+00 9.774087876714368517e-02
-7.179999999999999716e+00 9.879737505280120069e-02
-7.169999999999999929e+00 9.976383663535090540e-02
-7.160000000000000142e+00 1.006494871976651440e-01
-7.150000000000000355e+00 1.014635658527386353e-01
-7.140000000000000568e+00 1.022150580645095203e-01
-7.129999999999999893e+00 1.029124409161778775e-01
-7.120000000000000107e+00 1.035634509510022228e-01
-7.109999999999999432e+00 1.041748822679417347e-01
-7.099999999999999645e+00 1.047524217059666585e-01
-7.089999999999999858e+00 1.053005268138289263e-01
-7.080000000000000071e+00 1.058223509087447278e-01
-7.070000000000000284e+00 1.063197179241310714e-01
-7.060000000000000497e+00 1.067931479922173688e-01
-7.049999999999999822e+00 1.072419328711972930e-01
-7.040000000000000036e+00 1.076642584848025441e-01
-7.029999999999999361e+00 1.080573700741549875e-01
-7.019999999999999574e+00 1.084177738458810547e-01
-7.009999999999999787e+00 1.087414676097869792e-01
-7.000000000000000000e+00 1.090241917974032748e-01
-6.990000000000000213e+00 1.092616914897090452e-01
-6.980000000000000426e+00 1.094499796924029017e-01
-6.969999999999999751e+00 1.095855920960412955e-01
-6.959999999999999964e+00 1.096658239429115222e-01
-6.949999999999999289e+00 1.096889403704766897e-01
-6.939999999999999503e+00 1.096543526730834606e-01
-6.929999999999999716e+00 1.095627542649847130e-01
-6.919999999999999929e+00 1.094162116728588374e-01
-6.910000000000000142e+00 1.092182075619107240e-01
-6.900000000000000355e+00 1.089736345304884724e-01
-6.890000000000000568e+00 1.086887401197673408e-01
-6.879999999999999893e+00 1.083710251090032328e-01
-6.870000000000000107e+00 1.080290986440118617e-01
-6.859999999999999432e+00 1.076724950296640559e-01
-6.849999999999999645e+00 1.073114580726822753e-01
-6.839999999999999858e+00 1.069566996693364358e-01
-6.830000000000000071e+00 1.066191398878375551e-01
-6.820000000000000284e+00 1.063096361034415738e-01
-6.810000000000000497e+00 1.060387088214777979e-01
-6.799999999999999822e+00 1.058162716927555647e-01
-6.790000000000000036e+00 1.056513729142129904e-01
-6.779999999999999361e+00 1.055519547436366973e-01
-6.769999999999999574e+00 1.055246372678671496e-01
-6.759999999999999787e+00 1.055745318729981452e-01
-6.750000000000000000e+00 1.057050890921936437e-01
-6.740000000000000213e+00 1.059179846667406832e-01
-6.730000000000000426e+00 1.062130467595054084e-01
-6.719999999999999751e+00 1.065882263147791414e-01
-6.709999999999999964e+00 1.070396115710822160e-01
-6.699999999999999289e+00 1.075614867111049228e-01
-6.689999999999999503e+00 1.081464335856835435e-01
-6.679999999999999716e+00 1.087854743911486899e-01
-6.669999999999999929e+00 1.094682521318927071e-01
-6.660000000000000142e+00 1.101832446891402167e-01
-6.650000000000000355e+00 1.109180073750229978e-01
-6.640000000000000568e+00 1.116594380150046917e-01
-6.629999999999999893e+00 1.123940579106662563e-01
-6.620000000000000107e+00 1.131083015275611420e-01
-6.609999999999999432e+00 1.137888074642411096e-01
-6.599999999999999645e+00 1.144227032164074342e-01
-6.589999999999999858e+00 1.149978764718584678e-01
-6.580000000000000071e+00 1.155032261617305045e-01
-6.570000000000000284e+00 1.159288872407941706e-01
-6.560000000000000497e+00 1.162664241478003901e-01
-6.549999999999999822e+00 1.165089890643101339e-01
-6.540000000000000036e+00 1.166514423917638377e-01
-6.529999999999999361e+00 1.166904342358143776e-01
-6.519999999999999574e+00 1.166244470516723530e-01
-6.509999999999999787e+00 1.164538008901219585e-01
-6.500000000000000000e+00 1.161806238201536084e-01
-6.490000000000000213e+00 1.158087910286860339e-01
-6.480000000000000426e+00 1.153438367619711025e-01
-6.469999999999999751e+00 1.147928436457894968e-01
-6.459999999999999964e+00 1.141643139915005656e-01
-6.449999999999999289e+00 1.134680274729940874e-01
-6.439999999999999503e+00 1.127148890774765932e-01
-6.429999999999999716e+00 1.119167705419751579e-01
-6.419999999999999929e+00 1.110863476544888817e-01
-6.410000000000000142e+00 1.102369349019072242e-01
-6.400000000000000355e+00 1.093823180694877828e-01
-6.390000000000000568e+00 1.085365846211489294e-01
-6.379999999999999893e+00 1.077139510910080089e-01
-6.370000000000000107e+00 1.069285863560564542e-01
-6.359999999999999432e+00 1.061944295808374544e-01
-6.349999999999999645e+00 1.055250018485535957e-01
-6.339999999999999858e+00 1.049332110159947040e-01
-6.330000000000000071e+00 1.044311501242111140e-01
-6.320000000000000284e+00 1.040298907119261151e-01
-6.310000000000000497e+00 1.037392735432665081e-01
-6.299999999999999822e+00 1.035677004891719655e-01
-6.290000000000000036e+00 1.035219324970826638e-01
-6.279999999999999361e+00 1.036068996476895154e-01
-6.269999999999999574e+00 1.038255301362586563e-01
-6.259999999999999787e+00 1.041786055457303573e-01
-6.250000000000000000e+00 1.046646499326693847e-01
-6.240000000000000213e+00 1.052798599801597623e-01
-6.230000000000000426e+00 1.060180827640281875e-01
-6.219999999999999751e+00 1.068708465375112909e-01
-6.209999999999999964e+00 1.078274483988910237e-01
-6.199999999999999289e+00 1.088751008264051134e-01
-6.189999999999999503e+00 1.099991369267473984e-01
-6.179999999999999716e+00 1.111832719471832764e-01
-6.169999999999999929e+00 1.124099162581126965e-01
-6.160000000000000142e+00 1.136605327399271559e-01
-6.150000000000000355e+00 1.149160294214344319e-01
-6.140000000000000568e+00 1.161571764259403394e-01
-6.129999999999999893e+00 1.173650348810900829e-01
-6.120000000000000107e+00 1.185213845174213354e-01
-6.109999999999999432e+00 1.196091362737517483e-01
-6.099999999999999645e+00 1.206127163756618714e-01
-6.089999999999999858e+00 1.215184090609417178e-01
-6.080000000000000071e+00 1.223146463712820875e-01
-6.070000000000000284e+00 1.229922351663084029e-01
-6.060000000000000497e+00 1.235445136755765061e-01
-6.049999999999999822e+00 1.239674323989610610e-01
-6.040000000000000036e+00 1.242595568940940698e-01
-6.029999999999999361e+00 1.244219928396466113e-01
-6.019999999999999574e+00 1.244582366192436146e-01
-6.009999999999999787e+00 1.243739574171939116e-01
-6.000000000000000000e+00 1.241767193439916733e-01
-5.990000000000000213e+00 1.238756543166584373e-01
-5.979999999999999538e+00 1.234810982202201590e-01
-5.969999999999999751e+00 1.230042042026965043e-01
-5.959999999999999964e+00 1.224565477569682925e-01
-5.950000000000000178e+00 1.218497384895589897e-01
-5.939999999999999503e+00 1.211950531607779991e-01
-5.929999999999999716e+00 1.205031037159215168e-01
-5.919999999999999929e+00 1.197835526463097433e-01
-5.910000000000000142e+00 1.190448861731101815e-01
-5.900000000000000355e+00 1.182942535032810438e-01
-5.889999999999999680e+00 1.175373778459420648e-01
-5.879999999999999893e+00 1.167785420896222948e-01
-5.870000000000000107e+00 1.160206491238292975e-01
-5.860000000000000320e+00 1.152653538438559860e-01
-5.849999999999999645e+00 1.145132610081522895e-01
-5.839999999999999858e+00 1.137641804233047449e-01
-5.830000000000000071e+00 1.130174285081790297e-01
-5.820000000000000284e+00 1.122721632241534956e-01
-5.809999999999999609e+00 1.115277377308758477e-01
-5.799999999999999822e+00 1.107840570029385852e-01
-5.790000000000000036e+00 1.100419210746634013e-01
-5.780000000000000249e+00 1.093033386044200417e-01
-5.769999999999999574e+00 1.085717950857569003e-01
-5.759999999999999787e+00 1.078524612803958005e-01
-5.750000000000000000e+00 1.071523292880821321e-01
-5.740000000000000213e+00 1.064802660597636563e-01
-5.729999999999999538e+00 1.058469770417413136e-01
-5.719999999999999751e+00 1.052648759265365358e-01
-5.709999999999999964e+00 1.047478600786013458e-01
-5.700000000000000178e+00 1.043109949791076185e-01
-5.689999999999999503e+00 1.039701148583456886e-01
-5.679999999999999716e+00 1.037413504102258077e-01
-5.669999999999999929e+00 1.036405979585202641e-01
-5.660000000000000142e+00 1.036829475162753256e-01
-5.649999999999999467e+00 1.038820897023450956e-01
-5.639999999999999680e+00 1.042497233200410101e-01
-5.629999999999999893e+00 1.047949864511245888e-01
-5.620000000000000107e+00 1.055239340901903966e-01
-5.610000000000000320e+00 1.064390845900568122e-01
-5.599999999999999645e+00 1.075390554968365109e-01
-5.589999999999999858e+00 1.088183067543265214e-01
-5.580000000000000071e+00 1.102670058244957924e-01
-5.570000000000000284e+00 1.118710251190770250e-01
-5.559999999999999609e+00 1.136120774197015015e-01
-5.549999999999999822e+00 1.154679898660937870e-01
-5.540000000000000036e+00 1.174131118234524873e-01
-5.530000000000000249e+00 1.194188467258841813e-01
-5.519999999999999574e+00 1.214542930610910676e-01
-5.509999999999999787e+00 1.234869752331508030e-01
-5.500000000000000000e+00 1.254836413167211839e-01
-5.490000000000000213e+00 1.274111018689621233e-01
-5.479999999999999538e+00 1.292370821273695347e-01
-5.469999999999999751e+00 1.309310591785915467e-01
-5.459999999999999964e+00 1.324650560701145507e-01
-5.450000000000000178e+00 1.338143663354265378e-01
-5.439999999999999503e+00 1.349581849440004422e-01
-5.429999999999999716e+00 1.358801251523647502e-01
-5.419999999999999929e+00 1.365686049625688403e-01
-5.410000000000000142e+00 1.370170916979218390e-01
-5.399999999999999467e+00 1.372241983693881506e-01
-5.389999999999999680e+00 1.371936308051553421e-01
-5.379999999999999893e+00 1.369339897273131323e-01
-5.370000000000000107e+00 1.364584368719803931e-01
-5.360000000000000320e+00 1.357842386733164874e-01
-5.349999999999999645e+00 1.349322048086618597e-01
-5.339999999999999858e+00 1.339260419090565479e-01
-5.330000000000000071e+00 1.327916448943141647e-01
-5.320000000000000284e+00 1.315563496540674282e-01
-5.309999999999999609e+00 1.302481711657350050e-01
-5.299999999999999822e+00 1.288950506547758001e-01
-5.290000000000000036e+00 1.275241341321592392e-01
-5.280000000000000249e+00 1.261611026856279127e-01
-5.269999999999999574e+00 1.248295723716910666e-01
-5.259999999999999787e+00 1.235505785836011200e-01
-5.250000000000000000e+00 1.223421564916352816e-01
-5.240000000000000213e+00 1.212190256998535443e-01
-5.229999999999999538e+00 1.201923837658098460e-01
-5.219999999999999751e+00 1.192698098034331439e-01
-5.209999999999999964e+00 1.184552761374090685e-01
-5.200000000000000178e+00 1.177492629867509938e-01
-5.189999999999999503e+00 1.171489684955495381e-01
-5.179999999999999716e+00 1.166486041525574835e-01
-5.169999999999999929e+00 1.162397637839649028e-01
-5.160000000000000142e+00 1.159118528854230779e-01
-5.149999999999999467e+00 1.156525640857132692e-01
-5.139999999999999680e+00 1.154483839982232973e-01
-5.129999999999999893e+00 1.152851165991041066e-01
-5.120000000000000107e+00 1.151484085443976180e-01
-5.110000000000000320e+00 1.150242624660850199e-01
-5.099999999999999645e+00 1.148995252257002248e-01
-5.089999999999999858e+00 1.147623393054922336e-01
-5.080000000000000071e+00 1.146025469291313548e-01
-5.070000000000000284e+00 1.144120380728524677e-01
-5.059999999999999609e+00 1.141850351999304652e-01
-5.049999999999999822e+00 1.139183092746871018e-01
-5.040000000000000036e+00 1.136113233389274835e-01
-5.030000000000000249e+00 1.132663016216322732e-01
-5.019999999999999574e+00 1.128882237670429250e-01
-5.009999999999999787e+00 1.124847452806378434e-01
-5.000000000000000000e+00 1.120660466897049623e-01
-4.990000000000000213e+00 1.116446151872121095e-01
-4.979999999999999538e+00 1.112349636747794052e-01
-4.969999999999999751e+00 1.108532931500385565e-01
-4.959999999999999964e+00 1.105171053076363097e-01
-4.950000000000000178e+00 1.102447730559633493e-01
-4.939999999999999503e+00 1.100550774071083621e-01
-4.929999999999999716e+00 1.099667198857475214e-01
-4.919999999999999929e+00 1.099978202277069883e-01
-4.910000000000000142e+00 1.101654096965046098e-01
-4.899999999999999467e+00 1.104849308224276627e-01
-4.889999999999999680e+00 1.109697547398429546e-01
-4.879999999999999893e+00 1.116307275315608361e-01
-4.870000000000000107e+00 1.124757570440455823e-01
-4.860000000000000320e+00 1.135094514696844692e-01
-4.849999999999999645e+00 1.147328205573033694e-01
-4.839999999999999858e+00 1.161430495686383846e-01
-4.830000000000000071e+00 1.177333550139698926e-01
-4.820000000000000284e+00 1.194929297548845276e-01
-4.809999999999999609e+00 1.214069832531471937e-01
-4.799999999999999822e+00 1.234568805885540577e-01
-4.790000000000000036e+00 1.256203814033648725e-01
-4.780000000000000249e+00 1.278719772160284707e-01
-4.769999999999999574e+00 1.301833226623275719e-01
-4.759999999999999787e+00 1.325237532651902805e-01
-4.750000000000000000e+00 1.348608794160374713e-01
-4.740000000000000213e+00 1.371612434894286525e-01
-4.729999999999999538e+00 1.393910245296254291e-01
-4.719999999999999751e+00 1.415167728584783291e-01
-4.709999999999999964e+00 1.435061553635741949e-01
-4.700000000000000178e+00 1.453286912213811455e-01
-4.689999999999999503e+00 1.469564574572835569e-01
-4.679999999999999716e+00 1.483647440815025198e-01
-4.669999999999999929e+00 1.495326395765222971e-01
-4.660000000000000142e+00 1.504435292273450520e-01
-4.649999999999999467e+00 1.510854911308930071e-01
-4.639999999999999680e+00 1.514515776182300821e-01
-4.629999999999999893e+00 1.515399731725213806e-01
-4.620000000000000107e+00 1.513540236075111012e-01
-4.610000000000000320e+00 1.509021351532499611e-01
-4.599999999999999645e+00 1.501975460381011762e-01
-4.589999999999999858e+00 1.492579770178997789e-01
-4.580000000000000071e+00 1.481051709486511658e-01
-4.570000000000000284e+00 1.467643348028007944e-01
-4.559999999999999609e+00 1.452635003804501057e-01
-4.549999999999999822e+00 1.436328222743871175e-01
-4.540000000000000036e+00 1.419038333415876818e-01
-4.530000000000000249e+00 1.401086789675186073e-01
-4.519999999999999574e+00 1.382793517608623957e-01
-4.509999999999999787e+00 1.364469479868994917e-01
-4.500000000000000000e+00 1.346409660622560900e-01
-4.490000000000000213e+00 1.328886658377379515e-01
-4.479999999999999538e+00 1.312145052538952195e-01
-4.469999999999999751e+00 1.296396683461795152e-01
-4.459999999999999964e+00 1.281816955962352123e-01
-4.450000000000000178e+00 1.268542243757302956e-01
-4.439999999999999503e+00 1.256668438179018299e-01
-4.429999999999999716e+00 1.246250649909649982e-01
-4.419999999999999929e+00 1.237304038469825562e-01
-4.410000000000000142e+00 1.229805711856243322e-01
-4.399999999999999467e+00 1.223697609026211108e-01
-4.389999999999999680e+00 1.218890251750693043e-01
-4.379999999999999893e+00 1.215267230439339707e-01
-4.370000000000000107e+00 1.212690271461175501e-01
-4.360000000000000320e+00 1.211004721645288079e-01
-4.349999999999999645e+00 1.210045279259396173e-01
-4.339999999999999858e+00 1.209641799847251953e-01
-4.330000000000000071e+00 1.209625009681857266e-01
-4.320000000000000284e+00 1.209831968900497434e-01
-4.309999999999999609e+00 1.210111140104264266e-01
-4.299999999999999822e+00 1.210326935663879333e-01
-4.290000000000000036e+00 1.210363637401567771e-01
-4.280000000000000249e+00 1.210128604870183144e-01
-4.269999999999999574e+00 1.209554712247957881e-01
-4.259999999999999787e+00 1.208601978040276248e-01
-4.250000000000000000e+00 1.207258375505202708e-01
-4.240000000000000213e+00 1.205539834254970855e-01
-4.229999999999999538e+00 1.203489464199020142e-01
-4.219999999999999751e+00 1.201176051384898469e-01
-4.209999999999999964e+00 1.198691891004688981e-01
-4.200000000000000178e+00 1.196150035657316257e-01
-4.189999999999999503e+00 1.193681046823185099e-01
-4.179999999999999716e+00 1.191429344476315766e-01
-4.169999999999999929e+00 1.189549253995431238e-01
-4.160000000000000142e+00 1.188200851283624654e-01
-4.149999999999999467e+00 1.187545706560594327e-01
-4.139999999999999680e+00 1.187742624966540428e-01
-4.129999999999999893e+00 1.188943478219621763e-01
-4.120000000000000107e+00 1.191289216375253646e-01
-4.110000000000000320e+00 1.194906142472562938e-01
-4.099999999999999645e+00 1.199902525689117982e-01
-4.089999999999999858e+00 1.206365620666624838e-01
-4.080000000000000071e+00 1.214359151969030548e-01
-4.070000000000000284e+00 1.223921313199475558e-01
-4.059999999999999609e+00 1.235063320119149932e-01
-4.049999999999999822e+00 1.247768546163862402e-01
-4.040000000000000036e+00 1.261992257051067212e-01
-4.030000000000000249e+00 1.277661948766036226e-01
-4.019999999999999574e+00 1.294678280232505752e-01
-4.009999999999999787e+00 1.312916578612744745e-01
-4.000000000000000000e+00 1.332228881734019987e-01
-3.990000000000000213e+00 1.352446468976271632e-01
-3.979999999999999538e+00 1.373382819525095222e-01
-3.969999999999999751e+00 1.394836925690131069e-01
-3.959999999999999964e+00 1.416596879528066733e-01
-3.950000000000000178e+00 1.438443643792203241e-01
-3.939999999999999503e+00 1.460154913703551882e-01
-3.929999999999999716e+00 1.481508974554096858e-01
-3.919999999999999929e+00 1.502288461934008779e-01
-3.910000000000000142e+00 1.522283936484347955e-01
-3.899999999999999467e+00 1.541297193399387144e-01
-3.889999999999999680e+00 1.559144238134988480e-01
-3.879999999999999893e+00 1.575657873437775747e-01
-3.870000000000000107e+00 1.590689858249133559e-01
-3.859999999999999432e+00 1.604112615486267546e-01
-3.849999999999999645e+00 1.615820482305173056e-01
-3.839999999999999858e+00 1.625730512324654597e-01
-3.830000000000000071e+00 1.633782853584229422e-01
-3.820000000000000284e+00 1.639940737959463268e-01
-3.809999999999999609e+00 1.644190126748645842e-01
-3.799999999999999822e+00 1.646539062749229898e-01
-3.790000000000000036e+00 1.647016781161755317e-01
-3.780000000000000249e+00 1.645672630138259873e-01
-3.769999999999999574e+00 1.642574847022534312e-01
-3.759999999999999787e+00 1.637809228830837682e-01
-3.750000000000000000e+00 1.631477726008243589e-01
-3.740000000000000213e+00 1.623696977827317478e-01
-3.729999999999999538e+00 1.614596796916308863e-01
-3.719999999999999751e+00 1.604318600273917927e-01
-3.709999999999999964e+00 1.593013775653403796e-01
-3.700000000000000178e+00 1.580841966165930645e-01
-3.689999999999999503e+00 1.567969252966958105e-01
-3.679999999999999716e+00 1.554566216329154038e-01
-3.669999999999999929e+00 1.540805859392361532e-01
-3.660000000000000142e+00 1.526861386267981124e-01
-3.649999999999999467e+00 1.512903836551156012e-01
-3.639999999999999680e+00 1.499099591011891497e-01
-3.629999999999999893e+00 1.485607777452741529e-01
-3.620000000000000107e+00 1.472577620453991432e-01
-3.609999999999999432e+00 1.460145792921094809e-01
-3.599999999999999645e+00 1.448433839944245349e-01
-3.589999999999999858e+00 1.437545755483966015e-01
-3.580000000000000071e+00 1.427565798950731213e-01
-3.570000000000000284e+00 1.418556641182293632e-01
-3.559999999999999609e+00 1.410557927206195772e-01
-3.549999999999999822e+00 1.403585336337449530e-01
-3.540000000000000036e+00 1.397630208709830790e-01
-3.530000000000000249e+00 1.392659791652296752e-01
-3.519999999999999574e+00 1.388618140027938486e-01
-3.509999999999999787e+00 1.385427682592963450e-01
-3.500000000000000000e+00 1.382991442612399036e-01
-3.490000000000000213e+00 1.381195876498145791e-01
-3.479999999999999538e+00 1.379914270266251186e-01
-3.469999999999999751e+00 1.379010611273759901e-01
-3.459999999999999964e+00 1.378343833036265731e-01
-3.450000000000000178e+00 1.377772314849769475e-01
-3.439999999999999503e+00 1.377158506162407814e-01
-3.429999999999999716e+00 1.376373538659951268e-01
-3.419999999999999929e+00 1.375301687099615422e-01
-3.410000000000000142e+00 1.373844543058926337e-01
-3.399999999999999467e+00 1.371924773731891811e-01
-3.389999999999999680e+00 1.369489350259940341e-01
-3.379999999999999893e+00 1.366512146205556277e-01
-3.370000000000000107e+00 1.362995825899692703e-01
-3.359999999999999432e+00 1.358972963668814704e-01
-3.349999999999999645e+00 1.354506357485357748e-01
-3.339999999999999858e+00 1.349688523511690663e-01
-3.330000000000000071e+00 1.344640380507149402e-01
-3.320000000000000284e+00 1.339509154423532133e-01
-3.309999999999999609e+00 1.334465553137371141e-01
-3.299999999999999822e+00 1.329700278712980521e-01
-3.290000000000000036e+00 1.325419959565009298e-01
-3.280000000000000249e+00 1.321842597243397810e-01
-3.269999999999999574e+00 1.319192632274862054e-01
-3.259999999999999787e+00 1.317695740642488844e-01
-3.250000000000000000e+00 1.317573477217900413e-01
-3.240000000000000213e+00 1.319037884963876472e-01
-3.229999999999999538e+00 1.322286189186674399e-01
-3.219999999999999751e+00 1.327495694697063966e-01
-3.209999999999999964e+00 1.334819000548033152e-01
-3.200000000000000178e+00 1.344379642103289418e-01
-3.189999999999999503e+00 1.356268263536964391e-01
-3.179999999999999716e+00 1.370539415397453720e-01
-3.169999999999999929e+00 1.387209061476350480e-01
-3.160000000000000142e+00 1.406252866786632527e-01
-3.149999999999999467e+00 1.427605323878392007e-01
-3.139999999999999680e+00 1.451159757973378150e-01
-3.129999999999999893e+00 1.476769232549501321e-01
-3.120000000000000107e+00 1.504248356251845498e-01
-3.109999999999999432e+00 1.533375969701391839e-01
-3.099999999999999645e+00 1.563898667435537071e-01
-3.089999999999999858e+00 1.595535086528288293e-01
-3.080000000000000071e+00 1.627980870229967236e-01
-3.070000000000000284e+00 1.660914193175945797e-01
-3.059999999999999609e+00 1.694001715344335968e-01
-3.049999999999999822e+00 1.726904816002952647e-01
-3.040000000000000036e+00 1.759285947324280008e-01
-3.030000000000000249e+00 1.790814940981995118e-01
-3.019999999999999574e+00 1.821175100496307264e-01
-3.009999999999999787e+00 1.850068917734710994e-01
-3.000000000000000000e+00 1.877223263866666381e-01
-2.990000000000000213e+00 1.902393922952188565e-01
-2.979999999999999538e+00 1.925369359616468934e-01
-2.969999999999999751e+00 1.945973640003752503e-01
-2.959999999999999964e+00 1.964068456208611368e-01
-2.950000000000000178e+00 1.979554237220098045e-01
-2.939999999999999503e+00 1.992370362505336834e-01
-2.929999999999999716e+00 2.002494526066661840e-01
-2.919999999999999929e+00 2.009941327534826849e-01
-2.910000000000000142e+00 2.014760191154101321e-01
-2.899999999999999467e+00 2.017032732151551044e-01
-2.889999999999999680e+00 2.016869702055524849e-01
-2.879999999999999893e+00 2.014407649507888864e-01
-2.870000000000000107e+00 2.009805430887979250e-01
-2.859999999999999432e+00 2.003240695949662087e-01
-2.849999999999999645e+00 1.994906458395617754e-01
-2.839999999999999858e+00 1.985007840974716831e-01
-2.830000000000000071e+00 1.973759060690764844e-01
-2.820000000000000284e+00 1.961380693669375619e-01
-2.809999999999999609e+00 1.948097232869488993e-01
-2.799999999999999822e+00 1.934134926871639570e-01
-2.790000000000000036e+00 1.919719866038143152e-01
-2.780000000000000249e+00 1.905076264816543685e-01
-2.769999999999999574e+00 1.890424876935929699e-01
-2.759999999999999787e+00 1.875981474440180929e-01
-2.750000000000000000e+00 1.861955322207218821e-01
-2.740000000000000213e+00 1.848547586678189192e-01
-2.729999999999999538e+00 1.835949630401303434e-01
-2.719999999999999751e+00 1.824341161736156569e-01
-2.709999999999999964e+00 1.813888230402637136e-01
-2.700000000000000178e+00 1.804741082999371249e-01
-2.689999999999999503e+00 1.797031916532782492e-01
-2.679999999999999716e+00 1.790872590735942960e-01
-2.669999999999999929e+00 1.786352379943995095e-01
-2.660000000000000142e+00 1.783535861137189871e-01
-2.649999999999999467e+00 1.782461045336996841e-01
-2.639999999999999680e+00 1.783137864051659860e-01
-2.629999999999999893e+00 1.785547120498818807e-01
-2.620000000000000107e+00 1.789640006864259836e-01
-2.609999999999999432e+00 1.795338274257108346e-01
-2.599999999999999645e+00 1.802535122020462732e-01
-2.589999999999999858e+00 1.811096848684677907e-01
-2.580000000000000071e+00 1.820865279374443979e-01
-2.570000000000000284e+00 1.831660955316270767e-01
-2.559999999999999609e+00 1.843287041715643282e-01
-2.549999999999999822e+00 1.855533882127257117e-01
-2.540000000000000036e+00 1.868184101854692969e-01
-2.530000000000000249e+00 1.881018141023219070e-01
-2.519999999999999574e+00 1.893820080655287952e-01
-2.509999999999999787e+00 1.906383612934562932e-01
-2.500000000000000000e+00 1.918518000150544744e-01
-2.490000000000000213e+00 1.930053865540154179e-01
-2.479999999999999538e+00 1.940848663064171920e-01
-2.469999999999999751e+00 1.950791681505163466e-01
-2.459999999999999964e+00 1.959808450386628376e-01
-2.450000000000000178e+00 1.967864430201582693e-01
-2.439999999999999503e+00 1.974967886360911029e-01
-2.429999999999999716e+00 1.981171864207713629e-01
-2.419999999999999929e+00 1.986575200565926236e-01
-2.410000000000000142e+00 1.991322524925924764e-01
-2.399999999999999467e+00 1.995603220044760706e-01
-2.389999999999999680e+00 1.999649327215291539e-01
-2.379999999999999893e+00 2.003732395742303107e-01
-2.370000000000000107e+00 2.008159289495590472e-01
-2.359999999999999432e+00 2.013266976235167094e-01
-2.349999999999999645e+00 2.019416338322490012e-01
-2.339999999999999858e+00 2.026985057131514001e-01
-2.330000000000000071e+00 2.036359638650714066e-01
-2.320000000000000284e+00 2.047926665038405369e-01
-2.309999999999999609e+00 2.062063376707870543e-01
-2.299999999999999822e+00 2.079127712072861844e-01
-2.290000000000000036e+00 2.099447957252622843e-01
-2.280000000000000249e+00 2.123312185317478284e-01
-2.269999999999999574e+00 2.150957693147695915e-01
-2.259999999999999787e+00 2.182560672375389033e-01
-2.250000000000000000e+00 2.218226377512434455e-01
-2.240000000000000213e+00 2.257980077271123931e-01
-2.229999999999999538e+00 2.301759092099522896e-01
-2.219999999999999751e+00 2.349406229857133044e-01
-2.209999999999999964e+00 2.400664930215690718e-01
-2.200000000000000178e+00 2.455176414907032090e-01
-2.189999999999999503e+00 2.512479113903119399e-01
-2.179999999999999716e+00 2.572010596133771365e-01
-2.169999999999999929e+00 2.633112177279434696e-01
-2.160000000000000142e+00 2.695036307196405634e-01
-2.149999999999999467e+00 2.756956757200594299e-01
-2.139999999999999680e+00 2.817981535196963927e-01
-2.129999999999999893e+00 2.877168357770324980e-01
-2.120000000000000107e+00 2.933542406835952243e-01
-2.109999999999999432e+00 2.986115998813633210e-01
-2.099999999999999645e+00 3.033909701378130763e-01
-2.089999999999999858e+00 3.075974351549469743e-01
-2.080000000000000071e+00 3.111413363881259109e-01
-2.069999999999999396e+00 3.139404672927137430e-01
-2.059999999999999609e+00 3.159221633357360282e-01
-2.049999999999999822e+00 3.170252206364914116e-01
-2.040000000000000036e+00 3.172015793419036278e-01
-2.030000000000000249e+00 3.164177137721095323e-01
-2.019999999999999574e+00 3.146556798227929663e-01
-2.009999999999999787e+00 3.119137807817228270e-01
-2.000000000000000000e+00 3.082068251841871276e-01
-1.990000000000000213e+00 3.035659640704038154e-01
-1.980000000000000426e+00 2.980381094181612789e-01
-1.970000000000000639e+00 2.916849499647923283e-01
-1.959999999999999076e+00 2.845815944566176814e-01
-1.949999999999999289e+00 2.768148849534770584e-01
-1.939999999999999503e+00 2.684814336172466342e-01
-1.929999999999999716e+00 2.596854449674793619e-01
-1.919999999999999929e+00 2.505363915545630316e-01
-1.910000000000000142e+00 2.411466141776745786e-01
-1.900000000000000355e+00 2.316289181023938881e-01
-1.890000000000000568e+00 2.220942342965872007e-01
-1.879999999999999005e+00 2.126494097235110958e-01
-1.869999999999999218e+00 2.033951835462947666e-01
-1.859999999999999432e+00 1.944243971402586646e-01
-1.849999999999999645e+00 1.858204755767385863e-01
-1.839999999999999858e+00 1.776562072656834579e-01
-1.830000000000000071e+00 1.699928372581955838e-01
-1.820000000000000284e+00 1.628794788195718213e-01
-1.810000000000000497e+00 1.563528377384139911e-01
-1.800000000000000711e+00 1.504372348110475655e-01
-1.789999999999999147e+00 1.451449043134951655e-01
-1.779999999999999361e+00 1.404765402254646023e-01
-1.769999999999999574e+00 1.364220575800239310e-01
-1.759999999999999787e+00 1.329615335602199466e-01
-1.750000000000000000e+00 1.300662917459528278e-01
-1.740000000000000213e+00 1.277000930583121474e-01
-1.730000000000000426e+00 1.258203982318401026e-01
-1.720000000000000639e+00 1.243796688166538406e-01
-1.709999999999999076e+00 1.233266765127829095e-01
-1.699999999999999289e+00 1.226077938202660006e-01
-1.689999999999999503e+00 1.221682423294982028e-01
-1.679999999999999716e+00 1.219532782954236977e-01
-1.669999999999999929e+00 1.219092983018457699e-01
-1.660000000000000142e+00 1.219848507437335666e-01
-1.650000000000000355e+00 1.221315414994855186e-01
-1.640000000000000568e+00 1.223048245376843340e-01
-1.629999999999999005e+00 1.224646703434915662e-01
-1.619999999999999218e+00 1.225761070204440389e-01
-1.609999999999999432e+00 1.226096307963710219e-01
-1.599999999999999645e+00 1.225414845082102022e-01
-1.589999999999999858e+00 1.223538045182893386e-01
-1.580000000000000071e+00 1.220346384621020797e-01
-1.570000000000000284e+00 1.215778382564662308e-01
-1.560000000000000497e+00 1.209828348902244749e-01
-1.550000000000000711e+00 1.202543036325597614e-01
-1.539999999999999147e+00 1.194017303578785855e-01
-1.529999999999999361e+00 1.184388916149683169e-01
-1.519999999999999574e+00 1.173832627665794270e-01
-1.509999999999999787e+00 1.162553698987473932e-01
-1.500000000000000000e+00 1.150781021617076905e-01
-1.490000000000000213e+00 1.138760016890778271e-01
-1.480000000000000426e+00 1.126745482072343263e-01
-1.470000000000000639e+00 1.114994548807179409e-01
-1.459999999999999076e+00 1.103759908625018549e-01
-1.449999999999999289e+00 1.093283444821125799e-01
-1.439999999999999503e+00 1.083790390901983453e-01
-1.429999999999999716e+00 1.075484113880422754e-01
-1.419999999999999929e+00 1.068541597224075268e-01
-1.410000000000000142e+00 1.063109674437831831e-01
-1.400000000000000355e+00 1.059302041301342368e-01
-1.390000000000000568e+00 1.057197053770809192e-01
-1.379999999999999005e+00 1.056836300374865284e-01
-1.369999999999999218e+00 1.058223923210389605e-01
-1.359999999999999432e+00 1.061326650698362073e-01
-1.349999999999999645e+00 1.066074498099830736e-01
-1.339999999999999858e+00 1.072362088121510126e-01
-1.330000000000000071e+00 1.080050543194754908e-01
-1.320000000000000284e+00 1.088969902414339552e-01
-1.310000000000000497e+00 1.098922018759659197e-01
-1.299999999999998934e+00 1.109683895120215369e-01
-1.289999999999999147e+00 1.121011419870553694e-01
-1.279999999999999361e+00 1.132643463463180317e-01
-1.269999999999999574e+00 1.144306296095824738e-01
-1.259999999999999787e+00 1.155718282573631739e-01
-1.250000000000000000e+00 1.166594803924587975e-01
-1.240000000000000213e+00 1.176653346336919703e-01
-1.230000000000000426e+00 1.185618687063504928e-01
-1.220000000000000639e+00 1.193228094837197051e-01
-1.209999999999999076e+00 1.199236450030733148e-01
-1.199999999999999289e+00 1.203421178387231311e-01
-1.189999999999999503e+00 1.205586882815850025e-01
-1.179999999999999716e+00 1.205569551639839587e-01
-1.169999999999999929e+00 1.203240219835296915e-01
-1.160000000000000142e+00 1.198507963045600117e-01
-1.150000000000000355e+00 1.191322113067816713e-01
-1.140000000000000568e+00 1.181673598328386865e-01
-1.129999999999999005e+00 1.169595333481703303e-01
-1.119999999999999218e+00 1.155161608190254929e-01
-1.109999999999999432e+00 1.138486455530808295e-01
-1.099999999999999645e+00 1.119721014143342658e-01
-1.089999999999999858e+00 1.099049933752977715e-01
-1.080000000000000071e+00 1.076686909410115578e-01
-1.070000000000000284e+00 1.052869463964181129e-01
-1.060000000000000497e+00 1.027853129158187440e-01
-1.049999999999998934e+00 1.001905201645413579e-01
-1.039999999999999147e+00 9.752982697192566497e-02
-1.029999999999999361e+00 9.483037184287687604e-02
-1.019999999999999574e+00 9.211854242001002446e-02
-1.009999999999999787e+00 8.941938446856380340e-02
-1.000000000000000000e+00 8.675606953539684307e-02
-9.900000000000002132e-01 8.414943818048985225e-02
-9.800000000000004263e-01 8.161763268719071651e-02
-9.700000000000006395e-01 7.917582955799093436e-02
-9.599999999999990763e-01 7.683607806060641088e-02
-9.499999999999992895e-01 7.460724679333746723e-02
-9.399999999999995026e-01 7.249507589189316259e-02
-9.299999999999997158e-01 7.050232830808503270e-02
-9.199999999999999289e-01 6.862902975196893962e-02
-9.100000000000001421e-01 6.687278358256401600e-02
-9.000000000000003553e-01 6.522914430928936080e-02
-8.900000000000005684e-01 6.369203154167263348e-02
-8.799999999999990052e-01 6.225416527152846657e-02
-8.699999999999992184e-01 6.090750331701290377e-02
-8.599999999999994316e-01 5.964366258272386923e-02
-8.499999999999996447e-01 5.845430743085221897e-02
-8.399999999999998579e-01 5.733149081157336291e-02
-8.300000000000000711e-01 5.626793672906986454e-02
-8.200000000000002842e-01 5.525725595999060602e-02
-8.100000000000004974e-01 5.429409051511996376e-02
-7.999999999999989342e-01 5.337418595808693378e-02
-7.899999999999991473e-01 5.249439418698470528e-02
-7.799999999999993605e-01 5.165261247954656965e-02
-7.699999999999995737e-01 5.084766735602448684e-02
-7.599999999999997868e-01 5.007915401105093173e-02
-7.500000000000000000e-01 4.934724362521560048e-02
-7.400000000000002132e-01 4.865247174385183004e-02
-7.300000000000004263e-01 4.799552109639423914e-02
-7.200000000000006395e-01 4.737701175150887956e-02
-7.099999999999990763e-01 4.679731041941194436e-02
-6.999999999999992895e-01 4.625636910823852782e-02
-6.899999999999995026e-01 4.575360132109315692e-02
-6.799999999999997158e-01 4.528780166303453952e-02
-6.699999999999999289e-01 4.485711223761511268e-02
-6.600000000000001421e-01 4.445903667530534675e-02
-6.500000000000003553e-01 4.409050016933863114e-02
-6.400000000000005684e-01 4.374795160487341544e-02
-6.299999999999990052e-01 4.342750184607974129e-02
-6.199999999999992184e-01 4.312509056589461376e-02
-6.099999999999994316e-01 4.283667271830474133e-02
-5.999999999999996447e-01 4.255841489688877433e-02
-5.899999999999998579e-01 4.228689141073380814e-02
-5.800000000000000711e-01 4.201926993698613944e-02
-5.700000000000002842e-01 4.175347705995617609e-02
-5.600000000000004974e-01 4.148833484845032560e-02
-5.499999999999989342e-01 4.122366081358671414e-02
-5.399999999999991473e-01 4.096032507789211519e-02
-5.299999999999993605e-01 4.070026031548042156e-02
-5.199999999999995737e-01 4.044642193015822451e-02
-5.099999999999997868e-01 4.020269795745244623e-02
-5.000000000000000000e-01 3.997377023957648934e-02
-4.900000000000002132e-01 3.976493045978149454e-02
-4.800000000000004263e-01 3.958185656480479875e-02
-4.700000000000006395e-01 3.943035688276724793e-02
-4.599999999999990763e-01 3.931609079300410481e-02
-4.499999999999992895e-01 3.924427606240581123e-02
-4.399999999999995026e-01 3.921939387477228062e-02
-4.299999999999997158e-01 3.924490309906712021e-02
-4.199999999999999289e-01 3.932297543413368346e-02
-4.100000000000001421e-01 3.945426270992770379e-02
-4.000000000000003553e-01 3.963770681309443378e-02
-3.900000000000005684e-01 3.987040144999202951e-02
-3.799999999999990052e-01 4.014751329416975378e-02
-3.699999999999992184e-01 4.046226803819269469e-02
-3.599999999999994316e-01 4.080600455039008756e-02
-3.499999999999996447e-01 4.116829781106683822e-02
-3.399999999999998579e-01 4.153714866914046122e-02
-3.300000000000000711e-01 4.189923582791470202e-02
-3.200000000000002842e-01 4.224022295147593364e-02
-3.100000000000004974e-01 4.254511149398845782e-02
-2.999999999999989342e-01 4.279862789943088275e-02
-2.899999999999991473e-01 4.298563229317053924e-02
-2.799999999999993605e-01 4.309153476560145107e-02
-2.699999999999995737e-01 4.310270488591021187e-02
-2.599999999999997868e-01 4.300686020908953133e-02
-2.500000000000000000e-01 4.279342025183655029e-02
-2.400000000000002132e-01 4.245381368469977601e-02
-2.300000000000004263e-01 4.198172826309976013e-02
-2.200000000000006395e-01 4.137329521824456569e-02
-2.099999999999990763e-01 4.062720234951643777e-02
-1.999999999999992895e-01 3.974473278644095886e-02
-1.899999999999995026e-01 3.872972919571983363e-02
-1.799999999999997158e-01 3.758848596967001576e-02
-1.699999999999999289e-01 3.632957452398512949e-02
-1.600000000000001421e-01 3.496360914331290981e-02
-1.500000000000003553e-01 3.350296274772228411e-02
-1.400000000000005684e-01 3.196144343805318311e-02
-1.299999999999990052e-01 3.035394366429832944e-02
-1.199999999999992184e-01 2.869607432574406217e-02
-1.099999999999994316e-01 2.700379605820103779e-02
-9.999999999999964473e-02 2.529305942097824500e-02
-8.999999999999985789e-02 2.357946471523473392e-02
-8.000000000000007105e-02 2.187795081540996195e-02
-7.000000000000028422e-02 2.020252075964490759e-02
-6.000000000000049738e-02 1.856601001501265863e-02
-4.999999999999893419e-02 1.697990140359922212e-02
-3.999999999999914735e-02 1.545418873852696592e-02
-2.999999999999936051e-02 1.399728936059220150e-02
-1.999999999999957367e-02 1.261600406127142207e-02
-9.999999999999786837e-03 1.131552138757653363e-02
0.000000000000000000e+00 1.009946209405417419e-02
9.999999999999786837e-03 8.969958565824664998e-03
1.999999999999957367e-02 7.927763396083278152e-03
2.999999999999936051e-02 6.972380958498206396e-03
4.000000000000092371e-02 6.102215752200171317e-03
5.000000000000071054e-02 5.314731485898033236e-03
6.000000000000049738e-02 4.606615270678813233e-03
7.000000000000028422e-02 3.973941865053592058e-03
8.000000000000007105e-02 3.412333614580841112e-03
8.999999999999985789e-02 2.917112505445722953e-03
9.999999999999964473e-02 2.483441562187581504e-03
1.099999999999994316e-01 2.106453623774543621e-03
1.200000000000009948e-01 1.781366294192255999e-03
1.300000000000007816e-01 1.503582554705641498e-03
1.400000000000005684e-01 1.268777122798346807e-03
1.500000000000003553e-01 1.072969132163450112e-03
1.600000000000001421e-01 9.125820802186790284e-04
1.699999999999999289e-01 7.844922416790559147e-04
1.799999999999997158e-01 6.860668812442910144e-04
1.899999999999995026e-01 6.151936224368394733e-04
2.000000000000010658e-01 5.703022536940121571e-04
2.100000000000008527e-01 5.503800904673338728e-04
2.200000000000006395e-01 5.549817789567663496e-04
2.300000000000004263e-01 5.842341403918606705e-04
2.400000000000002132e-01 6.388363326922845767e-04
2.500000000000000000e-01 7.200552677589027676e-04
2.599999999999997868e-01 8.297158867184731366e-04
2.699999999999995737e-01 9.701855813105848825e-04
2.799999999999993605e-01 1.144351776072194187e-03
2.900000000000009237e-01 1.355591471152676076e-03
3.000000000000007105e-01 1.607731406447160047e-03
3.100000000000004974e-01 1.904997459545627967e-03
3.200000000000002842e-01 2.251951945684314144e-03
3.300000000000000711e-01 2.653417657280566708e-03
3.399999999999998579e-01 3.114387769613832010e-03
3.499999999999996447e-01 3.639921148885015383e-03
3.599999999999994316e-01 4.235023124743025891e-03
3.700000000000009948e-01 4.904512420624229652e-03
3.800000000000007816e-01 5.652875654350070569e-03
3.900000000000005684e-01 6.484111603864980457e-03
4.000000000000003553e-01 7.401568247489146227e-03
4.100000000000001421e-01 8.407776397230105198e-03
4.199999999999999289e-01 9.504284505138080666e-03
4.299999999999997158e-01 1.069149989065015620e-02
4.399999999999995026e-01 1.196854216430908585e-02
4.500000000000010658e-01 1.333311496436082044e-02
4.600000000000008527e-01 1.478140223575361359e-02
4.700000000000006395e-01 1.630799513118734445e-02
4.800000000000004263e-01 1.790585517614968342e-02
4.900000000000002132e-01 1.956631860197217965e-02
5.000000000000000000e-01 2.127914571517022096e-02
5.099999999999997868e-01 2.303261785634946879e-02
5.199999999999995737e-01 2.481368294334759805e-02
5.299999999999993605e-01 2.660814884326678786e-02
5.400000000000009237e-01 2.840092194411281135e-02
5.500000000000007105e-01 3.017628637910892142e-02
5.600000000000004974e-01 3.191821748484609950e-02
5.700000000000002842e-01 3.361072134246941012e-02
5.800000000000000711e-01 3.523819075305904824e-02
5.899999999999998579e-01 3.678576682236832374e-02
5.999999999999996447e-01 3.823969455304539189e-02
6.099999999999994316e-01 3.958766052480035963e-02
6.200000000000009948e-01 4.081910092416576874e-02
6.300000000000007816e-01 4.192546888061033511e-02
6.400000000000005684e-01 4.290045126338636050e-02
6.500000000000003553e-01 4.374012675509210413e-02
6.600000000000001421e-01 4.444305907903138564e-02
6.699999999999999289e-01 4.501032163025836530e-02
6.799999999999997158e-01 4.544545233795645178e-02
6.899999999999995026e-01 4.575434024933006799e-02
7.000000000000010658e-01 4.594504794543731452e-02
7.100000000000008527e-01 4.602757635056584085e-02
7.200000000000006395e-01 4.601358065954090637e-02
7.300000000000004263e-01 4.591604787680375610e-02
7.400000000000002132e-01 4.574894775268001368e-02
7.500000000000000000e-01 4.552686965671370878e-02
7.599999999999997868e-01 4.526465811461609368e-02
7.699999999999995737e-01 4.497705935378713826e-02
7.799999999999993605e-01 4.467839028197463647e-02
7.900000000000009237e-01 4.438223992179322897e-02
8.000000000000007105e-01 4.410121152213230394e-02
8.100000000000004974e-01 4.384671146671600961e-02
8.200000000000002842e-01 4.362878881419045285e-02
8.300000000000000711e-01 4.345602695353156797e-02
8.399999999999998579e-01 4.333548656343035044e-02
8.499999999999996447e-01 4.327269693787244575e-02
8.599999999999994316e-01 4.327169088288249782e-02
8.700000000000009948e-01 4.333507688414287018e-02
8.800000000000007816e-01 4.346414115331813377e-02
8.900000000000005684e-01 4.365897152006364967e-02
9.000000000000003553e-01 4.391859495983160833e-02
9.100000000000001421e-01 4.424112082340936336e-02
9.199999999999999289e-01 4.462388252872369343e-02
9.299999999999997158e-01 4.506357153499462170e-02
9.399999999999995026e-01 4.555635877357355756e-02
9.500000000000010658e-01 4.609800027611288264e-02
9.600000000000008527e-01 4.668392542839941428e-02
9.700000000000006395e-01 4.730930799289713440e-02
9.800000000000004263e-01 4.796912169103673129e-02
9.900000000000002132e-01 4.865818362840296923e-02
1.000000000000000000e+00 4.937119010117564655e-02
1.009999999999999787e+00 5.010275027071008774e-02
1.019999999999999574e+00 5.084742377907354449e-02
1.029999999999999361e+00 5.159976856169361248e-02
1.040000000000000924e+00 5.235440487154649492e-02
1.050000000000000711e+00 5.310610085859840401e-02
1.060000000000000497e+00 5.384988396373285857e-02
1.070000000000000284e+00 5.458118092248066128e-02
1.080000000000000071e+00 5.529598738347753228e-02
1.089999999999999858e+00 5.599106610008033891e-02
1.099999999999999645e+00 5.666417043704000123e-02
1.109999999999999432e+00 5.731428764680404631e-02
1.120000000000000995e+00 5.794189412120573368e-02
1.130000000000000782e+00 5.854921272950204536e-02
1.140000000000000568e+00 5.914046053025782956e-02
1.150000000000000355e+00 5.972207370655724379e-02
1.160000000000000142e+00 6.030289562715921564e-02
1.169999999999999929e+00 6.089431357227134689e-02
1.179999999999999716e+00 6.151032995419052768e-02
1.189999999999999503e+00 6.216755485856689800e-02
1.200000000000001066e+00 6.288510845148717610e-02
1.210000000000000853e+00 6.368442422921397061e-02
1.220000000000000639e+00 6.458894718570373783e-02
1.230000000000000426e+00 6.562372465793042675e-02
1.240000000000000213e+00 6.681489176704748234e-02
1.250000000000000000e+00 6.818905786011861259e-02
1.259999999999999787e+00 6.977260500162983659e-02
1.269999999999999574e+00 7.159091417475740848e-02
1.279999999999999361e+00 7.366753922471752647e-02
1.290000000000000924e+00 7.602335250112393639e-02
1.300000000000000711e+00 7.867568942852662395e-02
1.310000000000000497e+00 8.163752166416873846e-02
1.320000000000000284e+00 8.491668992374092062e-02
1.330000000000000071e+00 8.851522783749260492e-02
1.339999999999999858e+00 9.242880725022514787e-02
1.349999999999999645e+00 9.664633315794687873e-02
1.359999999999999432e+00 1.011497129933236205e-01
1.370000000000000995e+00 1.059138202996811606e-01
1.380000000000000782e+00 1.109066670935416610e-01
1.390000000000000568e+00 1.160897925863651203e-01
1.400000000000000355e+00 1.214188686431364461e-01
1.410000000000000142e+00 1.268445146646693389e-01
1.419999999999999929e+00 1.323133067873232260e-01
1.429999999999999716e+00 1.377689587109424962e-01
1.439999999999999503e+00 1.431536444092410265e-01
1.450000000000001066e+00 1.484094267515125298e-01
1.460000000000000853e+00 1.534797509497873302e-01
1.470000000000000639e+00 1.583109579814118151e-01
1.480000000000000426e+00 1.628537709119198817e-01
1.490000000000000213e+00 1.670647064841677687e-01
1.500000000000000000e+00 1.709073655054724195e-01
1.509999999999999787e+00 1.743535584413071771e-01
1.519999999999999574e+00 1.773842271258507242e-01
1.529999999999999361e+00 1.799901294712901167e-01
1.540000000000000924e+00 1.821722612821681242e-01
1.550000000000000711e+00 1.839419974891274290e-01
1.560000000000000497e+00 1.853209439995993635e-01
1.570000000000000284e+00 1.863405005875710674e-01
1.580000000000000071e+00 1.870411444671086221e-01
1.589999999999999858e+00 1.874714530768630816e-01
1.599999999999999645e+00 1.876868928277674597e-01
1.609999999999999432e+00 1.877484078493125708e-01
1.620000000000000995e+00 1.877208488712689416e-01
1.630000000000000782e+00 1.876712871101227920e-01
1.640000000000000568e+00 1.876672612632339920e-01
1.650000000000000355e+00 1.877750073791115693e-01
1.660000000000000142e+00 1.880577214587149104e-01
1.669999999999999929e+00 1.885739031954259959e-01
1.679999999999999716e+00 1.893758263754346527e-01
1.689999999999999503e+00 1.905081772734872891e-01
1.700000000000001066e+00 1.920068970633173611e-01
1.710000000000000853e+00 1.938982580150467872e-01
1.720000000000000639e+00 1.961981962875511687e-01
1.730000000000000426e+00 1.989119166648158354e-01
1.740000000000000213e+00 2.020337768555709179e-01
1.750000000000000000e+00 2.055474511939501259e-01
1.759999999999999787e+00 2.094263659548211698e-01
1.769999999999999574e+00 2.136343912265572520e-01
1.779999999999999361e+00 2.181267675459179767e-01
1.790000000000000924e+00 2.228512394558826437e-01
1.800000000000000711e+00 2.277493629396799835e-01
1.810000000000000497e+00 2.327579494342709721e-01
1.820000000000000284e+00 2.378106059336123068e-01
1.830000000000000071e+00 2.428393286327263367e-01
1.839999999999999858e+00 2.477761066895987074e-01
1.849999999999999645e+00 2.525544930186207626e-01
1.859999999999999432e+00 2.571111005735389199e-01
1.870000000000000995e+00 2.613869852962688034e-01
1.880000000000000782e+00 2.653288807350733247e-01
1.890000000000000568e+00 2.688902541732783313e-01
1.900000000000000355e+00 2.720321598265733609e-01
1.910000000000000142e+00 2.747238711000819511e-01
1.919999999999999929e+00 2.769432808534804114e-01
1.929999999999999716e+00 2.786770658864173855e-01
1.939999999999999503e+00 2.799206191911435271e-01
1.950000000000001066e+00 2.806777606769128575e-01
1.960000000000000853e+00 2.809602438009541348e-01
1.970000000000000639e+00 2.807870816004460757e-01
1.980000000000000426e+00 2.801837207834525501e-01
1.990000000000000213e+00 2.791810966069376843e-01
2.000000000000000000e+00 2.778146040877643719e-01
2.009999999999999787e+00 2.761230225461636101e-01
2.019999999999999574e+00 2.741474305129808497e-01
2.030000000000001137e+00 2.719301466437236137e-01
2.040000000000000924e+00 2.695137295370937935e-01
2.050000000000000711e+00 2.669400653768863041e-01
2.060000000000000497e+00 2.642495672841904120e-01
2.070000000000000284e+00 2.614805044115325883e-01
2.080000000000000071e+00 2.586684724015786419e-01
2.089999999999999858e+00 2.558460101671146125e-01
2.099999999999999645e+00 2.530423613362693946e-01
2.109999999999999432e+00 2.502833724550160843e-01
2.120000000000000995e+00 2.475915144376549804e-01
2.130000000000000782e+00 2.449860090618253827e-01
2.140000000000000568e+00 2.424830387274389820e-01
2.150000000000000355e+00 2.400960153904033445e-01
2.160000000000000142e+00 2.378358836270496324e-01
2.169999999999999929e+00 2.357114331974432542e-01
2.179999999999999716e+00 2.337295981964316316e-01
2.189999999999999503e+00 2.318957227825396150e-01
2.200000000000001066e+00 2.302137773667644050e-01
2.210000000000000853e+00 2.286865137848158036e-01
2.220000000000000639e+00 2.273155530886968589e-01
2.230000000000000426e+00 2.261014048764243556e-01
2.240000000000000213e+00 2.250434222273837714e-01
2.250000000000000000e+00 2.241397010335945406e-01
2.259999999999999787e+00 2.233869365518687533e-01
2.269999999999999574e+00 2.227802531307585820e-01
2.280000000000001137e+00 2.223130251279670233e-01
2.290000000000000924e+00 2.219767079322547132e-01
2.300000000000000711e+00 2.217606977121058809e-01
2.310000000000000497e+00 2.216522370748668647e-01
2.320000000000000284e+00 2.216363813442139841e-01
2.330000000000000071e+00 2.216960368185765529e-01
2.339999999999999858e+00 2.218120783736560742e-01
2.349999999999999645e+00 2.219635493669624982e-01
2.359999999999999432e+00 2.221279422575780371e-01
2.370000000000000995e+00 2.222815539377245297e-01
2.380000000000000782e+00 2.223999057368702403e-01
2.390000000000000568e+00 2.224582146270273064e-01
2.400000000000000355e+00 2.224318995099919816e-01
2.410000000000000142e+00 2.222971047316573967e-01
2.419999999999999929e+00 2.220312222145332526e-01
2.429999999999999716e+00 2.216133938353331834e-01
2.439999999999999503e+00 2.210249768480879451e-01
2.450000000000001066e+00 2.202499571580259219e-01
2.460000000000000853e+00 2.192752979343309816e-01
2.470000000000000639e+00 2.180912142224941397e-01
2.480000000000000426e+00 2.166913676689454782e-01
2.490000000000000213e+00 2.150729789837749206e-01
2.500000000000000000e+00 2.132368591301317395e-01
2.509999999999999787e+00 2.111873632501224674e-01
2.519999999999999574e+00 2.089322738578653360e-01
2.530000000000001137e+00 2.064826217338810443e-01
2.540000000000000924e+00 2.038524541727432249e-01
2.550000000000000711e+00 2.010585607509723927e-01
2.560000000000000497e+00 1.981201666287116248e-01
2.570000000000000284e+00 1.950586026578184362e-01
2.580000000000000071e+00 1.918969603614260055e-01
2.589999999999999858e+00 1.886597383260220639e-01
2.599999999999999645e+00 1.853724848744831566e-01
2.609999999999999432e+00 1.820614402393501141e-01
2.620000000000000995e+00 1.787531799929217569e-01
2.630000000000000782e+00 1.754742603556638247e-01
2.640000000000000568e+00 1.722508653054553862e-01
2.650000000000000355e+00 1.691084552146704945e-01
2.660000000000000142e+00 1.660714170707560666e-01
2.669999999999999929e+00 1.631627171614126737e-01
2.679999999999999716e+00 1.604035583538227228e-01
2.689999999999999503e+00 1.578130456539093285e-01
2.700000000000001066e+00 1.554078654494696343e-01
2.710000000000000853e+00 1.532019855524216767e-01
2.720000000000000639e+00 1.512063846846229409e-01
2.730000000000000426e+00 1.494288212289699436e-01
2.740000000000000213e+00 1.478736517422314101e-01
2.750000000000000000e+00 1.465417097794707024e-01
2.759999999999999787e+00 1.454302549345702911e-01
2.769999999999999574e+00 1.445330006285052704e-01
2.780000000000001137e+00 1.438402270997817811e-01
2.790000000000000924e+00 1.433389833446654937e-01
2.800000000000000711e+00 1.430133785407101676e-01
2.810000000000000497e+00 1.428449599277119009e-01
2.820000000000000284e+00 1.428131704067878704e-01
2.830000000000000071e+00 1.428958754585990532e-01
2.839999999999999858e+00 1.430699455861902392e-01
2.849999999999999645e+00 1.433118775555446978e-01
2.859999999999999432e+00 1.435984354122839535e-01
2.870000000000000995e+00 1.439072907347544172e-01
2.880000000000000782e+00 1.442176409363933043e-01
2.890000000000000568e+00 1.445107846982667255e-01
2.900000000000000355e+00 1.447706347887786626e-01
2.910000000000000142e+00 1.449841505544062215e-01
2.919999999999999929e+00 1.451416751404216166e-01
2.929999999999999716e+00 1.452371658840969082e-01
2.939999999999999503e+00 1.452683101476310856e-01
2.950000000000001066e+00 1.452365229407018843e-01
2.960000000000000853e+00 1.451468268354044189e-01
2.970000000000000639e+00 1.450076187185391774e-01
2.980000000000000426e+00 1.448303316937047946e-01
2.990000000000000213e+00 1.446290037992469524e-01
3.000000000000000000e+00 1.444197680391194616e-01
3.009999999999999787e+00 1.442202804569628904e-01
3.019999999999999574e+00 1.440491045778550805e-01
3.030000000000001137e+00 1.439250714876841863e-01
3.040000000000000924e+00 1.438666351350280093e-01
3.050000000000000711e+00 1.438912421649516937e-01
3.060000000000000497e+00 1.440147347840913805e-01
3.070000000000000284e+00 1.442508038767794654e-01
3.080000000000000071e+00 1.446105079108903346e-01
3.089999999999999858e+00 1.451018711558982599e-01
3.099999999999999645e+00 1.457295724453551711e-01
3.109999999999999432e+00 1.464947332056373286e-01
3.120000000000000995e+00 1.473948107892797121e-01
3.130000000000000782e+00 1.484236003359149514e-01
3.140000000000000568e+00 1.495713454754440397e-01
3.150000000000000355e+00 1.508249552261197168e-01
3.160000000000000142e+00 1.521683214689916464e-01
3.169999999999999929e+00 1.535827284520303593e-01
3.179999999999999716e+00 1.550473429553485549e-01
3.189999999999999503e+00 1.565397711082773813e-01
3.200000000000001066e+00 1.580366654759479683e-01
3.210000000000000853e+00 1.595143640226918680e-01
3.220000000000000639e+00 1.609495410117902647e-01
3.230000000000000426e+00 1.623198489142913814e-01
3.240000000000000213e+00 1.636045300637476996e-01
3.250000000000000000e+00 1.647849771824141940e-01
3.259999999999999787e+00 1.658452230672654570e-01
3.269999999999999574e+00 1.667723416795385549e-01
3.280000000000001137e+00 1.675567456109790521e-01
3.290000000000000924e+00 1.681923683447519302e-01
3.300000000000000711e+00 1.686767237887657200e-01
3.310000000000000497e+00 1.690108400938390709e-01
3.320000000000000284e+00 1.691990696034993413e-01
3.330000000000000071e+00 1.692487817132296846e-01
3.339999999999999858e+00 1.691699502237282993e-01
3.349999999999999645e+00 1.689746512278697266e-01
3.359999999999999432e+00 1.686764914535804905e-01
3.370000000000000995e+00 1.682899900930596437e-01
3.380000000000000782e+00 1.678299393126547745e-01
3.390000000000000568e+00 1.673107697297265273e-01
3.400000000000000355e+00 1.667459470866571869e-01
3.410000000000000142e+00 1.661474251283549530e-01
3.419999999999999929e+00 1.655251773381856695e-01
3.429999999999999716e+00 1.648868268065597220e-01
3.439999999999999503e+00 1.642373892486218567e-01
3.450000000000001066e+00 1.635791392508708642e-01
3.460000000000000853e+00 1.629116044448783440e-01
3.470000000000000639e+00 1.622316867362780524e-01
3.480000000000000426e+00 1.615339042245115264e-01
3.490000000000000213e+00 1.608107422935969311e-01
3.500000000000000000e+00 1.600530977771273400e-01
3.509999999999999787e+00 1.592507963102256230e-01
3.519999999999999574e+00 1.583931601427623626e-01
3.530000000000001137e+00 1.574696019161420379e-01
3.540000000000000924e+00 1.564702192586266416e-01
3.550000000000000711e+00 1.553863655318200032e-01
3.560000000000000497e+00 1.542111736076143269e-01
3.570000000000000284e+00 1.529400120630124427e-01
3.580000000000000071e+00 1.515708564981528839e-01
3.589999999999999858e+00 1.501045626246202136e-01
3.599999999999999645e+00 1.485450321278387886e-01
3.609999999999999432e+00 1.468992668594594764e-01
3.620000000000000995e+00 1.451773114452232782e-01
3.630000000000000782e+00 1.433920886962324337e-01
3.640000000000000568e+00 1.415591361059046482e-01
3.650000000000000355e+00 1.396962550522659052e-01
3.660000000000000142e+00 1.378230869947785764e-01
3.669999999999999929e+00 1.359606328873057268e-01
3.679999999999999716e+00 1.341307331968697725e-01
3.689999999999999503e+00 1.323555263346104516e-01
3.700000000000001066e+00 1.306569030197820280e-01
3.710000000000000853e+00 1.290559731885097816e-01
3.720000000000000639e+00 1.275725606273472867e-01
3.730000000000000426e+00 1.262247386724191234e-01
3.740000000000000213e+00 1.250284181885920609e-01
3.750000000000000000e+00 1.239969967479610108e-01
3.759999999999999787e+00 1.231410755720585559e-01
3.769999999999999574e+00 1.224682484822951917e-01
3.780000000000001137e+00 1.219829648948761447e-01
3.790000000000000924e+00 1.216864668568054531e-01
3.800000000000000711e+00 1.215767982860114504e-01
3.810000000000000497e+00 1.216488829707815245e-01
3.820000000000000284e+00 1.218946665065160084e-01
3.830000000000000071e+00 1.223033161954465986e-01
3.839999999999999858e+00 1.228614719950068546e-01
3.849999999999999645e+00 1.235535408581873024e-01
3.859999999999999432e+00 1.243620262508279006e-01
3.870000000000000995e+00 1.252678842465702047e-01
3.880000000000000782e+00 1.262508973855671068e-01
3.890000000000000568e+00 1.272900574389609352e-01
3.900000000000000355e+00 1.283639483529449565e-01
3.910000000000000142e+00 1.294511209616756586e-01
3.919999999999999929e+00 1.305304515646744101e-01
3.929999999999999716e+00 1.315814771652956128e-01
3.939999999999999503e+00 1.325847010592396402e-01
3.950000000000001066e+00 1.335218635333754456e-01
3.960000000000000853e+00 1.343761736614997038e-01
3.970000000000000639e+00 1.351324995292747522e-01
3.980000000000000426e+00 1.357775156381897941e-01
3.990000000000000213e+00 1.362998076711657014e-01
4.000000000000000000e+00 1.366899361870055341e-01
4.009999999999999787e+00 1.369404620814597129e-01
4.019999999999999574e+00 1.370459377455856553e-01
4.030000000000001137e+00 1.370028687107583965e-01
4.040000000000000924e+00 1.368096511493260004e-01
4.050000000000000711e+00 1.364664908714452729e-01
4.060000000000000497e+00 1.359753094117854000e-01
4.070000000000000284e+00 1.353396424446330903e-01
4.080000000000000071e+00 1.345645351330178041e-01
4.089999999999999858e+00 1.336564381563189186e-01
4.099999999999999645e+00 1.326231071368271786e-01
4.109999999999999432e+00 1.314735070758523139e-01
4.120000000000000995e+00 1.302177222972445980e-01
4.130000000000000782e+00 1.288668713637449170e-01
4.140000000000000568e+00 1.274330255563799197e-01
4.150000000000000355e+00 1.259291288541452558e-01
4.160000000000000142e+00 1.243689169682362650e-01
4.169999999999999929e+00 1.227668328988036489e-01
4.179999999999999716e+00 1.211379366957183179e-01
4.189999999999999503e+00 1.194978075969544140e-01
4.200000000000001066e+00 1.178624374445318285e-01
4.210000000000000853e+00 1.162481151737590063e-01
4.220000000000000639e+00 1.146713031561551743e-01
4.230000000000000426e+00 1.131485071592791686e-01
4.240000000000000213e+00 1.116961425737583585e-01
4.250000000000000000e+00 1.103304002591778965e-01
4.259999999999999787e+00 1.090671157973554795e-01
4.269999999999999574e+00 1.079216460530429134e-01
4.280000000000001137e+00 1.069087566909576181e-01
4.290000000000000924e+00 1.060425236746684458e-01
4.300000000000000711e+00 1.053362507977330942e-01
4.310000000000000497e+00 1.048024040214210195e-01
4.320000000000000284e+00 1.044525618955114421e-01
4.330000000000000071e+00 1.042973797225083821e-01
4.339999999999999858e+00 1.043465635127987373e-01
4.349999999999999645e+00 1.046088483009301739e-01
4.359999999999999432e+00 1.050919741849989375e-01
4.370000000000000995e+00 1.058026526378060550e-01
4.380000000000000782e+00 1.067465153281129675e-01
4.390000000000000568e+00 1.079280379646676280e-01
4.400000000000000355e+00 1.093504325822216849e-01
4.410000000000000142e+00 1.110155032352153626e-01
4.419999999999999929e+00 1.129234622155664003e-01
4.429999999999999716e+00 1.150727065865415205e-01
4.439999999999999503e+00 1.174595579037423232e-01
4.450000000000001066e+00 1.200779713189131792e-01
4.460000000000000853e+00 1.229192236458564319e-01
4.470000000000000639e+00 1.259715932048004472e-01
4.480000000000000426e+00 1.292200471397530470e-01
4.490000000000000213e+00 1.326459542164413197e-01
4.500000000000000000e+00 1.362268426691674306e-01
4.509999999999999787e+00 1.399362233178461090e-01
4.519999999999999574e+00 1.437434978089102144e-01
4.530000000000001137e+00 1.476139703846626461e-01
4.540000000000000924e+00 1.515089790517641921e-01
4.550000000000000711e+00 1.553861584581975874e-01
4.560000000000000497e+00 1.591998423162059861e-01
4.570000000000000284e+00 1.629016079987994914e-01
4.580000000000000071e+00 1.664409602091708740e-01
4.589999999999999858e+00 1.697661446322279444e-01
4.599999999999999645e+00 1.728250765051981830e-01
4.609999999999999432e+00 1.755663633781885113e-01
4.620000000000000995e+00 1.779403962569280351e-01
4.630000000000000782e+00 1.799004790875208815e-01
4.640000000000000568e+00 1.814039633791076911e-01
4.650000000000000355e+00 1.824133528382512470e-01
4.660000000000000142e+00 1.828973423237949536e-01
4.669999999999999929e+00 1.828317562734924628e-01
4.679999999999999716e+00 1.822003539875697298e-01
4.689999999999999503e+00 1.809954726973827255e-01
4.700000000000001066e+00 1.792184840563274539e-01
4.710000000000000853e+00 1.768800453691142249e-01
4.720000000000000639e+00 1.740001332862909922e-01
4.730000000000000426e+00 1.706078545661976476e-01
4.740000000000000213e+00 1.667410355638341835e-01
4.750000000000000000e+00 1.624455990622841184e-01
4.759999999999999787e+00 1.577747436473737608e-01
4.769999999999999574e+00 1.527879467960479853e-01
4.780000000000001137e+00 1.475498179958787681e-01
4.790000000000000924e+00 1.421288323741374260e-01
4.800000000000000711e+00 1.365959783766818036e-01
4.810000000000000497e+00 1.310233549383577611e-01
4.820000000000000284e+00 1.254827543175142113e-01
4.830000000000000071e+00 1.200442663653008141e-01
4.839999999999999858e+00 1.147749385449576554e-01
4.849999999999999645e+00 1.097375236208402299e-01
4.859999999999999432e+00 1.049893437402219520e-01
4.870000000000000995e+00 1.005812957877060543e-01
4.880000000000000782e+00 9.655701856389603543e-02
4.890000000000000568e+00 9.295223768672308817e-02
4.900000000000000355e+00 8.979429928679218131e-02
4.910000000000000142e+00 8.710189870421156111e-02
4.919999999999999929e+00 8.488500561292317004e-02
4.929999999999999716e+00 8.314498239918230449e-02
4.939999999999999503e+00 8.187488828385644513e-02
4.950000000000001066e+00 8.105995766614804143e-02
4.960000000000000853e+00 8.067823752684302741e-02
4.970000000000000639e+00 8.070136549859271979e-02
4.980000000000000426e+00 8.109546741800593983e-02
4.990000000000000213e+00 8.182215084460572885e-02
5.000000000000000000e+00 8.283956918939044956e-02
5.009999999999999787e+00 8.410352976638232891e-02
5.019999999999999574e+00 8.556861829161865884e-02
5.030000000000001137e+00 8.718931213425543114e-02
5.040000000000000924e+00 8.892105500178451583e-02
5.050000000000000711e+00 9.072126673991101620e-02
5.060000000000000497e+00 9.255026356354749406e-02
5.070000000000000284e+00 9.437206631243644228e-02
5.080000000000000071e+00 9.615507722985444650e-02
5.089999999999999858e+00 9.787260926143170892e-02
5.099999999999999645e+00 9.950325590482189675e-02
5.109999999999999432e+00 1.010310941252182126e-01
5.120000000000000995e+00 1.024457176757069266e-01
5.130000000000000782e+00 1.037421031897704377e-01
5.140000000000000568e+00 1.049203164894931956e-01
5.150000000000000355e+00 1.059850715051812164e-01
5.160000000000000142e+00 1.069451588496549976e-01
5.169999999999999929e+00 1.078127652525554259e-01
5.179999999999999716e+00 1.086027085645244888e-01
5.189999999999999503e+00 1.093316157339585815e-01
5.200000000000001066e+00 1.100170729129200942e-01
5.210000000000000853e+00 1.106767775712065305e-01
5.220000000000000639e+00 1.113277221371605508e-01
5.230000000000000426e+00 1.119854372347408034e-01
5.240000000000000213e+00 1.126633200905438892e-01
5.250000000000000000e+00 1.133720702309408968e-01
5.259999999999999787e+00 1.141192503115988077e-01
5.269999999999999574e+00 1.149089849914312622e-01
5.280000000000001137e+00 1.157418053835864852e-01
5.290000000000000924e+00 1.166146410121148835e-01
5.300000000000000711e+00 1.175209556099943708e-01
5.310000000000000497e+00 1.184510177471281012e-01
5.320000000000000284e+00 1.193922923986083517e-01
5.330000000000000071e+00 1.203299353538010708e-01
5.339999999999999858e+00 1.212473689928673659e-01
5.349999999999999645e+00 1.221269155457841427e-01
5.359999999999999432e+00 1.229504625799436035e-01
5.370000000000000995e+00 1.237001351663992443e-01
5.380000000000000782e+00 1.243589499316577335e-01
5.390000000000000568e+00 1.249114279427910035e-01
5.400000000000000355e+00 1.253441459854015561e-01
5.410000000000000142e+00 1.256462091256974611e-01
5.419999999999999929e+00 1.258096313192421101e-01
5.429999999999999716e+00 1.258296150398361679e-01
5.439999999999999503e+00 1.257047252433600992e-01
5.450000000000001066e+00 1.254369572459396731e-01
5.460000000000000853e+00 1.250317020885142183e-01
5.470000000000000639e+00 1.244976165078708341e-01
5.480000000000000426e+00 1.238464075949834708e-01
5.490000000000000213e+00 1.230925444896441290e-01
5.500000000000000000e+00 1.222529109720747464e-01
5.509999999999999787e+00 1.213464135474341121e-01
5.519999999999999574e+00 1.203935596014418241e-01
5.530000000000001137e+00 1.194160194992582857e-01
5.540000000000000924e+00 1.184361852058807285e-01
5.550000000000000711e+00 1.174767362544464344e-01
5.560000000000000497e+00 1.165602218294801984e-01
5.570000000000000284e+00 1.157086655268183828e-01
5.580000000000000071e+00 1.149431971630538729e-01
5.589999999999999858e+00 1.142837139877599939e-01
5.599999999999999645e+00 1.137485719352698821e-01
5.610000000000001208e+00 1.133543062456569134e-01
5.620000000000000995e+00 1.131153799587711062e-01
5.630000000000000782e+00 1.130439584739210412e-01
5.640000000000000568e+00 1.131497085634414479e-01
5.650000000000000355e+00 1.134396208831474628e-01
5.660000000000000142e+00 1.139178560519739924e-01
5.669999999999999929e+00 1.145856156613615090e-01
5.679999999999999716e+00 1.154410409837509782e-01
5.689999999999999503e+00 1.164791435272719416e-01
5.700000000000001066e+00 1.176917727764006383e-01
5.710000000000000853e+00 1.190676273208813030e-01
5.720000000000000639e+00 1.205923159820215529e-01
5.730000000000000426e+00 1.222484754002897134e-01
5.740000000000000213e+00 1.240159497918243148e-01
5.750000000000000000e+00 1.258720371974056118e-01
5.759999999999999787e+00 1.277918045643725853e-01
5.769999999999999574e+00 1.297484714935582817e-01
5.780000000000001137e+00 1.317138595648539301e-01
5.790000000000000924e+00 1.336589009771389780e-01
5.800000000000000711e+00 1.355541969783797263e-01
5.810000000000000497e+00 1.373706134129949463e-01
5.820000000000000284e+00 1.390798978736182134e-01
5.830000000000000071e+00 1.406553006022611685e-01
5.839999999999999858e+00 1.420721796104229551e-01
5.849999999999999645e+00 1.433085696163287071e-01
5.860000000000001208e+00 1.443456944271086506e-01
5.870000000000000995e+00 1.451684033739142343e-01
5.880000000000000782e+00 1.457655143369575024e-01
5.890000000000000568e+00 1.461300487212623955e-01
5.900000000000000355e+00 1.462593473585286907e-01
5.910000000000000142e+00 1.461550605670161318e-01
5.919999999999999929e+00 1.458230103137473366e-01
5.929999999999999716e+00 1.452729273783947006e-01
5.939999999999999503e+00 1.445180713869430589e-01
5.950000000000001066e+00 1.435747463330584173e-01
5.960000000000000853e+00 1.424617285122324883e-01
5.970000000000000639e+00 1.411996274548548702e-01
5.980000000000000426e+00 1.398102032868344669e-01
5.990000000000000213e+00 1.383156658370073844e-01
6.000000000000000000e+00 1.367379816616408617e-01
6.010000000000001563e+00 1.350982149293277201e-01
6.019999999999999574e+00 1.334159268160333145e-01
6.030000000000001137e+00 1.317086557599354002e-01
6.039999999999999147e+00 1.299914977232172197e-01
6.050000000000000711e+00 1.282768016452080218e-01
6.059999999999998721e+00 1.265739907205908621e-01
6.070000000000000284e+00 1.248895151909667489e-01
6.080000000000001847e+00 1.232269372028302057e-01
6.089999999999999858e+00 1.215871431664819757e-01
6.100000000000001421e+00 1.199686741481954949e-01
6.109999999999999432e+00 1.183681603261404064e-01
6.120000000000000995e+00 1.167808416011857642e-01
6.129999999999999005e+00 1.152011532114681491e-01
6.140000000000000568e+00 1.136233527580395863e-01
6.149999999999998579e+00 1.120421634788771326e-01
6.160000000000000142e+00 1.104534079473419861e-01
6.170000000000001705e+00 1.088546066241383170e-01
6.179999999999999716e+00 1.072455168338517228e-01
6.190000000000001279e+00 1.056285897162375920e-01
6.199999999999999289e+00 1.040093254427415792e-01
6.210000000000000853e+00 1.023965103946043870e-01
6.219999999999998863e+00 1.008023239586622322e-01
6.230000000000000426e+00 9.924230698629452063e-02
6.240000000000001990e+00 9.773518864678387708e-02
6.250000000000000000e+00 9.630257324928291618e-02
6.260000000000001563e+00 9.496849346532541813e-02
6.269999999999999574e+00 9.375884111330209936e-02
6.280000000000001137e+00 9.270069112640205722e-02
6.289999999999999147e+00 9.182153837951140263e-02
6.300000000000000711e+00 9.114847056861197228e-02
6.309999999999998721e+00 9.070730319857964186e-02
6.320000000000000284e+00 9.052170483499152875e-02
6.330000000000001847e+00 9.061234202225709744e-02
6.339999999999999858e+00 9.099607359359548897e-02
6.350000000000001421e+00 9.168522345136201346e-02
6.359999999999999432e+00 9.268695925931730306e-02
6.370000000000000995e+00 9.400280187232357143e-02
6.379999999999999005e+00 9.562828677697744750e-02
6.390000000000000568e+00 9.755279440653799594e-02
6.399999999999998579e+00 9.975956103729091695e-02
6.410000000000000142e+00 1.022258762169414581e-01
6.420000000000001705e+00 1.049234664949937612e-01
6.429999999999999716e+00 1.078190588232159769e-01
6.440000000000001279e+00 1.108751105941216952e-01
6.449999999999999289e+00 1.140506871227999208e-01
6.460000000000000853e+00 1.173024616921499175e-01
6.469999999999998863e+00 1.205858083073092502e-01
6.480000000000000426e+00 1.238559532596459345e-01
6.490000000000001990e+00 1.270691486748821153e-01
6.500000000000000000e+00 1.301838295686129077e-01
6.510000000000001563e+00 1.331617156648287614e-01
6.519999999999999574e+00 1.359688204061670069e-01
6.530000000000001137e+00 1.385763321979228135e-01
6.539999999999999147e+00 1.409613369204207878e-01
6.550000000000000711e+00 1.431073559954300078e-01
6.559999999999998721e+00 1.450046806234699670e-01
6.570000000000000284e+00 1.466504899907214721e-01
6.580000000000001847e+00 1.480487490040833243e-01
6.589999999999999858e+00 1.492098891463788102e-01
6.600000000000001421e+00 1.501502840269686168e-01
6.609999999999999432e+00 1.508915388075550701e-01
6.620000000000000995e+00 1.514596195900388964e-01
6.629999999999999005e+00 1.518838547690159468e-01
6.640000000000000568e+00 1.521958450209241476e-01
6.649999999999998579e+00 1.524283218212890700e-01
6.660000000000000142e+00 1.526139960091466852e-01
6.670000000000001705e+00 1.527844378808560499e-01
6.679999999999999716e+00 1.529690285950955908e-01
6.690000000000001279e+00 1.531940193820152118e-01
6.699999999999999289e+00 1.534817303188352189e-01
6.710000000000000853e+00 1.538499144730220702e-01
6.719999999999998863e+00 1.543113062889450715e-01
6.730000000000000426e+00 1.548733655134277298e-01
6.740000000000001990e+00 1.555382200561072348e-01
6.750000000000000000e+00 1.563028033094314151e-01
6.760000000000001563e+00 1.571591739519987430e-01
6.769999999999999574e+00 1.580949994469157405e-01
6.780000000000001137e+00 1.590941786051549012e-01
6.789999999999999147e+00 1.601375739425526246e-01
6.800000000000000711e+00 1.612038212865126163e-01
6.809999999999998721e+00 1.622701822841930430e-01
6.820000000000000284e+00 1.633134051556159871e-01
6.830000000000001847e+00 1.643105601788896752e-01
6.839999999999999858e+00 1.652398188801523782e-01
6.850000000000001421e+00 1.660811495586805298e-01
6.859999999999999432e+00 1.668169063912003369e-01
6.870000000000000995e+00 1.674322946779023547e-01
6.879999999999999005e+00 1.679157005455855223e-01
6.890000000000000568e+00 1.682588793361343704e-01
6.899999999999998579e+00 1.684570027166751860e-01
6.910000000000000142e+00 1.685085700103076678e-01
6.920000000000001705e+00 1.684151941565390498e-01
6.929999999999999716e+00 1.681812769042421163e-01
6.940000000000001279e+00 1.678135912002165497e-01
6.949999999999999289e+00 1.673207911954042448e-01
6.960000000000000853e+00 1.667128718281022381e-01
6.969999999999998863e+00 1.660006005819172903e-01
6.980000000000000426e+00 1.651949438150499549e-01
6.990000000000001990e+00 1.643065091046080339e-01
7.000000000000000000e+00 1.633450234523050881e-01
7.010000000000001563e+00 1.623188650740581829e-01
7.019999999999999574e+00 1.612346639659106295e-01
7.030000000000001137e+00 1.600969836181017625e-01
7.039999999999999147e+00 1.589080932440088967e-01
7.050000000000000711e+00 1.576678367940272107e-01
7.059999999999998721e+00 1.563736019150657186e-01
7.070000000000000284e+00 1.550203889591487416e-01
7.080000000000001847e+00 1.536009771930326173e-01
7.089999999999999858e+00 1.521061825592024963e-01
7.100000000000001421e+00 1.505251987263933611e-01
7.109999999999999432e+00 1.488460107819851719e-01
7.120000000000000995e+00 1.470558687970739131e-01
7.129999999999999005e+00 1.451418066779979199e-01
7.140000000000000568e+00 1.430911902484874321e-01
7.150000000000002132e+00 1.408922774294576463e-01
7.160000000000000142e+00 1.385347727431839870e-01
7.170000000000001705e+00 1.360103582062530125e-01
7.179999999999999716e+00 1.333131830244915217e-01
7.190000000000001279e+00 1.304402953843886714e-01
7.199999999999999289e+00 1.273920010548191262e-01
7.210000000000000853e+00 1.241721354558844442e-01
7.219999999999998863e+00 1.207882382828228129e-01
7.230000000000000426e+00 1.172516226334024136e-01
7.240000000000001990e+00 1.135773337966691776e-01
7.250000000000000000e+00 1.097839963186442724e-01
7.260000000000001563e+00 1.058935515502205660e-01
7.269999999999999574e+00 1.019308914762718232e-01
7.280000000000001137e+00 9.792339808991917804e-02
7.289999999999999147e+00 9.390040078044170624e-02
7.300000000000000711e+00 8.989256702304584956e-02
7.309999999999998721e+00 8.593124398352150473e-02
7.320000000000000284e+00 8.204777038885670282e-02
7.330000000000001847e+00 7.827277909818508572e-02
7.339999999999999858e+00 7.463551119438176229e-02
7.350000000000001421e+00 7.116316209078615840e-02
7.359999999999999432e+00 6.788027912268951303e-02
7.370000000000000995e+00 6.480822840882344282e-02
7.379999999999999005e+00 6.196474648788106998e-02
7.390000000000000568e+00 5.936358944339599486e-02
7.400000000000002132e+00 5.701428902906720275e-02
7.410000000000000142e+00 5.492202181012263706e-02
7.420000000000001705e+00 5.308759366780717304e-02
7.429999999999999716e+00 5.150753830050492504e-02
7.440000000000001279e+00 5.017432472332182536e-02
7.449999999999999289e+00 4.907666534102332612e-02
7.460000000000000853e+00 4.819991306186778568e-02
7.469999999999998863e+00 4.752653323600512791e-02
7.480000000000000426e+00 4.703663403109969304e-02
7.490000000000001990e+00 4.670853727233070796e-02
7.500000000000000000e+00 4.651937082699379028e-02
7.510000000000001563e+00 4.644566333742794484e-02
7.519999999999999574e+00 4.646392250873286611e-02
7.530000000000001137e+00 4.655117922466069091e-02
7.539999999999999147e+00 4.668548145681837569e-02
7.550000000000000711e+00 4.684632418576208102e-02
7.559999999999998721e+00 4.701500428216347227e-02
7.570000000000000284e+00 4.717489239641901866e-02
7.580000000000001847e+00 4.731161725367866167e-02
7.589999999999999858e+00 4.741316121394203997e-02
7.600000000000001421e+00 4.746986939235964265e-02
7.609999999999999432e+00 4.747437790108192945e-02
7.620000000000000995e+00 4.742146973439004959e-02
7.629999999999999005e+00 4.730786934900912261e-02
7.640000000000000568e+00 4.713198898546253762e-02
7.650000000000002132e+00 4.689364115210910289e-02
7.660000000000000142e+00 4.659373239776359865e-02
7.670000000000001705e+00 4.623395351000393616e-02
7.679999999999999716e+00 4.581648060625286012e-02
7.690000000000001279e+00 4.534370027844582263e-02
7.699999999999999289e+00 4.481797008555045425e-02
7.710000000000000853e+00 4.424142336444955581e-02
7.719999999999998863e+00 4.361582467347853431e-02
7.730000000000000426e+00 4.294247933373222803e-02
7.740000000000001990e+00 4.222219763791472402e-02
7.750000000000000000e+00 4.145531150082731875e-02
7.760000000000001563e+00 4.064173876665297391e-02
7.769999999999999574e+00 3.978108818680026193e-02
7.780000000000001137e+00 3.887279633648847710e-02
7.789999999999999147e+00 3.791628651937410666e-02
7.800000000000000711e+00 3.691113905751985252e-02
7.809999999999998721e+00 3.585726228732995235e-02
7.820000000000000284e+00 3.475505405777257195e-02
7.830000000000001847e+00 3.360554450374991786e-02
7.839999999999999858e+00 3.241051226851902889e-02
7.850000000000001421e+00 3.117256807919817352e-02
7.859999999999999432e+00 2.989520153019156051e-02
7.870000000000000995e+00 2.858278898634901422e-02
7.879999999999999005e+00 2.724056256717846680e-02
7.890000000000000568e+00 2.587454210880676952e-02
7.900000000000002132e+00 2.449143372800709206e-02
7.910000000000000142e+00 2.309850005597871916e-02
7.920000000000001705e+00 2.170340831293957745e-02
7.929999999999999716e+00 2.031406312440015710e-02
7.940000000000001279e+00 1.893843132534252238e-02
7.949999999999999289e+00 1.758436597015530789e-02
7.960000000000000853e+00 1.625943639391026416e-02
7.969999999999998863e+00 1.497077050047790348e-02
7.980000000000000426e+00 1.372491454296870944e-02
7.990000000000001990e+00 1.252771457793794285e-02
8.000000000000000000e+00 1.138422258569168205e-02
8.010000000000001563e+00 1.029862902321668737e-02
8.019999999999999574e+00 9.274222377297972747e-03
8.030000000000001137e+00 8.313375169211052740e-03
8.039999999999999147e+00 7.417554874910099912e-03
8.050000000000000711e+00 6.587357400151166824e-03
8.059999999999998721e+00 5.822560110763543365e-03
8.070000000000000284e+00 5.122190974375058492e-03
8.080000000000001847e+00 4.484610120353994984e-03
8.089999999999999858e+00 3.907600058637054202e-03
8.100000000000001421e+00 3.388460896694088162e-03
8.109999999999999432e+00 2.924107132294919385e-03
8.120000000000000995e+00 2.511162949356993135e-03
8.129999999999999005e+00 2.146053374566085810e-03
8.140000000000000568e+00 1.825089133325471548e-03
8.150000000000002132e+00 1.544543546355669258e-03
8.160000000000000142e+00 1.300720307316062790e-03
8.170000000000001705e+00 1.090011455531816149e-03
8.179999999999999716e+00 9.089452891023774329e-04
8.190000000000001279e+00 7.542243398889030004e-04
8.199999999999999289e+00 6.227538452969051501e-04
8.210000000000000853e+00 5.116613988181669195e-04
8.219999999999998863e+00 4.183086421986937937e-04
8.230000000000000426e+00 3.402959801677984410e-04
8.240000000000001990e+00 2.754613596433463105e-04
8.250000000000000000e+00 2.218741666275320817e-04
8.260000000000001563e+00 1.778252640547825145e-04
8.269999999999999574e+00 1.418141314481691706e-04
8.280000000000001137e+00 1.125339810528859302e-04
8.289999999999999147e+00 8.885562326237553634e-05
8.300000000000000711e+00 6.981074389096873247e-05
8.309999999999998721e+00 5.457514338599518032e-05
8.320000000000000284e+00 4.245237846203523606e-05
8.330000000000001847e+00 3.285814376609038463e-05
8.339999999999999858e+00 2.530563780735636375e-05
8.350000000000001421e+00 1.939207525655229199e-05
8.359999999999999432e+00 1.478643769816206933e-05
8.370000000000000995e+00 1.121849713425019004e-05
8.379999999999999005e+00 8.469100545613860565e-06
8.390000000000000568e+00 6.361668747055112023e-06
8.400000000000002132e+00 4.754837479260140646e-06
8.410000000000000142e+00 3.536151850021682936e-06
8.420000000000001705e+00 2.616715504453015446e-06
8.429999999999999716e+00 1.926691920890472217e-06
8.440000000000001279e+00 1.411555731320261669e-06
8.449999999999999289e+00 1.028995808976968916e-06
8.460000000000000853e+00 7.463780532889499063e-07
8.469999999999998863e+00 5.386834915185255798e-07
8.480000000000000426e+00 3.868458202800162056e-07
8.490000000000001990e+00 2.764212885347090792e-07
8.500000000000000000e+00 1.965324695412550159e-07
8.510000000000001563e+00 1.390356916775015453e-07
8.519999999999999574e+00 9.786950403082820378e-08
8.530000000000001137e+00 6.854842892266889016e-08
8.539999999999999147e+00 4.777234941334174972e-08
8.550000000000000711e+00 3.312719176242037847e-08
8.559999999999998721e+00 2.285712094935028484e-08
8.570000000000000284e+00 1.569232432312224085e-08
8.580000000000001847e+00 1.071968032956486946e-08
8.589999999999999858e+00 7.286268544932577685e-09
8.600000000000001421e+00 4.927847583112026419e-09
8.609999999999999432e+00 3.316179964836200628e-09
8.620000000000000995e+00 2.220483895090115381e-09
8.629999999999999005e+00 1.479400838755958510e-09
8.640000000000000568e+00 9.807374916763818615e-10
8.650000000000002132e+00 6.469167128410987430e-10
8.660000000000000142e+00 4.245928109271293477e-10
8.670000000000001705e+00 2.772844886205003895e-10
8.679999999999999716e+00 1.801802548461676611e-10
8.690000000000001279e+00 1.164977445453239126e-10
8.699999999999999289e+00 7.494739914294845635e-11
8.710000000000000853e+00 4.797603915066588840e-11
8.719999999999998863e+00 3.055772784124835244e-11
8.730000000000000426e+00 1.936630087210777398e-11
8.740000000000001990e+00 1.221241039170506300e-11
8.750000000000000000e+00 7.662763573634782827e-12
8.760000000000001563e+00 4.784087402177199329e-12
8.769999999999999574e+00 2.971959582790497624e-12
8.780000000000001137e+00 1.837035274090065495e-12
8.789999999999999147e+00 1.129858102565341441e-12
8.800000000000000711e+00 6.914545019346968138e-13
8.809999999999998721e+00 4.210549658519955934e-13
8.820000000000000284e+00 2.551248078999863920e-13
8.830000000000001847e+00 1.538190377189207855e-13
8.839999999999999858e+00 9.228223764493201528e-14
8.850000000000001421e+00 5.509185542699666518e-14
8.859999999999999432e+00 3.272908329041975834e-14
8.870000000000000995e+00 1.935001523645767817e-14
8.879999999999999005e+00 1.138585723588467723e-14
8.890000000000000568e+00 6.668702314637711734e-15
8.900000000000002132e+00 3.888572032194023757e-15
8.910000000000000142e+00 2.258065793039094523e-15
8.920000000000001705e+00 1.306380128063234179e-15
8.929999999999999716e+00 7.534873545175589252e-16
8.940000000000001279e+00 4.337013633439562111e-16
8.949999999999999289e+00 2.494999215163992406e-16
8.960000000000000853e+00 1.437791518111089436e-16
8.969999999999998863e+00 8.327390962085390619e-17
8.980000000000000426e+00 4.870445983890834719e-17
8.990000000000001990e+00 2.895246380215634706e-17
9.000000000000000000e+00 1.763725208245306653e-17
9.010000000000001563e+00 1.111402952051743840e-17
9.019999999999999574e+00 7.309771982748702075e-18
9.030000000000001137e+00 5.049900611195075401e-18
9.039999999999999147e+00 3.670903374158511846e-18
9.050000000000000711e+00 2.798645983295379373e-18
9.059999999999998721e+00 2.222164022066477403e-18
9.070000000000000284e+00 1.822177499996255247e-18
9.080000000000001847e+00 1.530797926642914217e-18
9.089999999999999858e+00 1.308919950984945100e-18
9.100000000000001421e+00 1.133586143913020624e-18
9.109999999999999432e+00 9.909470769595916900e-19
9.120000000000000995e+00 8.723451127853388871e-19
9.129999999999999005e+00 7.721342194881919223e-19
9.140000000000000568e+00 6.864609306127501712e-19
9.150000000000002132e+00 6.125760757804384362e-19
9.160000000000000142e+00 5.484394742240776590e-19
9.170000000000001705e+00 4.924868080878193595e-19
9.179999999999999716e+00 4.434870325158059139e-19
9.190000000000001279e+00 4.004511711903122951e-19
9.199999999999999289e+00 3.625710946346407283e-19
9.210000000000000853e+00 3.291765200382955073e-19
9.219999999999998863e+00 2.997036824813031887e-19
9.230000000000000426e+00 2.736719334619229197e-19
9.240000000000001990e+00 2.506660322457212019e-19
9.250000000000000000e+00 2.303227117710606927e-19
9.260000000000001563e+00 2.123205493739951683e-19
9.269999999999999574e+00 1.963724279652280332e-19
9.280000000000001137e+00 1.822200281429216570e-19
9.289999999999999147e+00 1.696298946322548158e-19
9.300000000000000711e+00 1.583906964468379649e-19
9.309999999999998721e+00 1.483113618621461504e-19
9.320000000000000284e+00 1.392198227616661228e-19
9.330000000000001847e+00 1.309621509117774615e-19
9.339999999999999858e+00 1.234019123272983129e-19
9.350000000000001421e+00 1.164196054125800772e-19
9.359999999999999432e+00 1.099120839830309026e-19
9.370000000000000995e+00 1.037918974765905470e-19
9.379999999999999005e+00 9.798650756255741581e-20
9.390000000000000568e+00 9.243736292649562996e-20
9.400000000000002132e+00 8.709883232735803461e-20
9.410000000000000142e+00 8.193701025079069605e-20
9.420000000000001705e+00 7.692841987150591586e-20
9.429999999999999716e+00 7.205864491032841498e-20
9.440000000000001279e+00 6.732092570890602167e-20
9.449999999999999289e+00 6.271475586993147000e-20
9.460000000000000853e+00 5.824451457068825578e-20
9.469999999999998863e+00 5.391816661075900917e-20
9.480000000000000426e+00 4.974605785240553678e-20
9.490000000000001990e+00 4.573982838773509482e-20
9.500000000000000000e+00 4.191145992171732273e-20
9.510000000000001563e+00 3.827246785557992441e-20
9.519999999999999574e+00 3.483324270313614249e-20
9.530000000000001137e+00 3.160254003163085104e-20
9.539999999999999147e+00 2.858711329072423954e-20
9.550000000000000711e+00 2.579147982281918619e-20
9.559999999999998721e+00 2.321780712503725943e-20
9.570000000000000284e+00 2.086590409572239612e-20
9.580000000000001847e+00 1.873330053900925180e-20
9.589999999999999858e+00 1.681539757255288889e-20
9.600000000000001421e+00 1.510567170755562555e-20
9.609999999999999432e+00 1.359591614422705686e-20
9.620000000000000995e+00 1.227650413162008151e-20
9.629999999999999005e+00 1.113666095210160996e-20
9.640000000000000568e+00 1.016473307979480801e-20
9.650000000000002132e+00 9.348445206457717564e-21
9.660000000000000142e+00 8.675138014190393630e-21
9.670000000000001705e+00 8.131981702581593975e-21
9.679999999999999716e+00 7.706162264888935716e-21
9.690000000000001279e+00 7.385039287792464408e-21
9.699999999999999289e+00 7.156275574502222029e-21
9.710000000000000853e+00 7.007940131542779126e-21
9.719999999999998863e+00 6.928587002091128908e-21
9.730000000000000426e+00 6.907313074890656609e-21
9.740000000000001990e+00 6.933798362040076959e-21
9.750000000000000000e+00 6.998332346447949930e-21
9.760000000000001563e+00 7.091829883759117003e-21
9.769999999999999574e+00 7.205839843172019507e-21
9.780000000000001137e+00 7.332549229334220967e-21
9.789999999999999147e+00 7.464784987279487576e-21
9.800000000000000711e+00 7.596015097361866186e-21
9.809999999999998721e+00 7.720349958153160003e-21
9.820000000000000284e+00 7.832544469258331804e-21
9.830000000000001847e+00 7.928000694838614510e-21
9.839999999999999858e+00 8.002770538219627535e-21
9.850000000000001421e+00 8.053557507571912732e-21
9.859999999999999432e+00 8.077716414622224511e-21
9.870000000000000995e+00 8.073249728031083292e-21
9.879999999999999005e+00 8.038799299065369768e-21
9.890000000000000568e+00 7.973632281908800346e-21
9.900000000000002132e+00 7.877620271347152005e-21
9.910000000000000142e+00 7.751210959148614293e-21
9.920000000000001705e+00 7.595391946441068073e-21
9.929999999999999716e+00 7.411646719940824633e-21
9.940000000000001279e+00 7.201903181460107510e-21
9.949999999999999289e+00 6.968475489748446788e-21
9.960000000000000853e+00 6.714000310211119640e-21
9.969999999999998863e+00 6.441368853078703284e-21
9.980000000000000426e+00 6.153656299542742097e-21
9.990000000000001990e+00 5.854050357961194575e-21
1.000000000000000000e+01 5.545780752851420090e-21
