# Energy - EF (eV)   DOS (states/eV)
-2.027400040302726936e+01 2.814138534175106458e-13
-2.025655966579307687e+01 6.712799804761108746e-13
-2.023911892855888439e+01 1.577367146637414019e-12
-2.022167819132469191e+01 3.651204914325053298e-12
-2.020423745409049943e+01 8.325639731892275151e-12
-2.018679671685630694e+01 1.870169297723915182e-11
-2.016935597962211446e+01 4.138379425633663782e-11
-2.015191524238792198e+01 9.021322718055341647e-11
-2.013447450515372950e+01 1.937338112914385247e-10
-2.011703376791954057e+01 4.098651651390017788e-10
-2.009959303068534808e+01 8.542449690047267240e-10
-2.008215229345115560e+01 1.754023976501417322e-09
-2.006471155621696312e+01 3.548187469111112155e-09
-2.004727081898277063e+01 7.071348538004931040e-09
-2.002983008174857815e+01 1.388448559197630974e-08
-2.001238934451438567e+01 2.685944007540362451e-08
-1.999494860728019319e+01 5.119317315731491564e-08
-1.997750787004600070e+01 9.613555277512711352e-08
-1.996006713281180822e+01 1.778781135764174475e-07
-1.994262639557761574e+01 3.242932193247635273e-07
-1.992518565834342326e+01 5.825607666081605730e-07
-1.990774492110923077e+01 1.031204046343478883e-06
-1.989030418387503829e+01 1.798709016647842266e-06
-1.987286344664084581e+01 3.091747731790294878e-06
-1.985542270940665333e+01 5.237077497175540181e-06
-1.983798197217246084e+01 8.742424349206071743e-06
-1.982054123493826836e+01 1.438301896770862020e-05
-1.980310049770407588e+01 2.332180664086634488e-05
-1.978565976046988695e+01 3.727248879155765584e-05
-1.976821902323569446e+01 5.871516414613087425e-05
-1.975077828600150198e+01 9.117401809180948179e-05
-1.973333754876730950e+01 1.395647755642196515e-04
-1.971589681153311702e+01 2.106159684855836835e-04
-1.969845607429892453e+01 3.133619984173323272e-04
-1.968101533706473205e+01 4.596971744044314485e-04
-1.966357459983053957e+01 6.649683339279683324e-04
-1.964613386259634709e+01 9.485696943950377991e-04
-1.962869312536215460e+01 1.334488163509172124e-03
-1.961125238812796212e+01 1.851732007406867685e-03
-1.959381165089376964e+01 2.534562686228184706e-03
-1.957637091365957716e+01 3.422441436077877826e-03
-1.955893017642538467e+01 4.559601619680078016e-03
-1.954148943919119219e+01 5.994167598711705978e-03
-1.952404870195699971e+01 7.776762817223648559e-03
-1.950660796472280722e+01 9.958584632512803778e-03
-1.948916722748861829e+01 1.258897022501178665e-02
-1.947172649025442581e+01 1.571253374695270877e-02
-1.945428575302023333e+01 1.936601483741195659e-02
-1.943684501578604085e+01 2.357503616584466152e-02
-1.941940427855184836e+01 2.835101514852351318e-02
-1.940196354131765588e+01 3.368850466891652740e-02
-1.938452280408346340e+01 3.956324275420304570e-02
-1.936708206684927092e+01 4.593116704043202769e-02
-1.934964132961507843e+01 5.272859488224866664e-02
-1.933220059238088595e+01 5.987368621494697229e-02
-1.931475985514669347e+01 6.726919973386605300e-02
-1.929731911791250099e+01 7.480643316017744626e-02
-1.927987838067830850e+01 8.237011757949912194e-02
-1.926243764344411602e+01 8.984392778791601419e-02
-1.924499690620992354e+01 9.711618885118782074e-02
-1.922755616897573105e+01 1.040853154402274494e-01
-1.921011543174153857e+01 1.106645232450222949e-01
-1.919267469450734609e+01 1.167854043451391766e-01
-1.917523395727315361e+01 1.224000585238747829e-01
-1.915779322003896468e+01 1.274816117942638438e-01
-1.914035248280477219e+01 1.320231178869160915e-01
-1.912291174557057971e+01 1.360350097930194124e-01
-1.910547100833638723e+01 1.395414259522061717e-01
-1.908803027110219475e+01 1.425758588308012886e-01
-1.907058953386800226e+01 1.451766450481777049e-01
-1.905314879663380978e+01 1.473828243194685028e-01
-1.903570805939961730e+01 1.492308357460759016e-01
-1.901826732216542482e+01 1.507524000034005662e-01
-1.900082658493123233e+01 1.519737692826620690e-01
-1.898338584769703985e+01 1.529163352367346740e-01
-1.896594511046284737e+01 1.535983947535226601e-01
-1.894850437322865488e+01 1.540377107062911588e-01
-1.893106363599446240e+01 1.542543929074683962e-01
-1.891362289876026992e+01 1.542735791814240920e-01
-1.889618216152607744e+01 1.541274240541649354e-01
-1.887874142429188495e+01 1.538559988512173682e-01
-1.886130068705769602e+01 1.535068581518904129e-01
-1.884385994982350354e+01 1.531332123460174555e-01
-1.882641921258931106e+01 1.527908391974340252e-01
-1.880897847535511858e+01 1.525340432286590997e-01
-1.879153773812092609e+01 1.524111079850869188e-01
-1.877409700088673361e+01 1.524597663777787770e-01
-1.875665626365254113e+01 1.527032296365927466e-01
-1.873921552641834865e+01 1.531472655627160451e-01
-1.872177478918415616e+01 1.537787092636770381e-01
-1.870433405194996368e+01 1.545656384449919929e-01
-1.868689331471577120e+01 1.554592692649253982e-01
-1.866945257748157871e+01 1.563974486022846055e-01
-1.865201184024738623e+01 1.573094549155778510e-01
-1.863457110301319375e+01 1.581216905122175831e-01
-1.861713036577900127e+01 1.587637659560992009e-01
-1.859968962854480878e+01 1.591744490923952260e-01
-1.858224889131061630e+01 1.593069762998146066e-01
-1.856480815407642382e+01 1.591332950058887974e-01
-1.854736741684223134e+01 1.586469119773651626e-01
-1.852992667960804241e+01 1.578641463608467799e-01
-1.851248594237384992e+01 1.568237147796998077e-01
-1.849504520513965744e+01 1.555846954386327363e-01
-1.847760446790546496e+01 1.542230210261340551e-01
-1.846016373067127248e+01 1.528267332029274450e-01
-1.844272299343707999e+01 1.514902959476422395e-01
-1.842528225620288751e+01 1.503083147776075046e-01
-1.840784151896869503e+01 1.493690475618857927e-01
-1.839040078173450254e+01 1.487481214784598382e-01
-1.837296004450031006e+01 1.485028867975906608e-01
-1.835551930726611758e+01 1.486678346737125012e-01
-1.833807857003192510e+01 1.492514735508075341e-01
-1.832063783279773261e+01 1.502349880460513154e-01
-1.830319709556354013e+01 1.515728900512538224e-01
-1.828575635832934765e+01 1.531957160849702904e-01
-1.826831562109515517e+01 1.550146383555578988e-01
-1.825087488386096268e+01 1.569276591104631913e-01
-1.823343414662677375e+01 1.588268747790645696e-01
-1.821599340939258127e+01 1.606061567205183116e-01
-1.819855267215838879e+01 1.621685247821408327e-01
-1.818111193492419631e+01 1.634325059415848713e-01
-1.816367119769000382e+01 1.643368783019054924e-01
-1.814623046045581134e+01 1.648433914054321936e-01
-1.812878972322161886e+01 1.649373039492724180e-01
-1.811134898598742637e+01 1.646258552229738492e-01
-1.809390824875323389e+01 1.639350467887778495e-01
-1.807646751151904141e+01 1.629053164672857879e-01
-1.805902677428484893e+01 1.615868050257837085e-01
-1.804158603705065644e+01 1.600349271570746523e-01
-1.802414529981646396e+01 1.583068586900866215e-01
-1.800670456258227148e+01 1.564593551485362610e-01
-1.798926382534807900e+01 1.545480521813681618e-01
-1.797182308811388651e+01 1.526281071048634641e-01
-1.795438235087969403e+01 1.507557695747345217e-01
-1.793694161364550510e+01 1.489902636381863488e-01
-1.791950087641130906e+01 1.473952600374554001e-01
-1.790206013917712013e+01 1.460392390106944049e-01
-1.788461940194292765e+01 1.449941935351154176e-01
-1.786717866470873517e+01 1.443323841661061646e-01
-1.784973792747454269e+01 1.441211935743214045e-01
-1.783229719024035020e+01 1.444164913114262538e-01
-1.781485645300615772e+01 1.452552495520803288e-01
-1.779741571577196524e+01 1.466483921924288392e-01
-1.777997497853777276e+01 1.485749668621077491e-01
-1.776253424130358027e+01 1.509786748846694282e-01
-1.774509350406938779e+01 1.537675749978217044e-01
-1.772765276683519531e+01 1.568174158835786980e-01
-1.771021202960100283e+01 1.599785972162287850e-01
-1.769277129236681034e+01 1.630862732194308384e-01
-1.767533055513261786e+01 1.659726682944212828e-01
-1.765788981789842538e+01 1.684803388065203300e-01
-1.764044908066423289e+01 1.704749411609922938e-01
-1.762300834343004041e+01 1.718560825660705171e-01
-1.760556760619585148e+01 1.725650374252072905e-01
-1.758812686896165900e+01 1.725884805820761814e-01
-1.757068613172746652e+01 1.719578663771706706e-01
-1.755324539449327403e+01 1.707446023282599423e-01
-1.753580465725908155e+01 1.690516567036863815e-01
-1.751836392002488907e+01 1.670026356841051718e-01
-1.750092318279069659e+01 1.647296197817754437e-01
-1.748348244555650410e+01 1.623611346252412380e-01
-1.746604170832231162e+01 1.600115465499563627e-01
-1.744860097108811914e+01 1.577729398270505679e-01
-1.743116023385392666e+01 1.557101887067721402e-01
-1.741371949661973417e+01 1.538595333135472087e-01
-1.739627875938554169e+01 1.522305562956908498e-01
-1.737883802215134921e+01 1.508110852720833950e-01
-1.736139728491715672e+01 1.495742530013297322e-01
-1.734395654768296424e+01 1.484867580629551098e-01
-1.732651581044877176e+01 1.475172945194662966e-01
-1.730907507321458283e+01 1.466441568142508034e-01
-1.729163433598038679e+01 1.458611621884725318e-01
-1.727419359874619786e+01 1.451812454269865993e-01
-1.725675286151200538e+01 1.446373436707673876e-01
-1.723931212427781290e+01 1.442804751256638041e-01
-1.722187138704362042e+01 1.441751989056454519e-01
-1.720443064980942793e+01 1.443929011686409525e-01
-1.718698991257523545e+01 1.450035662027242267e-01
-1.716954917534104297e+01 1.460668453577025627e-01
-1.715210843810685049e+01 1.476233208701267230e-01
-1.713466770087265800e+01 1.496868688740447817e-01
-1.711722696363846552e+01 1.522389536644808417e-01
-1.709978622640427304e+01 1.552255359087282016e-01
-1.708234548917008055e+01 1.585570590227618482e-01
-1.706490475193588807e+01 1.621117048256471016e-01
-1.704746401470169559e+01 1.657418029576765151e-01
-1.703002327746750311e+01 1.692829653832424175e-01
-1.701258254023331062e+01 1.725652285546440678e-01
-1.699514180299911814e+01 1.754252533657713331e-01
-1.697770106576492921e+01 1.777184857920811045e-01
-1.696026032853073673e+01 1.793301409119522072e-01
-1.694281959129654425e+01 1.801839508630349307e-01
-1.692537885406235176e+01 1.802478109212647672e-01
-1.690793811682815928e+01 1.795357508896422705e-01
-1.689049737959396680e+01 1.781060219877210749e-01
-1.687305664235977432e+01 1.760554832308538487e-01
-1.685561590512558183e+01 1.735108514655529510e-01
-1.683817516789138935e+01 1.706177017118001016e-01
-1.682073443065719687e+01 1.675283311969974209e-01
-1.680329369342300438e+01 1.643897044021727372e-01
-1.678585295618881190e+01 1.613326651643881282e-01
-1.676841221895461942e+01 1.584634393481706982e-01
-1.675097148172042694e+01 1.558581777474253027e-01
-1.673353074448623445e+01 1.535609371126563372e-01
-1.671609000725204197e+01 1.515851100896492276e-01
-1.669864927001784949e+01 1.499179386110912615e-01
-1.668120853278366056e+01 1.485274237269009479e-01
-1.666376779554946452e+01 1.473707137934339995e-01
-1.664632705831527559e+01 1.464029356949714533e-01
-1.662888632108108311e+01 1.455854386051014526e-01
-1.661144558384689063e+01 1.448925395409307593e-01
-1.659400484661269815e+01 1.443160738840956192e-01
-1.657656410937850566e+01 1.438673315537167541e-01
-1.655912337214431318e+01 1.435762650386498140e-01
-1.654168263491012070e+01 1.434881535659471297e-01
-1.652424189767592821e+01 1.436581674263583408e-01
-1.650680116044173573e+01 1.441444747659419434e-01
-1.648936042320754325e+01 1.450006560785022935e-01
-1.647191968597335077e+01 1.462682343705231647e-01
-1.645447894873915828e+01 1.479700944109732241e-01
-1.643703821150496580e+01 1.501054612676215316e-01
-1.641959747427077332e+01 1.526469489334200957e-01
-1.640215673703658084e+01 1.555399891135168244e-01
-1.638471599980238835e+01 1.587047246574707637e-01
-1.636727526256819587e+01 1.620402195485042274e-01
-1.634983452533400694e+01 1.654306169124514225e-01
-1.633239378809981446e+01 1.687526880090174097e-01
-1.631495305086562198e+01 1.718840778605116026e-01
-1.629751231363142949e+01 1.747114835585142634e-01
-1.628007157639723701e+01 1.771380103693796781e-01
-1.626263083916304453e+01 1.790890412959825484e-01
-1.624519010192885204e+01 1.805161203150656701e-01
-1.622774936469465956e+01 1.813985700585146466e-01
-1.621030862746046708e+01 1.817428141704671152e-01
-1.619286789022627460e+01 1.815796204085861343e-01
-1.617542715299208211e+01 1.809596897970968676e-01
-1.615798641575788963e+01 1.799481619582213865e-01
-1.614054567852369715e+01 1.786186694201051806e-01
-1.612310494128950467e+01 1.770475498189134356e-01
-1.610566420405531218e+01 1.753087241516448069e-01
-1.608822346682111970e+01 1.734695934035077047e-01
-1.607078272958692722e+01 1.715881246711879471e-01
-1.605334199235273829e+01 1.697111232609292697e-01
-1.603590125511854225e+01 1.678735474106785308e-01
-1.601846051788435332e+01 1.660986368861246953e-01
-1.600101978065016084e+01 1.643986036338506429e-01
-1.598357904341596836e+01 1.627756674131148329e-01
-1.596613830618177587e+01 1.612232965350194058e-01
-1.594869756894758339e+01 1.597276108547349138e-01
-1.593125683171339091e+01 1.582689955755568201e-01
-1.591381609447919843e+01 1.568240368397897655e-01
-1.589637535724500594e+01 1.553679063009439920e-01
-1.587893462001081346e+01 1.538772838536155707e-01
-1.586149388277662098e+01 1.523338179651047009e-01
-1.584405314554242850e+01 1.507279944334672106e-01
-1.582661240830823601e+01 1.490631381960183244e-01
-1.580917167107404353e+01 1.473591356874018321e-01
-1.579173093383985105e+01 1.456553651670252636e-01
-1.577429019660565856e+01 1.440122842330455455e-01
-1.575684945937146964e+01 1.425111648273163223e-01
-1.573940872213727360e+01 1.412515929311277119e-01
-1.572196798490308467e+01 1.403465564038803293e-01
-1.570452724766888863e+01 1.399152103976075423e-01
-1.568708651043469970e+01 1.400737045619030730e-01
-1.566964577320050722e+01 1.409247414561390355e-01
-1.565220503596631474e+01 1.425467707136511275e-01
-1.563476429873212226e+01 1.449838719821971711e-01
-1.561732356149792977e+01 1.482374146069388166e-01
-1.559988282426373729e+01 1.522604907285934062e-01
-1.558244208702954481e+01 1.569559048932007428e-01
-1.556500134979535233e+01 1.621781879720430308e-01
-1.554756061256115984e+01 1.677397207704367232e-01
-1.553011987532696736e+01 1.734206471104736136e-01
-1.551267913809277488e+01 1.789818746437368546e-01
-1.549523840085858239e+01 1.841801482513401589e-01
-1.547779766362438991e+01 1.887839706476038271e-01
-1.546035692639019743e+01 1.925890593151071417e-01
-1.544291618915600495e+01 1.954320740151001268e-01
-1.542547545192181602e+01 1.972015149826078229e-01
-1.540803471468761998e+01 1.978449552246563103e-01
-1.539059397745343105e+01 1.973720983496875803e-01
-1.537315324021923857e+01 1.958535089167599275e-01
-1.535571250298504609e+01 1.934152090335116703e-01
-1.533827176575085360e+01 1.902296417552921948e-01
-1.532083102851666112e+01 1.865037460592798568e-01
-1.530339029128246864e+01 1.824650569187503124e-01
-1.528594955404827616e+01 1.783468338855118962e-01
-1.526850881681408367e+01 1.743732368940543731e-01
-1.525106807957989119e+01 1.707455180709927245e-01
-1.523362734234569871e+01 1.676300947498558513e-01
-1.521618660511150622e+01 1.651492231371321229e-01
-1.519874586787731374e+01 1.633748141249523611e-01
-1.518130513064312126e+01 1.623257307689085216e-01
-1.516386439340892878e+01 1.619686880224804615e-01
-1.514642365617473629e+01 1.622226467867119160e-01
-1.512898291894054736e+01 1.629663653175278670e-01
-1.511154218170635133e+01 1.640485535585926302e-01
-1.509410144447216240e+01 1.652998852541388286e-01
-1.507666070723796636e+01 1.665459763430047757e-01
-1.505921997000377743e+01 1.676203541620015225e-01
-1.504177923276958495e+01 1.683764359426398460e-01
-1.502433849553539247e+01 1.686976166741294136e-01
-1.500689775830119999e+01 1.685047362675191063e-01
-1.498945702106700750e+01 1.677604433375551596e-01
-1.497201628383281502e+01 1.664702749451824615e-01
-1.495457554659862254e+01 1.646805947208483112e-01
-1.493713480936443005e+01 1.624738353348635644e-01
-1.491969407213023757e+01 1.599617335129090157e-01
-1.490225333489604509e+01 1.572773907866429344e-01
-1.488481259766185261e+01 1.545670179455626847e-01
-1.486737186042766012e+01 1.519821213250985292e-01
-1.484993112319346764e+01 1.496726815550337708e-01
-1.483249038595927516e+01 1.477815972585654059e-01
-1.481504964872508268e+01 1.464403692154737369e-01
-1.479760891149089375e+01 1.457657421992247793e-01
-1.478016817425669771e+01 1.458568542939808199e-01
-1.476272743702250878e+01 1.467924030552714976e-01
-1.474528669978831630e+01 1.486274359556640778e-01
-1.472784596255412382e+01 1.513895924320545761e-01
-1.471040522531993133e+01 1.550749234563443546e-01
-1.469296448808573885e+01 1.596437300504174039e-01
-1.467552375085154637e+01 1.650171258283710529e-01
-1.465808301361735388e+01 1.710751786368158167e-01
-1.464064227638316140e+01 1.776574805443399130e-01
-1.462320153914896892e+01 1.845668204453561889e-01
-1.460576080191477644e+01 1.915763081581755012e-01
-1.458832006468058395e+01 1.984398708894593577e-01
-1.457087932744639147e+01 2.049055801793287779e-01
-1.455343859021219899e+01 2.107308450959292367e-01
-1.453599785297800651e+01 2.156981939846199514e-01
-1.451855711574381402e+01 2.196302119930911290e-01
-1.450111637850962509e+01 2.224022272577531600e-01
-1.448367564127542906e+01 2.239515376835082006e-01
-1.446623490404124013e+01 2.242823087207676258e-01
-1.444879416680704409e+01 2.234656977509195674e-01
-1.443135342957285516e+01 2.216352118567375684e-01
-1.441391269233866268e+01 2.189777250737677261e-01
-1.439647195510447020e+01 2.157209230959522273e-01
-1.437903121787027771e+01 2.121181802077367617e-01
-1.436159048063608523e+01 2.084319967835399634e-01
-1.434414974340189275e+01 2.049171448897294801e-01
-1.432670900616770027e+01 2.018046048036830908e-01
-1.430926826893350778e+01 1.992872519467125125e-01
-1.429182753169931530e+01 1.975080956053897330e-01
-1.427438679446512282e+01 1.965516955584023229e-01
-1.425694605723093034e+01 1.964391999087206353e-01
-1.423950531999673785e+01 1.971272593077886548e-01
-1.422206458276254537e+01 1.985108772800594501e-01
-1.420462384552835289e+01 2.004300512249879151e-01
-1.418718310829416041e+01 2.026798453741162354e-01
-1.416974237105997148e+01 2.050233234755133305e-01
-1.415230163382577544e+01 2.072065703465346131e-01
-1.413486089659158651e+01 2.089748682129567159e-01
-1.411742015935739403e+01 2.100889883028630167e-01
-1.409997942212320154e+01 2.103405299241168647e-01
-1.408253868488900906e+01 2.095652999518987092e-01
-1.406509794765481658e+01 2.076538756400713726e-01
-1.404765721042062410e+01 2.045587203023896128e-01
-1.403021647318643161e+01 2.002974999673731438e-01
-1.401277573595223913e+01 1.949525462462848302e-01
-1.399533499871804665e+01 1.886666898050774199e-01
-1.397789426148385417e+01 1.816359166151075011e-01
-1.396045352424966168e+01 1.740994514994581022e-01
-1.394301278701546920e+01 1.663279402335692270e-01
-1.392557204978127672e+01 1.586103884107411266e-01
-1.390813131254708424e+01 1.512404431359987700e-01
-1.389069057531289175e+01 1.445025037205126817e-01
-1.387324983807870282e+01 1.386580552387092213e-01
-1.385580910084450679e+01 1.339325654306363356e-01
-1.383836836361031786e+01 1.305032907479865556e-01
-1.382092762637612182e+01 1.284884039316458448e-01
-1.380348688914193289e+01 1.279379665643115560e-01
-1.378604615190774041e+01 1.288273913700557771e-01
-1.376860541467354793e+01 1.310541252191752548e-01
-1.375116467743935544e+01 1.344382875832454971e-01
-1.373372394020516296e+01 1.387278823225578939e-01
-1.371628320297097048e+01 1.436089440292471486e-01
-1.369884246573677800e+01 1.487205907243495384e-01
-1.368140172850258551e+01 1.536744679742599595e-01
-1.366396099126839303e+01 1.580775458704981040e-01
-1.364652025403420055e+01 1.615567462697882206e-01
-1.362907951680000807e+01 1.637835128277339569e-01
-1.361163877956581558e+01 1.644962589548760457e-01
-1.359419804233162310e+01 1.635186826337645949e-01
-1.357675730509743417e+01 1.607722321129957388e-01
-1.355931656786324169e+01 1.562815159838352175e-01
-1.354187583062904920e+01 1.501721148167663999e-01
-1.352443509339485672e+01 1.426609854279163037e-01
-1.350699435616066424e+01 1.340403591283458873e-01
-1.348955361892647176e+01 1.246566336137214931e-01
-1.347211288169227927e+01 1.148861753805975605e-01
-1.345467214445808679e+01 1.051101455933345363e-01
-1.343723140722389431e+01 9.569043003433289063e-02
-1.341979066998970183e+01 8.694851692452765235e-02
-1.340234993275550934e+01 7.914877250123461550e-02
-1.338490919552131686e+01 7.248707412974657316e-02
-1.336746845828712438e+01 6.708523742469800488e-02
-1.335002772105293189e+01 6.299117293702802267e-02
-1.333258698381873941e+01 6.018427114826965102e-02
-1.331514624658454693e+01 5.858516728493643605e-02
-1.329770550935035445e+01 5.806879036998183891e-02
-1.328026477211616196e+01 5.847945350262156311e-02
-1.326282403488197303e+01 5.964668806673906198e-02
-1.324538329764778055e+01 6.140055516203315328e-02
-1.322794256041358807e+01 6.358527565271590576e-02
-1.321050182317939559e+01 6.607019963424329290e-02
-1.319306108594520310e+01 6.875738008454995720e-02
-1.317562034871101062e+01 7.158531384810631892e-02
-1.315817961147681814e+01 7.452874959019160916e-02
-1.314073887424262566e+01 7.759481301610061943e-02
-1.312329813700843317e+01 8.081603357654187914e-02
-1.310585739977424069e+01 8.424113926080645243e-02
-1.308841666254004821e+01 8.792468316389005778e-02
-1.307097592530585572e+01 9.191665053699485388e-02
-1.305353518807166324e+01 9.625315374091854281e-02
-1.303609445083747076e+01 1.009491570003533262e-01
-1.301865371360327828e+01 1.059939026279985569e-01
-1.300121297636908579e+01 1.113493703767182985e-01
-1.298377223913489331e+01 1.169517371562096564e-01
-1.296633150190070083e+01 1.227154643130371203e-01
-1.294889076466651190e+01 1.285393684547451731e-01
-1.293145002743231942e+01 1.343138623875603788e-01
-1.291400929019812693e+01 1.399285016036308782e-01
-1.289656855296393445e+01 1.452790367177877184e-01
-1.287912781572974197e+01 1.502733336204014336e-01
-1.286168707849554949e+01 1.548357477838408214e-01
-1.284424634126135700e+01 1.589097868773740041e-01
-1.282680560402716452e+01 1.624591263606363911e-01
-1.280936486679297204e+01 1.654672225724544143e-01
-1.279192412955877955e+01 1.679358755184875984e-01
-1.277448339232458707e+01 1.698831223555226089e-01
-1.275704265509039459e+01 1.713408005215940610e-01
-1.273960191785620211e+01 1.723520268200890992e-01
-1.272216118062200962e+01 1.729687234001271168e-01
-1.270472044338781714e+01 1.732492132821219222e-01
-1.268727970615362466e+01 1.732558328212782106e-01
-1.266983896891943218e+01 1.730524835542138484e-01
-1.265239823168523969e+01 1.727020766328530854e-01
-1.263495749445105076e+01 1.722639020235711416e-01
-1.261751675721685828e+01 1.717910627448420158e-01
-1.260007601998266580e+01 1.713282243275403016e-01
-1.258263528274847332e+01 1.709100108740113644e-01
-1.256519454551428083e+01 1.705604036307924731e-01
-1.254775380828008835e+01 1.702934463115697572e-01
-1.253031307104589587e+01 1.701154270734577811e-01
-1.251287233381170338e+01 1.700284996051639741e-01
-1.249543159657751090e+01 1.700354510367222682e-01
-1.247799085934331842e+01 1.701450617628060269e-01
-1.246055012210912594e+01 1.703772794129411461e-01
-1.244310938487493345e+01 1.707672942960540008e-01
-1.242566864764074097e+01 1.713675967268887268e-01
-1.240822791040654849e+01 1.722472411935637160e-01
-1.239078717317235601e+01 1.734878388141629368e-01
-1.237334643593816352e+01 1.751762222667647140e-01
-1.235590569870397104e+01 1.773942257017220026e-01
-1.233846496146977856e+01 1.802065262070632057e-01
-1.232102422423558963e+01 1.836479239770033856e-01
-1.230358348700139715e+01 1.877117193158976127e-01
-1.228614274976720466e+01 1.923409161025932956e-01
-1.226870201253301218e+01 1.974238111008149166e-01
-1.225126127529881970e+01 2.027951194906292831e-01
-1.223382053806462721e+01 2.082431794282759152e-01
-1.221637980083043473e+01 2.135230456330362570e-01
-1.219893906359624225e+01 2.183745204352413594e-01
-1.218149832636204977e+01 2.225434858462788934e-01
-1.216405758912785728e+01 2.258043903149440923e-01
-1.214661685189366480e+01 2.279814847599828664e-01
-1.212917611465947232e+01 2.289664358347995032e-01
-1.211173537742527984e+01 2.287302712937518412e-01
-1.209429464019108735e+01 2.273281935835992917e-01
-1.207685390295689487e+01 2.248965603217417397e-01
-1.205941316572270239e+01 2.216421786200922228e-01
-1.204197242848851346e+01 2.178248904216571469e-01
-1.202453169125432098e+01 2.137351403769699731e-01
-1.200709095402012849e+01 2.096687369949757629e-01
-1.198965021678593601e+01 2.059012896352591104e-01
-1.197220947955174353e+01 2.026648073061858846e-01
-1.195476874231755104e+01 2.001286899429314814e-01
-1.193732800508335856e+01 1.983868654585131674e-01
-1.191988726784916608e+01 1.974521835296969841e-01
-1.190244653061497360e+01 1.972584400904555668e-01
-1.188500579338078111e+01 1.976696508459312995e-01
-1.186756505614658863e+01 1.984954925468593312e-01
-1.185012431891239615e+01 1.995112546299649403e-01
-1.183268358167820367e+01 2.004802456560678126e-01
-1.181524284444401118e+01 2.011764157921281382e-01
-1.179780210720981870e+01 2.014050042151908915e-01
-1.178036136997562622e+01 2.010192911096729262e-01
-1.176292063274143374e+01 1.999319965052514803e-01
-1.174547989550724125e+01 1.981204698455211743e-01
-1.172803915827305232e+01 1.956254861200232009e-01
-1.171059842103885984e+01 1.925441297234390114e-01
-1.169315768380466736e+01 1.890178305126635483e-01
-1.167571694657047487e+01 1.852170538507559583e-01
-1.165827620933628239e+01 1.813243938216297368e-01
-1.164083547210208991e+01 1.775178580144642637e-01
-1.162339473486789743e+01 1.739559723870438834e-01
-1.160595399763370494e+01 1.707660094898051095e-01
-1.158851326039951246e+01 1.680362048594502000e-01
-1.157107252316531998e+01 1.658123362858332506e-01
-1.155363178593112750e+01 1.640985605317717144e-01
-1.153619104869693501e+01 1.628619850615789511e-01
-1.151875031146274253e+01 1.620401369493821297e-01
-1.150130957422855005e+01 1.615502984184054858e-01
-1.148386883699435757e+01 1.612996121486519330e-01
-1.146642809976016508e+01 1.611949087972042449e-01
-1.144898736252597260e+01 1.611513530406765704e-01
-1.143154662529178012e+01 1.610992161526429711e-01
-1.141410588805759119e+01 1.609883343493350161e-01
-1.139666515082339870e+01 1.607900759157119275e-01
-1.137922441358920622e+01 1.604968926346795610e-01
-1.136178367635501374e+01 1.601197524273823281e-01
-1.134434293912082126e+01 1.596839248200737915e-01
-1.132690220188662877e+01 1.592237078760962710e-01
-1.130946146465243629e+01 1.587767384671360527e-01
-1.129202072741824381e+01 1.583785164496983866e-01
-1.127457999018405133e+01 1.580577023303426365e-01
-1.125713925294985884e+01 1.578326276338995748e-01
-1.123969851571566636e+01 1.577093021947163776e-01
-1.122225777848147388e+01 1.576810304985921674e-01
-1.120481704124728140e+01 1.577295780591912167e-01
-1.118737630401308891e+01 1.578276748572923494e-01
-1.116993556677889643e+01 1.579425186644312640e-01
-1.115249482954470395e+01 1.580398545188290704e-01
-1.113505409231051146e+01 1.580881610813109073e-01
-1.111761335507631898e+01 1.580624699417764456e-01
-1.110017261784213005e+01 1.579473780910439495e-01
-1.108273188060793757e+01 1.577388840812592452e-01
-1.106529114337374509e+01 1.574447823317229045e-01
-1.104785040613955260e+01 1.570834847195776152e-01
-1.103040966890536012e+01 1.566812993389576358e-01
-1.101296893167116764e+01 1.562683745980533723e-01
-1.099552819443697516e+01 1.558736985458211433e-01
-1.097808745720278267e+01 1.555197082186691449e-01
-1.096064671996859019e+01 1.552171867888849643e-01
-1.094320598273439771e+01 1.549611809546281027e-01
-1.092576524550020522e+01 1.547286348106930443e-01
-1.090832450826601274e+01 1.544782967466077073e-01
-1.089088377103182026e+01 1.541532152797789046e-01
-1.087344303379762778e+01 1.536858189136480757e-01
-1.085600229656343529e+01 1.530052126847249172e-01
-1.083856155932924281e+01 1.520459720063748743e-01
-1.082112082209505033e+01 1.507574301511887538e-01
-1.080368008486085785e+01 1.491122918895380900e-01
-1.078623934762666892e+01 1.471133998587119407e-01
-1.076879861039247643e+01 1.447976459727692844e-01
-1.075135787315828395e+01 1.422363433107933228e-01
-1.073391713592409147e+01 1.395318128124729273e-01
-1.071647639868989899e+01 1.368104308489158094e-01
-1.069903566145570650e+01 1.342128544581226990e-01
-1.068159492422151402e+01 1.318825185880967144e-01
-1.066415418698732154e+01 1.299537261611131700e-01
-1.064671344975312905e+01 1.285406934263567391e-01
-1.062927271251893657e+01 1.277287658490317279e-01
-1.061183197528474409e+01 1.275687094298852686e-01
-1.059439123805055161e+01 1.280745592884052764e-01
-1.057695050081635912e+01 1.292250375398189544e-01
-1.055950976358216664e+01 1.309681061082937636e-01
-1.054206902634797416e+01 1.332278601114167682e-01
-1.052462828911378168e+01 1.359127401390531065e-01
-1.050718755187958919e+01 1.389239707175822791e-01
-1.048974681464539671e+01 1.421632163586415698e-01
-1.047230607741120778e+01 1.455386620030464095e-01
-1.045486534017701530e+01 1.489690301746560974e-01
-1.043742460294282282e+01 1.523853916260720365e-01
-1.041998386570863033e+01 1.557309568853126880e-01
-1.040254312847443785e+01 1.589593061785636030e-01
-1.038510239124024537e+01 1.620316902958559568e-01
-1.036766165400605288e+01 1.649140969855771299e-01
-1.035022091677186040e+01 1.675747260896874868e-01
-1.033278017953766792e+01 1.699823682667149505e-01
-1.031533944230347544e+01 1.721059666535864618e-01
-1.029789870506928295e+01 1.739153965593650819e-01
-1.028045796783509047e+01 1.753832661945555482e-01
-1.026301723060089799e+01 1.764873588365928614e-01
-1.024557649336670551e+01 1.772132318266590179e-01
-1.022813575613251302e+01 1.775564750427725547e-01
-1.021069501889832054e+01 1.775242099423967324e-01
-1.019325428166412806e+01 1.771355632863239604e-01
-1.017581354442993558e+01 1.764210476938255223e-01
-1.015837280719574665e+01 1.754209866444109700e-01
-1.014093206996155416e+01 1.741832952422044667e-01
-1.012349133272736168e+01 1.727610362089731788e-01
-1.010605059549316920e+01 1.712101911599085424e-01
-1.008860985825897671e+01 1.695880145415713802e-01
-1.007116912102478423e+01 1.679521840225536577e-01
-1.005372838379059175e+01 1.663607554480677209e-01
-1.003628764655639927e+01 1.648727131928576506e-01
-1.001884690932220678e+01 1.635487227179900638e-01
-1.000140617208801430e+01 1.624515819965930419e-01
-9.983965434853821819e+00 1.616458604635997165e-01
-9.966524697619629336e+00 1.611963179162456405e-01
-9.949083960385436853e+00 1.611648995448770605e-01
-9.931643223151244371e+00 1.616063749579740028e-01
-9.914202485917051888e+00 1.625629815950786761e-01
-9.896761748682859405e+00 1.640586925267077389e-01
-9.879321011448666923e+00 1.660939048189538636e-01
-9.861880274214474440e+00 1.686413997884804450e-01
-9.844439536980285510e+00 1.716443432892384713e-01
-9.826998799746093027e+00 1.750168793366830566e-01
-9.809558062511900545e+00 1.786475537499130073e-01
-9.792117325277708062e+00 1.824054339746714604e-01
-9.774676588043515579e+00 1.861484243095879176e-01
-9.757235850809323097e+00 1.897329693279431739e-01
-9.739795113575130614e+00 1.930241389908942673e-01
-9.722354376340938131e+00 1.959050255046676237e-01
-9.704913639106745649e+00 1.982844611225533515e-01
-9.687472901872553166e+00 2.001022726022631815e-01
-9.670032164638360683e+00 2.013315885247195514e-01
-9.652591427404168201e+00 2.019780652731130721e-01
-9.635150690169975718e+00 2.020762477328649220e-01
-9.617709952935783235e+00 2.016835874623953417e-01
-9.600269215701590753e+00 2.008728702576322023e-01
-9.582828478467398270e+00 1.997239366439738373e-01
-9.565387741233205787e+00 1.983156075207916647e-01
-9.547947003999013305e+00 1.967186605539992250e-01
-9.530506266764824375e+00 1.949905579925608756e-01
-9.513065529530631892e+00 1.931724255031939119e-01
-9.495624792296439409e+00 1.912885474505281458e-01
-9.478184055062246927e+00 1.893483976775467981e-01
-9.460743317828054444e+00 1.873509832991914481e-01
-9.443302580593861961e+00 1.852910554522443076e-01
-9.425861843359669479e+00 1.831665458495976007e-01
-9.408421106125476996e+00 1.809864311815919113e-01
-9.390980368891284513e+00 1.787781198720067577e-01
-9.373539631657092031e+00 1.765934105309145130e-01
-9.356098894422899548e+00 1.745121033006498124e-01
-9.338658157188707065e+00 1.726424680151761870e-01
-9.321217419954514583e+00 1.711179958284298752e-01
-9.303776682720322100e+00 1.700901834010621616e-01
-9.286335945486129617e+00 1.697175066584335756e-01
-9.268895208251937134e+00 1.701512036342158474e-01
-9.251454471017744652e+00 1.715189554329474564e-01
-9.234013733783552169e+00 1.739079703690081524e-01
-9.216572996549363239e+00 1.773492728095825977e-01
-9.199132259315170757e+00 1.818051138707770242e-01
-9.181691522080978274e+00 1.871613109553410259e-01
-9.164250784846785791e+00 1.932259692928373906e-01
-9.146810047612593308e+00 1.997354577530189579e-01
-9.129369310378400826e+00 2.063677565542896830e-01
-9.111928573144208343e+00 2.127624519271332504e-01
-9.094487835910015860e+00 2.185458302287214827e-01
-9.077047098675823378e+00 2.233588359603900231e-01
-9.059606361441630895e+00 2.268852077680125756e-01
-9.042165624207438412e+00 2.288769682460006505e-01
-9.024724886973245930e+00 2.291746494597895478e-01
-9.007284149739053447e+00 2.277201696306835332e-01
-8.989843412504860964e+00 2.245610723970575817e-01
-8.972402675270668482e+00 2.198457945806574776e-01
-8.954961938036475999e+00 2.138106144247017837e-01
-8.937521200802283516e+00 2.067598193358603509e-01
-8.920080463568091034e+00 1.990413063533139904e-01
-8.902639726333902104e+00 1.910202095667055677e-01
-8.885198989099709621e+00 1.830532008202264693e-01
-8.867758251865517138e+00 1.754658456083806606e-01
-8.850317514631324656e+00 1.685348709542660306e-01
-8.832876777397132173e+00 1.624765044379145040e-01
-8.815436040162939690e+00 1.574412782669462330e-01
-8.797995302928747208e+00 1.535149637975327941e-01
-8.780554565694554725e+00 1.507246986692802326e-01
-8.763113828460362242e+00 1.490489515833062772e-01
-8.745673091226169760e+00 1.484297660015720111e-01
-8.728232353991977277e+00 1.487857273672770209e-01
-8.710791616757784794e+00 1.500242743805970946e-01
-8.693350879523592312e+00 1.520522701768169949e-01
-8.675910142289399829e+00 1.547841032545206053e-01
-8.658469405055207346e+00 1.581469436671578965e-01
-8.641028667821014864e+00 1.620830929887603078e-01
-8.623587930586822381e+00 1.665496107816862026e-01
-8.606147193352629898e+00 1.715155691970771112e-01
-8.588706456118440968e+00 1.769573912425152495e-01
-8.571265718884248486e+00 1.828527883229276174e-01
-8.553824981650056003e+00 1.891738530480590319e-01
-8.536384244415863520e+00 1.958799031291884873e-01
-8.518943507181671038e+00 2.029107192075736144e-01
-8.501502769947478555e+00 2.101808668157643112e-01
-8.484062032713286072e+00 2.175758197124784687e-01
-8.466621295479093590e+00 2.249505789451886062e-01
-8.449180558244901107e+00 2.321313786722102313e-01
-8.431739821010708624e+00 2.389208641481212481e-01
-8.414299083776516142e+00 2.451068149407935604e-01
-8.396858346542323659e+00 2.504740863129268358e-01
-8.379417609308131176e+00 2.548189970370543511e-01
-8.361976872073938694e+00 2.579649657638150573e-01
-8.344536134839746211e+00 2.597778633957914529e-01
-8.327095397605553728e+00 2.601793751757117690e-01
-8.309654660371361246e+00 2.591567048945704888e-01
-8.292213923137168763e+00 2.567672260838216314e-01
-8.274773185902979833e+00 2.531371751035243478e-01
-8.257332448668787350e+00 2.484541345867974649e-01
-8.239891711434594868e+00 2.429537877015983949e-01
-8.222450974200402385e+00 2.369021313847287091e-01
-8.205010236966209902e+00 2.305749167040973546e-01
-8.187569499732017420e+00 2.242364504038178719e-01
-8.170128762497824937e+00 2.181199887371940427e-01
-8.152688025263632454e+00 2.124117687796616971e-01
-8.135247288029439972e+00 2.072402817130742092e-01
-8.117806550795247489e+00 2.026717618454808023e-01
-8.100365813561055006e+00 1.987121340528911762e-01
-8.082925076326862524e+00 1.953149303412004545e-01
-8.065484339092670041e+00 1.923940468685355343e-01
-8.048043601858477558e+00 1.898397403114197857e-01
-8.030602864624285075e+00 1.875360029002574869e-01
-8.013162127390092593e+00 1.853774229029136744e-01
-7.995721390155900998e+00 1.832838156974027910e-01
-7.978280652921708516e+00 1.812112594428861578e-01
-7.960839915687517809e+00 1.791586325620136422e-01
-7.943399178453325327e+00 1.771692652214832131e-01
-7.925958441219132844e+00 1.753278234222003240e-01
-7.908517703984940361e+00 1.737529909167859765e-01
-7.891076966750747879e+00 1.725868631556456700e-01
-7.873636229516555396e+00 1.719821964563944261e-01
-7.856195492282362913e+00 1.720887575151447413e-01
-7.838754755048170431e+00 1.730399996690686337e-01
-7.821314017813977948e+00 1.749411700904722200e-01
-7.803873280579787242e+00 1.778597507133391209e-01
-7.786432543345594759e+00 1.818188832035476099e-01
-7.768991806111402276e+00 1.867941529678615598e-01
-7.751551068877209794e+00 1.927138346029580174e-01
-7.734110331643017311e+00 1.994624518438313232e-01
-7.716669594408824828e+00 2.068872931171898411e-01
-7.699228857174632346e+00 2.148073566556329972e-01
-7.681788119940439863e+00 2.230240782137564992e-01
-7.664347382706247380e+00 2.313331168461343346e-01
-7.646906645472056674e+00 2.395364349648646252e-01
-7.629465908237864191e+00 2.474539032599145649e-01
-7.612025171003671709e+00 2.549336864970925265e-01
-7.594584433769479226e+00 2.618607233465248263e-01
-7.577143696535286743e+00 2.681627057825040628e-01
-7.559702959301094261e+00 2.738130960686866455e-01
-7.542262222066901778e+00 2.788308953540669100e-01
-7.524821484832709295e+00 2.832770963843171397e-01
-7.507380747598516813e+00 2.872480053873874284e-01
-7.489940010364326106e+00 2.908658875186553860e-01
-7.472499273130133624e+00 2.942676504586630437e-01
-7.455058535895941141e+00 2.975924999373152913e-01
-7.437617798661748658e+00 3.009696458282934417e-01
-7.420177061427556175e+00 3.045071793498769774e-01
-7.402736324193363693e+00 3.082831629567729381e-01
-7.385295586959171210e+00 3.123397726399367857e-01
-7.367854849724978727e+00 3.166810238236755781e-01
-7.350414112490786245e+00 3.212742306707354056e-01
-7.332973375256595538e+00 3.260549414906293575e-01
-7.315532638022403056e+00 3.309347134079403951e-01
-7.298091900788210573e+00 3.358107883467380539e-01
-7.280651163554018090e+00 3.405765496588234464e-01
-7.263210426319825608e+00 3.451315968208715779e-01
-7.245769689085633125e+00 3.493903762213815822e-01
-7.228328951851440642e+00 3.532885305893691541e-01
-7.210888214617248160e+00 3.567864433820522319e-01
-7.193447477383055677e+00 3.598698131765482033e-01
-7.176006740148864971e+00 3.625474504221867789e-01
-7.158566002914672488e+00 3.648468030590117372e-01
-7.141125265680480005e+00 3.668079561541957578e-01
-7.123684528446287523e+00 3.684769931728723025e-01
-7.106243791212095040e+00 3.698996437165436579e-01
-7.088803053977902557e+00 3.711160755354827590e-01
-7.071362316743710075e+00 3.721575264628003699e-01
-7.053921579509517592e+00 3.730452303548883464e-01
-7.036480842275325109e+00 3.737917918782987514e-01
-7.019040105041134403e+00 3.744048357701187935e-01
-7.001599367806941920e+00 3.748924305522519096e-01
-6.984158630572749438e+00 3.752695026347238061e-01
-6.966717893338556955e+00 3.755642536100296525e-01
-6.949277156104364472e+00 3.758235066474642228e-01
-6.931836418870171990e+00 3.761159619822192490e-01
-6.914395681635979507e+00 3.765325441780766336e-01
-6.896954944401787024e+00 3.771833609758044603e-01
-6.879514207167596318e+00 3.781912281029514156e-01
-6.862073469933403835e+00 3.796821899547446755e-01
-6.844632732699211353e+00 3.817739145409193013e-01
-6.827191995465018870e+00 3.845631940479486421e-01
-6.809751258230826387e+00 3.881139829962088617e-01
-6.792310520996633905e+00 3.924474197909641471e-01
-6.774869783762441422e+00 3.975350990251769190e-01
-6.757429046528248939e+00 4.032965160735774712e-01
-6.739988309294056457e+00 4.096011430645399853e-01
-6.722547572059865750e+00 4.162750835512897263e-01
-6.705106834825673268e+00 4.231117639322498070e-01
-6.687666097591480785e+00 4.298857168134693763e-01
-6.670225360357288302e+00 4.363682409421327790e-01
-6.652784623123095820e+00 4.423436058120153169e-01
-6.635343885888903337e+00 4.476245030045588602e-01
-6.617903148654710854e+00 4.520656055124683825e-01
-6.600462411420518372e+00 4.555743408133459127e-01
-6.583021674186325889e+00 4.581182677367359179e-01
-6.565580936952135183e+00 4.597287287299274827e-01
-6.548140199717942700e+00 4.605006956879976743e-01
-6.530699462483750217e+00 4.605889211906607494e-01
-6.513258725249557735e+00 4.602006452617860011e-01
-6.495817988015365252e+00 4.595852013649590617e-01
-6.478377250781172769e+00 4.590209337689481472e-01
-6.460936513546980287e+00 4.587999040817475893e-01
-6.443495776312787804e+00 4.592109468935745009e-01
-6.426055039078595321e+00 4.605217438174654676e-01
-6.408614301844404615e+00 4.629607203873216670e-01
-6.391173564610212132e+00 4.666997165254406221e-01
-6.373732827376019650e+00 4.718385119891735369e-01
-6.356292090141827167e+00 4.783923689430895076e-01
-6.338851352907634684e+00 4.862837486843502033e-01
-6.321410615673442202e+00 4.953392386807236591e-01
-6.303969878439249719e+00 5.052924729429012496e-01
-6.286529141205057236e+00 5.157934459622910417e-01
-6.269088403970864753e+00 5.264241325230880619e-01
-6.251647666736674047e+00 5.367197779017773840e-01
-6.234206929502481564e+00 5.461946759874665158e-01
-6.216766192268289082e+00 5.543707740432044506e-01
-6.199325455034096599e+00 5.608070954730346447e-01
-6.181884717799904116e+00 5.651278046901105911e-01
-6.164443980565711634e+00 5.670467766518053621e-01
-6.147003243331519151e+00 5.663867762628761460e-01
-6.129562506097326668e+00 5.630917715478932495e-01
-6.112121768863134186e+00 5.572314500951517369e-01
-6.094681031628943479e+00 5.489976194775847418e-01
-6.077240294394750997e+00 5.386927860792821710e-01
-6.059799557160558514e+00 5.267117676064649867e-01
-6.042358819926366031e+00 5.135176614697866126e-01
-6.024918082692173549e+00 4.996138400982367833e-01
-6.007477345457981066e+00 4.855138665835479483e-01
-5.990036608223788583e+00 4.717113225183189318e-01
-5.972595870989596101e+00 4.586515225395503825e-01
-5.955155133755403618e+00 4.467069652292506854e-01
-5.937714396521212912e+00 4.361581432908323008e-01
-5.920273659287020429e+00 4.271810104340170722e-01
-5.902832922052827946e+00 4.198419818573067008e-01
-5.885392184818635464e+00 4.141008388393542239e-01
-5.867951447584442981e+00 4.098213356086186643e-01
-5.850510710350250498e+00 4.067887023046059536e-01
-5.833069973116058016e+00 4.047326497649592625e-01
-5.815629235881865533e+00 4.033539690646294473e-01
-5.798188498647673050e+00 4.023524436106554192e-01
-5.780747761413482344e+00 4.014536102643910809e-01
-5.763307024179289861e+00 4.004319579185545708e-01
-5.745866286945097379e+00 3.991284513430329861e-01
-5.728425549710904896e+00 3.974607984434507246e-01
-5.710984812476712413e+00 3.954255926847980995e-01
-5.693544075242519931e+00 3.930922850286334702e-01
-5.676103338008327448e+00 3.905897794558162439e-01
-5.658662600774134965e+00 3.880872057015359311e-01
-5.641221863539942483e+00 3.857710127479526685e-01
-5.623781126305751776e+00 3.838208775468057721e-01
-5.606340389071559294e+00 3.823869955523908071e-01
-5.588899651837366811e+00 3.815711078107055232e-01
-5.571458914603174328e+00 3.814131534256630096e-01
-5.554018177368981846e+00 3.818847765010515150e-01
-5.536577440134789363e+00 3.828901453209667127e-01
-5.519136702900596880e+00 3.842737514266120202e-01
-5.501695965666404398e+00 3.858341386291688768e-01
-5.484255228432211915e+00 3.873419449998890540e-01
-5.466814491198021209e+00 3.885602802664991917e-01
-5.449373753963828726e+00 3.892653344551346706e-01
-5.431933016729636243e+00 3.892652189075432312e-01
-5.414492279495443761e+00 3.884153485336703793e-01
-5.397051542261251278e+00 3.866291335767236270e-01
-5.379610805027058795e+00 3.838832965721939439e-01
-5.362170067792866313e+00 3.802176982431070829e-01
-5.344729330558673830e+00 3.757300826089920442e-01
-5.327288593324481347e+00 3.705665865447224094e-01
-5.309847856090290641e+00 3.649091688347777529e-01
-5.292407118856098158e+00 3.589612827599956146e-01
-5.274966381621905676e+00 3.529331454307167992e-01
-5.257525644387713193e+00 3.470278609274446979e-01
-5.240084907153520710e+00 3.414294565889082755e-01
-5.222644169919328228e+00 3.362936212649160761e-01
-5.205203432685135745e+00 3.317416212200471337e-01
-5.187762695450943262e+00 3.278575427695196165e-01
-5.170321958216750780e+00 3.246886973690423783e-01
-5.152881220982560073e+00 3.222487485179971745e-01
-5.135440483748367591e+00 3.205229010126392497e-01
-5.117999746514175108e+00 3.194743486874393468e-01
-5.100559009279982625e+00 3.190511190384999196e-01
-5.083118272045790142e+00 3.191924880309242041e-01
-5.065677534811597660e+00 3.198342638619060541e-01
-5.048236797577405177e+00 3.209124427583141537e-01
-5.030796060343212694e+00 3.223650011353690337e-01
-5.013355323109020212e+00 3.241318756423633984e-01
-4.995914585874829505e+00 3.261534586772713018e-01
-4.978473848640637023e+00 3.283681633972960756e-01
-4.961033111406444540e+00 3.307097550760155769e-01
-4.943592374172252057e+00 3.331051811926636907e-01
-4.926151636938059575e+00 3.354735523073345549e-01
-4.908710899703867092e+00 3.377267386082024037e-01
-4.891270162469674609e+00 3.397717792490080324e-01
-4.873829425235482127e+00 3.415149932191823279e-01
-4.856388688001289644e+00 3.428673792572957679e-01
-4.838947950767098938e+00 3.437506462229669713e-01
-4.821507213532906455e+00 3.441030648936165837e-01
-4.804066476298713972e+00 3.438843038055660051e-01
-4.786625739064521490e+00 3.430785135841872280e-01
-4.769185001830329007e+00 3.416951444641077584e-01
-4.751744264596136524e+00 3.397672904463702737e-01
-4.734303527361944042e+00 3.373477069246261228e-01
-4.716862790127751559e+00 3.345029951249754996e-01
-4.699422052893559076e+00 3.313067344385340895e-01
-4.681981315659368370e+00 3.278325276880397210e-01
-4.664540578425175887e+00 3.241479729031367940e-01
-4.647099841190983405e+00 3.203104747429994514e-01
-4.629659103956790922e+00 3.163655664218356089e-01
-4.612218366722598439e+00 3.123480565874361403e-01
-4.594777629488405957e+00 3.082858906053498882e-01
-4.577336892254213474e+00 3.042061800690423756e-01
-4.559896155020020991e+00 3.001424710063752554e-01
-4.542455417785828509e+00 2.961420493429619549e-01
-4.525014680551637802e+00 2.922719682919546202e-01
-4.507573943317445320e+00 2.886225528715099520e-01
-4.490133206083252837e+00 2.853073928691777228e-01
-4.472692468849060354e+00 2.824592516887758364e-01
-4.455251731614867872e+00 2.802218448380968119e-01
-4.437810994380675389e+00 2.787380107722138289e-01
-4.420370257146482906e+00 2.781353324432683238e-01
-4.402929519912290424e+00 2.785106967794491184e-01
-4.385488782678097941e+00 2.799155410768672247e-01
-4.368048045443907235e+00 2.823435912248913326e-01
-4.350607308209714752e+00 2.857227348566773184e-01
-4.333166570975522269e+00 2.899123088115863056e-01
-4.315725833741329787e+00 2.947065555002484349e-01
-4.298285096507137304e+00 2.998443764023075442e-01
-4.280844359272944821e+00 3.050248531319815770e-01
-4.263403622038752339e+00 3.099273892887659532e-01
-4.245962884804559856e+00 3.142348154994601961e-01
-4.228522147570367373e+00 3.176574487878905950e-01
-4.211081410336174891e+00 3.199559415968541431e-01
-4.193640673101982408e+00 3.209608116405203715e-01
-4.176199935867789925e+00 3.205868071095736571e-01
-4.158759198633597443e+00 3.188407088726843974e-01
-4.141318461399404960e+00 3.158217610901115080e-01
-4.123877724165216030e+00 3.117145988240360710e-01
-4.106436986931023547e+00 3.067752408347866333e-01
-4.088996249696831065e+00 3.013113686503850475e-01
-4.071555512462638582e+00 2.956586523259977506e-01
-4.054114775228446099e+00 2.901552514747846034e-01
-4.036674037994253617e+00 2.851167756536635567e-01
-4.019233300760061134e+00 2.808139113876483850e-01
-4.001792563525868651e+00 2.774546199414388847e-01
-3.984351826291676169e+00 2.751723126718358392e-01
-3.966911089057483686e+00 2.740207753693869042e-01
-3.949470351823291203e+00 2.739759129016148820e-01
-3.932029614589098721e+00 2.749437026803773221e-01
-3.914588877354906238e+00 2.767731597151504852e-01
-3.897148140120713755e+00 2.792726938636417855e-01
-3.879707402886521272e+00 2.822280255134300697e-01
-3.862266665652328790e+00 2.854198349792602118e-01
-3.844825928418136307e+00 2.886395387294082293e-01
-3.827385191183943824e+00 2.917019700636215851e-01
-3.809944453949754894e+00 2.944542305769218271e-01
-3.792503716715562412e+00 2.967804988603002236e-01
-3.775062979481369929e+00 2.986030626031920265e-01
-3.757622242247177446e+00 2.998802193854029352e-01
-3.740181505012984964e+00 3.006019296206295932e-01
-3.722740767778792481e+00 3.007841863867195542e-01
-3.705300030544599998e+00 3.004630001314879673e-01
-3.687859293310407516e+00 2.996887117345581331e-01
-3.670418556076215033e+00 2.985210902952941669e-01
-3.652977818842022550e+00 2.970253941583404500e-01
-3.635537081607830068e+00 2.952693250840398576e-01
-3.618096344373637585e+00 2.933206266669344808e-01
-3.600655607139445102e+00 2.912449945152964514e-01
-3.583214869905252620e+00 2.891039844869062736e-01
-3.565774132671060137e+00 2.869527150230459234e-01
-3.548333395436867654e+00 2.848373327847694148e-01
-3.530892658202675172e+00 2.827924084846296093e-01
-3.513451920968482689e+00 2.808386083491713481e-01
-3.496011183734293759e+00 2.789811050255245894e-01
-3.478570446500101276e+00 2.772092188726016371e-01
-3.461129709265908794e+00 2.754977012446204743e-01
-3.443688972031716311e+00 2.738098897770206985e-01
-3.426248234797523828e+00 2.721027057093229340e-01
-3.408807497563331346e+00 2.703331652289127085e-01
-3.391366760329138863e+00 2.684657909012316268e-01
-3.373926023094946380e+00 2.664800868394565092e-01
-3.356485285860753898e+00 2.643771255019048971e-01
-3.339044548626561415e+00 2.621843115614403974e-01
-3.321603811392368932e+00 2.599575440025674311e-01
-3.304163074158176450e+00 2.577802731359342125e-01
-3.286722336923983967e+00 2.557593061436407855e-01
-3.269281599689791484e+00 2.540176014250423164e-01
-3.251840862455599002e+00 2.526846527885112659e-01
-3.234400125221406519e+00 2.518853495903959350e-01
-3.216959387987214036e+00 2.517283723874845780e-01
-3.199518650753021554e+00 2.522952287059383458e-01
-3.182077913518832624e+00 2.536309534325518755e-01
-3.164637176284640141e+00 2.557373137605474800e-01
-3.147196439050447658e+00 2.585691019096176269e-01
-3.129755701816255176e+00 2.620338069486962684e-01
-3.112314964582062693e+00 2.659946648293625149e-01
-3.094874227347870210e+00 2.702768209505453934e-01
-3.077433490113677728e+00 2.746761205017925200e-01
-3.059992752879485245e+00 2.789698775163365618e-01
-3.042552015645292762e+00 2.829288660526425581e-01
-3.025111278411100280e+00 2.863297243928613067e-01
-3.007670541176907797e+00 2.889669627274321084e-01
-2.990229803942715314e+00 2.906638141314406565e-01
-2.972789066708522832e+00 2.912812657972574382e-01
-2.955348329474330349e+00 2.907247494249803332e-01
-2.937907592240137866e+00 2.889481500049319584e-01
-2.920466855005945384e+00 2.859549993361615305e-01
-2.903026117771752901e+00 2.817969370445305710e-01
-2.885585380537560418e+00 2.765697255312984382e-01
-2.868144643303371488e+00 2.704072726573650831e-01
-2.850703906069179006e+00 2.634742263967437270e-01
-2.833263168834986523e+00 2.559577459578305514e-01
-2.815822431600794040e+00 2.480590216808050696e-01
-2.798381694366601558e+00 2.399850213911020602e-01
-2.780940957132409075e+00 2.319408048575858639e-01
-2.763500219898216592e+00 2.241225987643806761e-01
-2.746059482664024110e+00 2.167116918501723333e-01
-2.728618745429831627e+00 2.098691185830339756e-01
-2.711178008195639144e+00 2.037310648778094535e-01
-2.693737270961446661e+00 1.984049526675637776e-01
-2.676296533727254179e+00 1.939662298469855273e-01
-2.658855796493061696e+00 1.904559856343705226e-01
-2.641415059258869213e+00 1.878796004114438034e-01
-2.623974322024676731e+00 1.862066957764229869e-01
-2.606533584790484248e+00 1.853726536727699215e-01
-2.589092847556291765e+00 1.852819129959011324e-01
-2.571652110322099283e+00 1.858131312537192603e-01
-2.554211373087910353e+00 1.868261333666194624e-01
-2.536770635853717870e+00 1.881703843442279755e-01
-2.519329898619525387e+00 1.896945461171797020e-01
-2.501889161385332905e+00 1.912565381482231319e-01
-2.484448424151140422e+00 1.927334365455055099e-01
-2.467007686916947939e+00 1.940305267976045744e-01
-2.449566949682755457e+00 1.950888690128908531e-01
-2.432126212448562974e+00 1.958908296848471953e-01
-2.414685475214370491e+00 1.964631619895955694e-01
-2.397244737980178009e+00 1.968773571725391802e-01
-2.379804000745985526e+00 1.972471256481868884e-01
-2.362363263511793043e+00 1.977229882410015127e-01
-2.344922526277600561e+00 1.984840651722340477e-01
-2.327481789043408078e+00 1.997272516643230633e-01
-2.310041051809215595e+00 2.016540792668130022e-01
-2.292600314575023113e+00 2.044556971917781685e-01
-2.275159577340830630e+00 2.082965789637774012e-01
-2.257718840106641700e+00 2.132977662925885087e-01
-2.240278102872449217e+00 2.195206885764921789e-01
-2.222837365638256735e+00 2.269528104866233298e-01
-2.205396628404064252e+00 2.354965154537517757e-01
-2.187955891169871769e+00 2.449626764918102217e-01
-2.170515153935679287e+00 2.550702481008064737e-01
-2.153074416701486804e+00 2.654529000948381845e-01
-2.135633679467294321e+00 2.756731992058137348e-01
-2.118192942233101839e+00 2.852441552262589552e-01
-2.100752204998909356e+00 2.936571501998158085e-01
-2.083311467764716873e+00 3.004144582809148978e-01
-2.065870730530524391e+00 3.050638558663272271e-01
-2.048429993296331908e+00 3.072323325830059737e-01
-2.030989256062139425e+00 3.066557395787242180e-01
-2.013548518827946943e+00 3.032014085727215980e-01
-1.996107781593754460e+00 2.968813462623184907e-01
-1.978667044359561977e+00 2.878544989327088133e-01
-1.961226307125369495e+00 2.764176843288717600e-01
-1.943785569891180565e+00 2.629859585772519881e-01
-1.926344832656988082e+00 2.480642685526796842e-01
-1.908904095422795599e+00 2.322130907254280063e-01
-1.891463358188603117e+00 2.160112689437915234e-01
-1.874022620954410634e+00 2.000193821322851784e-01
-1.856581883720218151e+00 1.847467053401521397e-01
-1.839141146486025669e+00 1.706242370905017569e-01
-1.821700409251833186e+00 1.579854579113058322e-01
-1.804259672017640703e+00 1.470555861211409465e-01
-1.786818934783448221e+00 1.379492327884659086e-01
-1.769378197549255738e+00 1.306756316986048549e-01
-1.751937460315063255e+00 1.251500992779497889e-01
-1.734496723080870773e+00 1.212100887097809637e-01
-1.717055985846678290e+00 1.186341275491593211e-01
-1.699615248612485807e+00 1.171620251717212791e-01
-1.682174511378293325e+00 1.165149461324409830e-01
-1.664733774144100842e+00 1.164142079982368044e-01
-1.647293036909908359e+00 1.165979288234346573e-01
-1.629852299675719429e+00 1.168348900391992934e-01
-1.612411562441526947e+00 1.169351849052357867e-01
-1.594970825207334464e+00 1.167573966776370153e-01
-1.577530087973141981e+00 1.162122089154112997e-01
-1.560089350738949499e+00 1.152625079151719523e-01
-1.542648613504757016e+00 1.139202024794509355e-01
-1.525207876270564533e+00 1.122401567620020524e-01
-1.507767139036372050e+00 1.103117946984272096e-01
-1.490326401802179568e+00 1.082490691789305126e-01
-1.472885664567987085e+00 1.061795739491672580e-01
-1.455444927333794602e+00 1.042335946392154156e-01
-1.438004190099602120e+00 1.025338410275152823e-01
-1.420563452865409637e+00 1.011864821697282951e-01
-1.403122715631217154e+00 1.002739378880399962e-01
-1.385681978397024672e+00 9.984969097454041154e-02
-1.368241241162832189e+00 9.993520319002702212e-02
-1.350800503928639706e+00 1.005188694562794555e-01
-1.333359766694447224e+00 1.015568438385496680e-01
-1.315919029460258294e+00 1.029755209822511980e-01
-1.298478292226065811e+00 1.046754484351030690e-01
-1.281037554991873328e+00 1.065364604986228925e-01
-1.263596817757680846e+00 1.084238407487054801e-01
-1.246156080523488363e+00 1.101953180846310110e-01
-1.228715343289295880e+00 1.117086675644130417e-01
-1.211274606055103398e+00 1.128296208946502621e-01
-1.193833868820910915e+00 1.134397027886892423e-01
-1.176393131586718432e+00 1.134435190687942130e-01
-1.158952394352525950e+00 1.127749566448805751e-01
-1.141511657118333467e+00 1.114017404747143641e-01
-1.124070919884140984e+00 1.093278481360470678e-01
-1.106630182649948502e+00 1.065934171567828465e-01
-1.089189445415756019e+00 1.032719877509150896e-01
-1.071748708181563536e+00 9.946518335651256815e-02
-1.054307970947371054e+00 9.529521048786854243e-02
-1.036867233713178571e+00 9.089581795481305182e-02
-1.019426496478986088e+00 8.640255314533315523e-02
-1.001985759244797158e+00 8.194325620089445983e-02
-9.845450220106046757e-01 7.762972084063071709e-02
-9.671042847764121930e-01 7.355131968782108176e-02
-9.496635475422197104e-01 6.977115697067147460e-02
-9.322228103080272277e-01 6.632500367314773937e-02
-9.147820730738347450e-01 6.322293262182779316e-02
-8.973413358396422623e-01 6.045325154367323789e-02
-8.799005986054497797e-01 5.798807591541304401e-02
-8.624598613712572970e-01 5.578972543901344894e-02
-8.450191241370648143e-01 5.381708758941286530e-02
-8.275783869028723316e-01 5.203116984510457871e-02
-8.101376496686798490e-01 5.039924184665089263e-02
-7.926969124344873663e-01 4.889721812085856545e-02
-7.752561752002948836e-01 4.751021055596094111e-02
-7.578154379661024009e-01 4.623144497787229357e-02
-7.403747007319099183e-01 4.505995036714147139e-02
-7.229339634977174356e-01 4.399756541196815640e-02
-7.054932262635249529e-01 4.304585208517283657e-02
-6.880524890293360230e-01 4.220346134399001470e-02
-6.706117517951435403e-01 4.146437645121005267e-02
-6.531710145609510576e-01 4.081728871369579015e-02
-6.357302773267585749e-01 4.024616718393023151e-02
-6.182895400925660923e-01 3.973189650637703324e-02
-6.008488028583736096e-01 3.925469993718407741e-02
-5.834080656241811269e-01 3.879695517579125064e-02
-5.659673283899886442e-01 3.834595865335539006e-02
-5.485265911557961616e-01 3.789620123968594212e-02
-5.310858539216036789e-01 3.745078029426968103e-02
-5.136451166874111962e-01 3.702167994081033420e-02
-4.962043794532187135e-01 3.662879032781956451e-02
-4.787636422190262309e-01 3.629769232219860059e-02
-4.613229049848337482e-01 3.605639041106896425e-02
-4.438821677506412655e-01 3.593131724863889848e-02
-4.264414305164487828e-01 3.594304275301392348e-02
-4.090006932822563002e-01 3.610218537844706727e-02
-3.915599560480638175e-01 3.640603306984407928e-02
-3.741192188138748875e-01 3.683633146575968770e-02
-3.566784815796824049e-01 3.735858875604219226e-02
-3.392377443454899222e-01 3.792308928229626980e-02
-3.217970071112974395e-01 3.846761787726558912e-02
-3.043562698771049568e-01 3.892169637814285599e-02
-2.869155326429124742e-01 3.921194828875091548e-02
-2.694747954087199915e-01 3.926806244292530695e-02
-2.520340581745275088e-01 3.902874267887204013e-02
-2.345933209403350261e-01 3.844702103600177584e-02
-2.171525837061425435e-01 3.749437954166200820e-02
-1.997118464719500608e-01 3.616326181061362693e-02
-1.822711092377575781e-01 3.446774191361832301e-02
-1.648303720035650954e-01 3.244232855946277416e-02
-1.473896347693726128e-01 3.013908877554772464e-02
-1.299488975351801301e-01 2.762344970284891232e-02
-1.125081603009876474e-01 2.496915836291875579e-02
-9.506742306679516474e-02 2.225293471472934367e-02
-7.762668583260268207e-02 1.954934072655601165e-02
-6.018594859841375211e-02 1.692631519463024675e-02
-4.274521136422126943e-02 1.444170618533254478e-02
-2.530447413002878676e-02 1.214099051802076251e-02
-7.863736895836304086e-03 1.005622398697298379e-02
9.577000338356178588e-03 8.206136088426310704e-03
2.701773757254866126e-02 6.597183037012552265e-03
4.445847480674114394e-02 5.225310686795167116e-03
6.189921204093362661e-02 4.078155987717256917e-03
7.933994927512610928e-02 3.137427576415297795e-03
9.678068650931859196e-02 2.381244804158189933e-03
1.142214237435110746e-01 1.786269682614614190e-03
1.316621609777035573e-01 1.329527440877010733e-03
1.491028982118960400e-01 9.898695121605125598e-04
1.665436354460885227e-01 7.490809590773391978e-04
1.839843726802810053e-01 5.926684296423056445e-04
2.014251099144734880e-01 5.103831384569779746e-04
2.188658471486659707e-01 4.965367197170149393e-04
2.363065843828584534e-01 5.501583934874337443e-04
2.537473216170473833e-01 6.750231321433367102e-04
2.711880588512398660e-01 8.795564734909127984e-04
2.886287960854323487e-01 1.176596672512663852e-03
3.060695333196248313e-01 1.582973429184878498e-03
3.235102705538173140e-01 2.118848682336469443e-03
3.409510077880097967e-01 2.806762612003465673e-03
3.583917450222022794e-01 3.670339812834663186e-03
3.758324822563947620e-01 4.732637917193149163e-03
3.932732194905872447e-01 6.014163096304449979e-03
4.107139567247797274e-01 7.530630734868743077e-03
4.281546939589722101e-01 9.290609378999128976e-03
4.455954311931646927e-01 1.129324356488489375e-02
4.630361684273571754e-01 1.352629640424954892e-02
4.804769056615496581e-01 1.596477548751327330e-02
4.979176428957421408e-01 1.857039676918463209e-02
5.153583801299346234e-01 2.129209491481577621e-02
5.327991173641271061e-01 2.406770446135593836e-02
5.502398545983195888e-01 2.682681963890268598e-02
5.676805918325085187e-01 2.949470379410685725e-02
5.851213290667010014e-01 3.199697939524592805e-02
6.025620663008934841e-01 3.426470706800347626e-02
6.200028035350859668e-01 3.623937741797601808e-02
6.374435407692784494e-01 3.787730923887307893e-02
6.548842780034709321e-01 3.915298169135304068e-02
6.723250152376634148e-01 4.006092628076814155e-02
6.897657524718558975e-01 4.061595675088229551e-02
7.072064897060483801e-01 4.085170184768117246e-02
7.246472269402408628e-01 4.081760135538318318e-02
7.420879641744333455e-01 4.057470167805941885e-02
7.595287014086258282e-01 4.019071786398259460e-02
7.769694386428183108e-01 3.973489561835158446e-02
7.944101758770107935e-01 3.927320095690014362e-02
8.118509131112032762e-01 3.886428969506932479e-02
8.292916503453957588e-01 3.855657776445695767e-02
8.467323875795882415e-01 3.838656845805326484e-02
8.641731248137807242e-01 3.837842047310081189e-02
8.816138620479696542e-01 3.854458717448160099e-02
8.990545992821621368e-01 3.888724455491555931e-02
9.164953365163546195e-01 3.940016704136941467e-02
9.339360737505471022e-01 4.007071142504464029e-02
9.513768109847395849e-01 4.088162524095602379e-02
9.688175482189320675e-01 4.181249433162221446e-02
9.862582854531245502e-01 4.284076687742501693e-02
1.003699022687317033e+00 4.394241687861320106e-02
1.021139759921509516e+00 4.509241813314192326e-02
1.038580497155701998e+00 4.626527221204371210e-02
1.056021234389894481e+00 4.743585780463099866e-02
1.073461971624086964e+00 4.858083759871913154e-02
1.090902708858279446e+00 4.968077345905975994e-02
1.108343446092471929e+00 5.072296954564207289e-02
1.125784183326664412e+00 5.170490175659744891e-02
1.143224920560856894e+00 5.263792193275809717e-02
1.160665657795049377e+00 5.355077187437783798e-02
1.178106395029241860e+00 5.449233163833517440e-02
1.195547132263430790e+00 5.553298264249068028e-02
1.212987869497623272e+00 5.676400659514611868e-02
1.230428606731815755e+00 5.829457455262276877e-02
1.247869343966008238e+00 6.024610284207219252e-02
1.265310081200200720e+00 6.274404730071721226e-02
1.282750818434393203e+00 6.590754473003072877e-02
1.300191555668585686e+00 6.983765091172988715e-02
1.317632292902778168e+00 7.460522239304047398e-02
1.335073030136970651e+00 8.023969882444149937e-02
1.352513767371163134e+00 8.672012459609253210e-02
1.369954504605355616e+00 9.396967622803291398e-02
1.387395241839548099e+00 1.018547266545573454e-01
1.404835979073740582e+00 1.101890914445696479e-01
1.422276716307933064e+00 1.187435987469117882e-01
1.439717453542125547e+00 1.272605566304703117e-01
1.457158190776318030e+00 1.354721237084471064e-01
1.474598928010510512e+00 1.431210914798066447e-01
1.492039665244702995e+00 1.499822250006980218e-01
1.509480402478891925e+00 1.558821335947040698e-01
1.526921139713084408e+00 1.607156848205834598e-01
1.544361876947276890e+00 1.644572357514468008e-01
1.561802614181469373e+00 1.671654111414221655e-01
1.579243351415661856e+00 1.689807591888974614e-01
1.596684088649854338e+00 1.701162955404761645e-01
1.614124825884046821e+00 1.708416295319770961e-01
1.631565563118239304e+00 1.714619795226344501e-01
1.649006300352431786e+00 1.722938633928226548e-01
1.666447037586624269e+00 1.736395505337054168e-01
1.683887774820816752e+00 1.757624594750139824e-01
1.701328512055009234e+00 1.788655796510343621e-01
1.718769249289201717e+00 1.830747058170168751e-01
1.736209986523394200e+00 1.884278341835749215e-01
1.753650723757586682e+00 1.948715257277573720e-01
1.771091460991779165e+00 2.022644447657180877e-01
1.788532198225971648e+00 2.103876807192431864e-01
1.805972935460164130e+00 2.189609062173440146e-01
1.823413672694353060e+00 2.276629581011558601e-01
1.840854409928545543e+00 2.361550853073108858e-01
1.858295147162738026e+00 2.441049160403903906e-01
1.875735884396930508e+00 2.512091727136515629e-01
1.893176621631122991e+00 2.572133111265729744e-01
1.910617358865315474e+00 2.619265705067059802e-01
1.928058096099507956e+00 2.652313685553214784e-01
1.945498833333700439e+00 2.670865209380920424e-01
1.962939570567892922e+00 2.675243556503286158e-01
1.980380307802085404e+00 2.666423690637953481e-01
1.997821045036277887e+00 2.645905700404183603e-01
2.015261782270470370e+00 2.615560248048056646e-01
2.032702519504662853e+00 2.577463054015073363e-01
2.050143256738855335e+00 2.533735360078209209e-01
2.067583993973047818e+00 2.486405264753324129e-01
2.085024731207240301e+00 2.437301095556055897e-01
2.102465468441432783e+00 2.387983088304009016e-01
2.119906205675625266e+00 2.339714265014907202e-01
2.137346942909814196e+00 2.293466289726189267e-01
2.154787680144006679e+00 2.249951944440185259e-01
2.172228417378199161e+00 2.209673262210826439e-01
2.189669154612391644e+00 2.172973597393236256e-01
2.207109891846584127e+00 2.140083028650170693e-01
2.224550629080776609e+00 2.111149207408523631e-01
2.241991366314969092e+00 2.086249563023573894e-01
2.259432103549161575e+00 2.065384976118645743e-01
2.276872840783354057e+00 2.048458910749134665e-01
2.294313578017546540e+00 2.035248912421603606e-01
2.311754315251739023e+00 2.025378879913318220e-01
2.329195052485931505e+00 2.018300413677931449e-01
2.346635789720123988e+00 2.013289928503680659e-01
2.364076526954316471e+00 2.009465448374767316e-01
2.381517264188508953e+00 2.005823618279434783e-01
2.398958001422701436e+00 2.001294093048284206e-01
2.416398738656893919e+00 1.994805684422403524e-01
2.433839475891086401e+00 1.985356912106455152e-01
2.451280213125275331e+00 1.972083146118625563e-01
2.468720950359467814e+00 1.954313334378553202e-01
2.486161687593660297e+00 1.931611139879172434e-01
2.503602424827852779e+00 1.903797754159136657e-01
2.521043162062045262e+00 1.870956214641185944e-01
2.538483899296237745e+00 1.833419258249871509e-01
2.555924636530430227e+00 1.791744229682226131e-01
2.573365373764622710e+00 1.746679144971515774e-01
2.590806110998815193e+00 1.699123710635709050e-01
2.608246848233007675e+00 1.650088127016555994e-01
2.625687585467200158e+00 1.600651207643820073e-01
2.643128322701392641e+00 1.551918123041890751e-01
2.660569059935585123e+00 1.504977285310255541e-01
2.678009797169777606e+00 1.460855763925150708e-01
2.695450534403970089e+00 1.420473220577491702e-01
2.712891271638162571e+00 1.384595536060020393e-01
2.730332008872355054e+00 1.353790776313872346e-01
2.747772746106547537e+00 1.328391511890527621e-01
2.765213483340736467e+00 1.308468362284758157e-01
2.782654220574928949e+00 1.293819666866302398e-01
2.800094957809121432e+00 1.283981232255254623e-01
2.817535695043313915e+00 1.278258219750310620e-01
2.834976432277506397e+00 1.275778664112578731e-01
2.852417169511698880e+00 1.275565259541240337e-01
2.869857906745891363e+00 1.276619388707922187e-01
2.887298643980083845e+00 1.278009366295708993e-01
2.904739381214276328e+00 1.278953871927012154e-01
2.922180118448468811e+00 1.278891738242635967e-01
2.939620855682661293e+00 1.277530617055012696e-01
2.957061592916853776e+00 1.274869361001498558e-01
2.974502330151046259e+00 1.271191881765725562e-01
2.991943067385238741e+00 1.267033362339521352e-01
3.009383804619431224e+00 1.263122602011944595e-01
3.026824541853623707e+00 1.260306624601140180e-01
3.044265279087816189e+00 1.259465264054834832e-01
3.061706016322008672e+00 1.261424165845860257e-01
3.079146753556197602e+00 1.266874529637091462e-01
3.096587490790390085e+00 1.276307070767078999e-01
3.114028228024582567e+00 1.289966238653556252e-01
3.131468965258775050e+00 1.307828850685688327e-01
3.148909702492967533e+00 1.329609121406784000e-01
3.166350439727160015e+00 1.354789717661363802e-01
3.183791176961352498e+00 1.382676080448076439e-01
3.201231914195544981e+00 1.412468971936334805e-01
3.218672651429737464e+00 1.443348212168270028e-01
3.236113388663929946e+00 1.474559076491584186e-01
3.253554125898122429e+00 1.505492055270914453e-01
3.270994863132314912e+00 1.535746828811208053e-01
3.288435600366507394e+00 1.565172504472069348e-01
3.305876337600699877e+00 1.593878399420063097e-01
3.323317074834892360e+00 1.622212777522042404e-01
3.340757812069084842e+00 1.650710650261977275e-01
3.358198549303277325e+00 1.680015586407440642e-01
3.375639286537469808e+00 1.710783928870050763e-01
3.393080023771658738e+00 1.743582384036885535e-01
3.410520761005851220e+00 1.778791218953955366e-01
3.427961498240043703e+00 1.816525037162266543e-01
3.445402235474236186e+00 1.856581287447500173e-01
3.462842972708428668e+00 1.898423505521038557e-01
3.480283709942621151e+00 1.941202212381107906e-01
3.497724447176813634e+00 1.983811946219722622e-01
3.515165184411006116e+00 2.024978685627553121e-01
3.532605921645198599e+00 2.063368480841683006e-01
3.550046658879391082e+00 2.097705865421883586e-01
3.567487396113583564e+00 2.126889801948683434e-01
3.584928133347776047e+00 2.150095538523476013e-01
3.602368870581968530e+00 2.166852635921548142e-01
3.619809607816161012e+00 2.177092233400710342e-01
3.637250345050353495e+00 2.181159933809193874e-01
3.654691082284545978e+00 2.179794073513154073e-01
3.672131819518738460e+00 2.174072222934517462e-01
3.689572556752930943e+00 2.165331265891422552e-01
3.707013293987119873e+00 2.155068182824147749e-01
3.724454031221312356e+00 2.144829686926923717e-01
3.741894768455504838e+00 2.136099197683249684e-01
3.759335505689697321e+00 2.130189398039997184e-01
3.776776242923889804e+00 2.128147931202026832e-01
3.794216980158082286e+00 2.130682746489681589e-01
3.811657717392274769e+00 2.138112256002759892e-01
3.829098454626467252e+00 2.150343836473487535e-01
3.846539191860659734e+00 2.166882316580517054e-01
3.863979929094852217e+00 2.186867967612493857e-01
3.881420666329044700e+00 2.209141259766790877e-01
3.898861403563237182e+00 2.232329425009381141e-01
3.916302140797429665e+00 2.254947912556989897e-01
3.933742878031622148e+00 2.275508398902967022e-01
3.951183615265814630e+00 2.292624364919094715e-01
3.968624352500007113e+00 2.305105542455077039e-01
3.986065089734199596e+00 2.312033796325097534e-01
4.003505826968392078e+00 2.312815121382004735e-01
4.020946564202581008e+00 2.307205123745588171e-01
4.038387301436773491e+00 2.295308234928732372e-01
4.055828038670965974e+00 2.277553550995105314e-01
4.073268775905158456e+00 2.254652210505124765e-01
4.090709513139350939e+00 2.227542357700183773e-01
4.108150250373543422e+00 2.197327886116582640e-01
4.125590987607735904e+00 2.165216417140110594e-01
4.143031724841928387e+00 2.132460598254205253e-01
4.160472462076120870e+00 2.100305172961918487e-01
4.177913199310313352e+00 2.069940767144352878e-01
4.195353936544505835e+00 2.042464278346154682e-01
4.212794673778698318e+00 2.018845330993194187e-01
4.230235411012890800e+00 1.999898479550802632e-01
4.247676148247083283e+00 1.986261533350540676e-01
4.265116885481275766e+00 1.978381236288078993e-01
4.282557622715468248e+00 1.976508196708624265e-01
4.299998359949660731e+00 1.980703093794999869e-01
4.317439097183853214e+00 1.990855572000172491e-01
4.334879834418042144e+00 2.006715842951654338e-01
4.352320571652234626e+00 2.027937021163360443e-01
4.369761308886427109e+00 2.054123988394906952e-01
4.387202046120619592e+00 2.084882594463496053e-01
4.404642783354812074e+00 2.119861764757286493e-01
4.422083520589004557e+00 2.158781012836840929e-01
4.439524257823197040e+00 2.201437176975479526e-01
4.456964995057389523e+00 2.247686880660393349e-01
4.474405732291582005e+00 2.297404948781230360e-01
4.491846469525774488e+00 2.350423239860524316e-01
4.509287206759966971e+00 2.406458369777644546e-01
4.526727943994159453e+00 2.465039860305532071e-01
4.544168681228351936e+00 2.525451707618268649e-01
4.561609418462544419e+00 2.586699824337406195e-01
4.579050155696736901e+00 2.647515177643012252e-01
4.596490892930929384e+00 2.706397995638027965e-01
4.613931630165121867e+00 2.761702741846864262e-01
4.631372367399314349e+00 2.811757498402718269e-01
4.648813104633503279e+00 2.855005889484466541e-01
4.666253841867695762e+00 2.890155600538168446e-01
4.683694579101888245e+00 2.916315583013536772e-01
4.701135316336080727e+00 2.933104533939113745e-01
4.718576053570273210e+00 2.940716176401678150e-01
4.736016790804465693e+00 2.939931834277220157e-01
4.753457528038658175e+00 2.932077077440204960e-01
4.770898265272850658e+00 2.918925910235258270e-01
4.788339002507043141e+00 2.902562146942742616e-01
4.805779739741235623e+00 2.885212436741967923e-01
4.823220476975428106e+00 2.869068277126348154e-01
4.840661214209620589e+00 2.856115011802837778e-01
4.858101951443813071e+00 2.847984301999395562e-01
4.875542688678005554e+00 2.845843239004257064e-01
4.892983425912198037e+00 2.850328694100546789e-01
4.910424163146390519e+00 2.861530349420747243e-01
4.927864900380583002e+00 2.879020784944938405e-01
4.945305637614775485e+00 2.901926580128665334e-01
4.962746374848964415e+00 2.929031029291809807e-01
4.980187112083156897e+00 2.958896985411464953e-01
4.997627849317349380e+00 2.989997573697618649e-01
5.015068586551541863e+00 3.020842942426851807e-01
5.032509323785734345e+00 3.050092630760457002e-01
5.049950061019926828e+00 3.076645266270117696e-01
5.067390798254119311e+00 3.099699883239713794e-01
5.084831535488311793e+00 3.118785921249807025e-01
5.102272272722504276e+00 3.133761703884507255e-01
5.119713009956696759e+00 3.144783734225543026e-01
5.137153747190889241e+00 3.152251342689318392e-01
5.154594484425081724e+00 3.156732984698569222e-01
5.172035221659274207e+00 3.158881740661138027e-01
5.189475958893466689e+00 3.159348272315244399e-01
5.206916696127659172e+00 3.158699611018621067e-01
5.224357433361851655e+00 3.157351686196157026e-01
5.241798170596044137e+00 3.155522455163885520e-01
5.259238907830236620e+00 3.153210898829582054e-01
5.276679645064425550e+00 3.150205057183428914e-01
5.294120382298618033e+00 3.146119783446617579e-01
5.311561119532810515e+00 3.140462127816978088e-01
5.329001856767002998e+00 3.132719401603455411e-01
5.346442594001195481e+00 3.122462251445566883e-01
5.363883331235387963e+00 3.109452765245570016e-01
5.381324068469580446e+00 3.093746032676130131e-01
5.398764805703772929e+00 3.075772978476404296e-01
5.416205542937965411e+00 3.056392904859103754e-01
5.433646280172157894e+00 3.036906143133626390e-01
5.451087017406350377e+00 3.019020496053710922e-01
5.468527754640542859e+00 3.004769542274316474e-01
5.485968491874735342e+00 2.996385977480555685e-01
5.503409229108927825e+00 2.996138429129023284e-01
5.520849966343120307e+00 3.006144950674246030e-01
5.538290703577312790e+00 3.028180013517994817e-01
5.555731440811505273e+00 3.063493700426186961e-01
5.573172178045697756e+00 3.112661586359569132e-01
5.590612915279886685e+00 3.175481368131561899e-01
5.608053652514079168e+00 3.250927882446116302e-01
5.625494389748271651e+00 3.337172243852923881e-01
5.642935126982464134e+00 3.431664188537161264e-01
5.660375864216656616e+00 3.531270202845878114e-01
5.677816601450849099e+00 3.632454513458997503e-01
5.695257338685041582e+00 3.731486234739569974e-01
5.712698075919234064e+00 3.824654354424129044e-01
5.730138813153426547e+00 3.908472895672790992e-01
5.747579550387619030e+00 3.979861271009567658e-01
5.765020287621811512e+00 4.036288987414736740e-01
5.782461024856003995e+00 4.075878719081003076e-01
5.799901762090196478e+00 4.097466524479315142e-01
5.817342499324388960e+00 4.100621927055282945e-01
5.834783236558581443e+00 4.085633201553214855e-01
5.852223973792773926e+00 4.053464308145852679e-01
5.869664711026966408e+00 4.005689613152930706e-01
5.887105448261158891e+00 3.944411225568733581e-01
5.904546185495347821e+00 3.872162041001525057e-01
5.921986922729540304e+00 3.791796045589418962e-01
5.939427659963732786e+00 3.706366627873861619e-01
5.956868397197925269e+00 3.618993903865539985e-01
5.974309134432117752e+00 3.532723426418871715e-01
5.991749871666310234e+00 3.450380878872026380e-01
6.009190608900502717e+00 3.374429957077976772e-01
6.026631346134695200e+00 3.306842995904148985e-01
6.044072083368887682e+00 3.248995360772938268e-01
6.061512820603080165e+00 3.201594693803351821e-01
6.078953557837272648e+00 3.164654506537527001e-01
6.096394295071465130e+00 3.137518375528735026e-01
6.113835032305657613e+00 3.118936454294514160e-01
6.131275769539850096e+00 3.107190743193739557e-01
6.148716506774042578e+00 3.100260280168941063e-01
6.166157244008235061e+00 3.096012870067580969e-01
6.183597981242427544e+00 3.092406789981100856e-01
6.201038718476620026e+00 3.087684515041034805e-01
6.218479455710808956e+00 3.080541058852592218e-01
6.235920192945001439e+00 3.070251897159216314e-01
6.253360930179193922e+00 3.056749291900012211e-01
6.270801667413386404e+00 3.040640648710375982e-01
6.288242404647578887e+00 3.023167753432942084e-01
6.305683141881771370e+00 3.006110796549095188e-01
6.323123879115963852e+00 2.991645555978588722e-01
6.340564616350156335e+00 2.982165646851060448e-01
6.358005353584348818e+00 2.980084177113835331e-01
6.375446090818541300e+00 2.987630403257099942e-01
6.392886828052733783e+00 3.006657078388859095e-01
6.410327565286926266e+00 3.038473193522873705e-01
6.427768302521118748e+00 3.083714828459933055e-01
6.445209039755311231e+00 3.142263969333670137e-01
6.462649776989503714e+00 3.213221565958712111e-01
6.480090514223696196e+00 3.294936994205818204e-01
6.497531251457888679e+00 3.385091724060252383e-01
6.514971988692077609e+00 3.480830709443020754e-01
6.532412725926270092e+00 3.578931198389471158e-01
6.549853463160462574e+00 3.675995707269680834e-01
6.567294200394655057e+00 3.768654154702404391e-01
6.584734937628847540e+00 3.853759837816486122e-01
6.602175674863040022e+00 3.928565112924622960e-01
6.619616412097232505e+00 3.990865171931035627e-01
6.637057149331424988e+00 4.039101849292153212e-01
6.654497886565617470e+00 4.072423469020882703e-01
6.671938623799809953e+00 4.090700794332642332e-01
6.689379361034002436e+00 4.094502647052032374e-01
6.706820098268194918e+00 4.085037311898286339e-01
6.724260835502387401e+00 4.064067214674071948e-01
6.741701572736579884e+00 4.033804569338772517e-01
6.759142309970772367e+00 3.996794944516562365e-01
6.776583047204964849e+00 3.955794378542125123e-01
6.794023784439157332e+00 3.913644215918086200e-01
6.811464521673349815e+00 3.873146658856937985e-01
6.828905258907538744e+00 3.836943416874089574e-01
6.846345996141731227e+00 3.807399905344394653e-01
6.863786733375923710e+00 3.786498100410440326e-01
6.881227470610116193e+00 3.775742138931153513e-01
6.898668207844308675e+00 3.776081686876625598e-01
6.916108945078501158e+00 3.787858598555385314e-01
6.933549682312693641e+00 3.810782139129979540e-01
6.950990419546886123e+00 3.843936883361180890e-01
6.968431156781078606e+00 3.885825368608943897e-01
6.985871894015271089e+00 3.934444897859130097e-01
7.003312631249463571e+00 3.987394937015818486e-01
7.020753368483656054e+00 4.042008781373207515e-01
7.038194105717848537e+00 4.095501011697361693e-01
7.055634842952041019e+00 4.145121047043232032e-01
7.073075580186233502e+00 4.188302985574625659e-01
7.090516317420425985e+00 4.222802865630871372e-01
7.107957054654618467e+00 4.246816254509913624e-01
7.125397791888810950e+00 4.259071329438817721e-01
7.142838529122999880e+00 4.258894948360009147e-01
7.160279266357192363e+00 4.246251242739226273e-01
7.177720003591384845e+00 4.221753729905496355e-01
7.195160740825577328e+00 4.186652719172204162e-01
7.212601478059769811e+00 4.142799919243742579e-01
7.230042215293962293e+00 4.092591831427935811e-01
7.247482952528154776e+00 4.038893012642691405e-01
7.264923689762347259e+00 3.984939917270685639e-01
7.282364426996539741e+00 3.934226036714605357e-01
7.299805164230732224e+00 3.890369609350252667e-01
7.317245901464924707e+00 3.856966298359819634e-01
7.334686638699117189e+00 3.837430820858327429e-01
7.352127375933309672e+00 3.834833335393760811e-01
7.369568113167502155e+00 3.851738163286148597e-01
7.387008850401694637e+00 3.890053824524739023e-01
7.404449587635887120e+00 3.950904142463625424e-01
7.421890324870079603e+00 4.034530126982286968e-01
7.439331062104272085e+00 4.140231403784760400e-01
7.456771799338461015e+00 4.266354149818455954e-01
7.474212536572653498e+00 4.410329949499559032e-01
7.491653273806845981e+00 4.568766900644311013e-01
7.509094011041038463e+00 4.737590906798535006e-01
7.526534748275230946e+00 4.912231636250706246e-01
7.543975485509423429e+00 5.087844337951429319e-01
7.561416222743615911e+00 5.259555791025124494e-01
7.578856959977808394e+00 5.422720318092733027e-01
7.596297697212000877e+00 5.573170189292725452e-01
7.613738434446193359e+00 5.707444048389297420e-01
7.631179171680385842e+00 5.822977353163083514e-01
7.648619908914578325e+00 5.918240355457461410e-01
7.666060646148770807e+00 5.992811908489991124e-01
7.683501383382963290e+00 6.047381344577152928e-01
7.700942120617155773e+00 6.083675655924118963e-01
7.718382857851348255e+00 6.104314932046143172e-01
7.735823595085540738e+00 6.112605014593185393e-01
7.753264332319733221e+00 6.112282062842948616e-01
7.770705069553922151e+00 6.107228557644240885e-01
7.788145806788114633e+00 6.101183598437568412e-01
7.805586544022307116e+00 6.097471659021447277e-01
7.823027281256499599e+00 6.098772942649336448e-01
7.840468018490692081e+00 6.106955052394830163e-01
7.857908755724884564e+00 6.122980099753245753e-01
7.875349492959077047e+00 6.146894135624872968e-01
7.892790230193269529e+00 6.177897668532381648e-01
7.910230967427462012e+00 6.214487954252123636e-01
7.927671704661654495e+00 6.254656653046909431e-01
7.945112441895846978e+00 6.296121213373162551e-01
7.962553179130039460e+00 6.336565593218820291e-01
7.979993916364231943e+00 6.373865996898293584e-01
7.997434653598424426e+00 6.406280145749141397e-01
8.014875390832617796e+00 6.432583812098340292e-01
8.032316128066810279e+00 6.452145215944655732e-01
8.049756865301002762e+00 6.464935495572362578e-01
8.067197602535195244e+00 6.471480824073629901e-01
8.084638339769384174e+00 6.472767926228532032e-01
8.102079077003576657e+00 6.470119021045206420e-01
8.119519814237769140e+00 6.465054132119095742e-01
8.136960551471961622e+00 6.459158170751613248e-01
8.154401288706154105e+00 6.453967446796394780e-01
8.171842025940346588e+00 6.450885830868747783e-01
8.189282763174539070e+00 6.451135408359670587e-01
8.206723500408731553e+00 6.455740941670743416e-01
8.224164237642924036e+00 6.465542563100319384e-01
8.241604974877116518e+00 6.481227480321051226e-01
8.259045712111309001e+00 6.503369488817223321e-01
8.276486449345501484e+00 6.532464890376507016e-01
8.293927186579693966e+00 6.568954899769907652e-01
8.311367923813886449e+00 6.613227459298479660e-01
8.328808661048078932e+00 6.665595107577989564e-01
8.346249398282271414e+00 6.726249635537296934e-01
8.363690135516463897e+00 6.795198188236232228e-01
8.381130872750656380e+00 6.872188779109736911e-01
8.398571609984845310e+00 6.956635515988123242e-01
8.416012347219037792e+00 7.047554952542304241e-01
8.433453084453230275e+00 7.143524748510293731e-01
8.450893821687422758e+00 7.242674236061578119e-01
8.468334558921615240e+00 7.342713651618909543e-01
8.485775296155807723e+00 7.441004924018369548e-01
8.503216033390000206e+00 7.534672353230482678e-01
8.520656770624192689e+00 7.620746725257480092e-01
8.538097507858385171e+00 7.696331933501678879e-01
8.555538245092577654e+00 7.758779598719985904e-01
8.572978982326770137e+00 7.805855045849667828e-01
8.590419719560962619e+00 7.835877726057614012e-01
8.607860456795155102e+00 7.847820968652859941e-01
8.625301194029347585e+00 7.841359728653651828e-01
8.642741931263540067e+00 7.816860373866381106e-01
8.660182668497732550e+00 7.775312869451196374e-01
8.677623405731925033e+00 7.718212125508076005e-01
8.695064142966117515e+00 7.647400885321118391e-01
8.712504880200306445e+00 7.564890567667150734e-01
8.729945617434498928e+00 7.472678404020208776e-01
8.747386354668691411e+00 7.372578843309754992e-01
8.764827091902883893e+00 7.266084718836610667e-01
8.782267829137076376e+00 7.154269595575203367e-01
8.799708566371268859e+00 7.037737766156680896e-01
8.817149303605461341e+00 6.916623325745218098e-01
8.834590040839653824e+00 6.790635318557931566e-01
8.852030778073846307e+00 6.659142578275620838e-01
8.869471515308038789e+00 6.521289758776562806e-01
8.886912252542231272e+00 6.376135066015328201e-01
8.904352989776423755e+00 6.222800043381949697e-01
8.921793727010616237e+00 6.060622028630781033e-01
8.939234464244808720e+00 5.889300229012884857e-01
8.956675201479001203e+00 5.709026541473374294e-01
8.974115938713193685e+00 5.520592274767799346e-01
8.991556675947386168e+00 5.325462012372454979e-01
9.008997413181578651e+00 5.125806329952720120e-01
9.026438150415767581e+00 4.924486320869349010e-01
9.043878887649960063e+00 4.724985170357947073e-01
9.061319624884152546e+00 4.531285444519594918e-01
9.078760362118345029e+00 4.347695164627047304e-01
9.096201099352537511e+00 4.178630709690745459e-01
9.113641836586729994e+00 4.028369525436701348e-01
9.131082573820922477e+00 3.900789817498515055e-01
9.148523311055114959e+00 3.799117203397847642e-01
9.165964048289307442e+00 3.725699176569507998e-01
9.183404785523499925e+00 3.681826928127499565e-01
9.200845522757692407e+00 3.667620609446740620e-01
9.218286259991884890e+00 3.681988833545322137e-01
9.235726997226077373e+00 3.722666693340364596e-01
9.253167734460269855e+00 3.786329577520702871e-01
9.270608471694462338e+00 3.868773407815164767e-01
9.288049208928654821e+00 3.965146366940387468e-01
9.305489946162847303e+00 4.070213335567616220e-01
9.322930683397039786e+00 4.178632469857884724e-01
9.340371420631228716e+00 4.285223706234616570e-01
9.357812157865421199e+00 4.385211272546511996e-01
9.375252895099613681e+00 4.474426070835184066e-01
9.392693632333806164e+00 4.549458472217813298e-01
9.410134369567998647e+00 4.607756965562319618e-01
9.427575106802191129e+00 4.647672613755875481e-01
9.445015844036383612e+00 4.668452922819070761e-01
9.462456581270576095e+00 4.670191257009819186e-01
9.479897318504768577e+00 4.653739307509174861e-01
9.497338055738961060e+00 4.620590525373387547e-01
9.514778792973153543e+00 4.572742193625639051e-01
9.532219530207346025e+00 4.512543332274375207e-01
9.549660267441538508e+00 4.442535260502313288e-01
9.567101004675730991e+00 4.365291616271638753e-01
9.584541741909923473e+00 4.283265010590232014e-01
9.601982479144115956e+00 4.198648135015500826e-01
9.619423216378308439e+00 4.113257749255813667e-01
9.636863953612500922e+00 4.028450162419789926e-01
9.654304690846689851e+00 3.945076199611266543e-01
9.671745428080882334e+00 3.863481926097293018e-01
9.689186165315074817e+00 3.783558472633518077e-01
9.706626902549267299e+00 3.704840280349389614e-01
9.724067639783459782e+00 3.626646303078948641e-01
9.741508377017652265e+00 3.548253700266904564e-01
9.758949114251844748e+00 3.469088971269077559e-01
9.776389851486037230e+00 3.388917987882895666e-01
9.793830588720229713e+00 3.308014559545608413e-01
9.811271325954422196e+00 3.227287424668006666e-01
9.828712063188614678e+00 3.148348072169201983e-01
9.846152800422807161e+00 3.073506456797949760e-01
9.863593537656999644e+00 3.005688108146635229e-01
9.881034274891192126e+00 2.948273742536985376e-01
9.898475012125384609e+00 2.904870499661370564e-01
9.915915749359577092e+00 2.879031492249245483e-01
9.933356486593769574e+00 2.873946641597475704e-01
9.950797223827962057e+00 2.892132046324417116e-01
9.968237961062150987e+00 2.935146857066589510e-01
9.985678698296343470e+00 3.003365518622260200e-01
1.000311943553053595e+01 3.095829294862669223e-01
1.002056017276472843e+01 3.210194509631714710e-01
1.003800090999892092e+01 3.342786493784687396e-01
1.005544164723311340e+01 3.488758625132347690e-01
1.007288238446730588e+01 3.642346035577470054e-01
1.009032312170149837e+01 3.797194545688449274e-01
1.010776385893569085e+01 3.946738129705796849e-01
1.012520459616988333e+01 4.084593515719189272e-01
1.014264533340407581e+01 4.204938935259467936e-01
1.016008607063826830e+01 4.302845773646764016e-01
1.017752680787246078e+01 4.374536785763516455e-01
1.019496754510665326e+01 4.417552109319076714e-01
1.021240828234084574e+01 4.430813684186646340e-01
1.022984901957503823e+01 4.414588798597143815e-01
1.024728975680923071e+01 4.370363160730521002e-01
1.026473049404342319e+01 4.300642023519579138e-01
1.028217123127761212e+01 4.208703565081166609e-01
1.029961196851180460e+01 4.098331374959248152e-01
1.031705270574599709e+01 3.973552357624856590e-01
1.033449344298018957e+01 3.838402907694553612e-01
1.035193418021438205e+01 3.696740480398553186e-01
1.036937491744857454e+01 3.552110585104109042e-01
1.038681565468276702e+01 3.407671792494948448e-01
1.040425639191695950e+01 3.266174542239803080e-01
1.042169712915115198e+01 3.129984149689957751e-01
1.043913786638534447e+01 3.001134925921431496e-01
1.045657860361953695e+01 2.881400899938251770e-01
1.047401934085372943e+01 2.772369108454224018e-01
1.049146007808792191e+01 2.675503404970552834e-01
1.050890081532211440e+01 2.592189715158562668e-01
1.052634155255630688e+01 2.523757094092386466e-01
1.054378228979049936e+01 2.471472365832375340e-01
1.056122302702469185e+01 2.436509225895037711e-01
1.057866376425888433e+01 2.419895288354985408e-01
1.059610450149307326e+01 2.422442607374312162e-01
1.061354523872726574e+01 2.444668710112556098e-01
1.063098597596145822e+01 2.486716165208575635e-01
1.064842671319565071e+01 2.548279165042252048e-01
1.066586745042984319e+01 2.628545459180997579e-01
1.068330818766403567e+01 2.726161150253323950e-01
1.070074892489822815e+01 2.839224278868983098e-01
1.071818966213242064e+01 2.965310783587050691e-01
1.073563039936661312e+01 3.101533453273981888e-01
1.075307113660080560e+01 3.244631168727586945e-01
1.077051187383499808e+01 3.391082465940938873e-01
1.078795261106919057e+01 3.537234725936161950e-01
1.080539334830338305e+01 3.679438570214780269e-01
1.082283408553757553e+01 3.814176662444117571e-01
1.084027482277176802e+01 3.938177224029028034e-01
1.085771556000596050e+01 4.048505041096762125e-01
1.087515629724015298e+01 4.142626190379555262e-01
1.089259703447434546e+01 4.218446556810902526e-01
1.091003777170853439e+01 4.274327776556567926e-01
1.092747850894272688e+01 4.309086874777876552e-01
1.094491924617691936e+01 4.321987107840173370e-01
1.096235998341111184e+01 4.312727166675053292e-01
1.097980072064530432e+01 4.281434070176070583e-01
1.099724145787949681e+01 4.228662188852124748e-01
1.101468219511368929e+01 4.155397514174397622e-01
1.103212293234788177e+01 4.063063233490982196e-01
1.104956366958207425e+01 3.953520523018806965e-01
1.106700440681626674e+01 3.829057673003143925e-01
1.108444514405045922e+01 3.692361364294339809e-01
1.110188588128465170e+01 3.546465967574317646e-01
1.111932661851884419e+01 3.394679708914047911e-01
1.113676735575303667e+01 3.240489840553698042e-01
1.115420809298722915e+01 3.087451936486437232e-01
1.117164883022142163e+01 2.939070557162477559e-01
1.118908956745561412e+01 2.798679460098908445e-01
1.120653030468980660e+01 2.669329202215122154e-01
1.122397104192399553e+01 2.553688578712366430e-01
1.124141177915818801e+01 2.453964271539262332e-01
1.125885251639238049e+01 2.371840841482659723e-01
1.127629325362657298e+01 2.308441279237967159e-01
1.129373399086076546e+01 2.264307092359017226e-01
1.131117472809495794e+01 2.239396500582623295e-01
1.132861546532915042e+01 2.233099660615001369e-01
1.134605620256334291e+01 2.244270653295271090e-01
1.136349693979753539e+01 2.271276817175694740e-01
1.138093767703172787e+01 2.312066450998360723e-01
1.139837841426592036e+01 2.364255567849497253e-01
1.141581915150011284e+01 2.425233085132424693e-01
1.143325988873430532e+01 2.492281640835617984e-01
1.145070062596849780e+01 2.562708454397922830e-01
1.146814136320269029e+01 2.633977820761780886e-01
1.148558210043688277e+01 2.703834567691775770e-01
1.150302283767107525e+01 2.770406728033485422e-01
1.152046357490526773e+01 2.832276235778496964e-01
1.153790431213945666e+01 2.888508837470025181e-01
1.155534504937364915e+01 2.938638476878081551e-01
1.157278578660784163e+01 2.982606684347722803e-01
1.159022652384203411e+01 3.020663235392730961e-01
1.160766726107622659e+01 3.053239640257638943e-01
1.162510799831041908e+01 3.080811002136398247e-01
1.164254873554461156e+01 3.103763726704226178e-01
1.165998947277880404e+01 3.122286082864735302e-01
1.167743021001299653e+01 3.136295702648141948e-01
1.169487094724718901e+01 3.145413169709996848e-01
1.171231168448138149e+01 3.148984620802234846e-01
1.172975242171557042e+01 3.146149720253058057e-01
1.174719315894976646e+01 3.135945451821328112e-01
1.176463389618395539e+01 3.117431763087738505e-01
1.178207463341815142e+01 3.089822780944732061e-01
1.179951537065234035e+01 3.052607320818984116e-01
1.181695610788653639e+01 3.005644589466559546e-01
1.183439684512072532e+01 2.949224858924578418e-01
1.185183758235492135e+01 2.884089774201173406e-01
1.186927831958911028e+01 2.811412069982163753e-01
1.188671905682330632e+01 2.732739082855749624e-01
1.190415979405749525e+01 2.649907989750521220e-01
1.192160053129169128e+01 2.564942849606222652e-01
1.193904126852588021e+01 2.479944198175151604e-01
1.195648200576007625e+01 2.396981297251459808e-01
1.197392274299426518e+01 2.317995484827323482e-01
1.199136348022846121e+01 2.244720807041014066e-01
1.200880421746265014e+01 2.178625629005745690e-01
1.202624495469683907e+01 2.120876544181056755e-01
1.204368569193103511e+01 2.072323849984274158e-01
1.206112642916522404e+01 2.033506238880629646e-01
1.207856716639942007e+01 2.004671187548904554e-01
1.209600790363360900e+01 1.985806778081020130e-01
1.211344864086780504e+01 1.976680308820366605e-01
1.213088937810199397e+01 1.976879020575567358e-01
1.214833011533619000e+01 1.985848577288814865e-01
1.216577085257037893e+01 2.002925617212016340e-01
1.218321158980457497e+01 2.027361739911145988e-01
1.220065232703876390e+01 2.058337681340802749e-01
1.221809306427295994e+01 2.094968049262537491e-01
1.223553380150714887e+01 2.136298661898098361e-01
1.225297453874134490e+01 2.181300010315172788e-01
1.227041527597553383e+01 2.228861385803732609e-01
1.228785601320972987e+01 2.277790549488140914e-01
1.230529675044391880e+01 2.326823337886487764e-01
1.232273748767810773e+01 2.374646296246131494e-01
1.234017822491230376e+01 2.419933463723374090e-01
1.235761896214649269e+01 2.461396086702585528e-01
1.237505969938068873e+01 2.497841679482338817e-01
1.239250043661487766e+01 2.528236872418744285e-01
1.240994117384907369e+01 2.551767217905293039e-01
1.242738191108326262e+01 2.567886780540772906e-01
1.244482264831745866e+01 2.576350986523781028e-01
1.246226338555164759e+01 2.577227763629283963e-01
1.247970412278584362e+01 2.570884255538452012e-01
1.249714486002003255e+01 2.557949049622414983e-01
1.251458559725422859e+01 2.539252591801556824e-01
1.253202633448841752e+01 2.515750966773743769e-01
1.254946707172261355e+01 2.488440233708492932e-01
1.256690780895680248e+01 2.458269824921381352e-01
1.258434854619099852e+01 2.426064001373341161e-01
1.260178928342518745e+01 2.392459940442712429e-01
1.261923002065938348e+01 2.357869697962768352e-01
1.263667075789357241e+01 2.322471097234794779e-01
1.265411149512776134e+01 2.286229692605141750e-01
1.267155223236195738e+01 2.248950565275426583e-01
1.268899296959614631e+01 2.210355157049435082e-01
1.270643370683034235e+01 2.170175031061370996e-01
1.272387444406453127e+01 2.128251800008108541e-01
1.274131518129872731e+01 2.084630891348186743e-01
1.275875591853291624e+01 2.039636641298287756e-01
1.277619665576711228e+01 1.993917581248520754e-01
1.279363739300130121e+01 1.948453650017415162e-01
1.281107813023549724e+01 1.904521159423858689e-01
1.282851886746968617e+01 1.863616187605813823e-01
1.284595960470388221e+01 1.827342068188369251e-01
1.286340034193807114e+01 1.797271133450468739e-01
1.288084107917226717e+01 1.774794263074754019e-01
1.289828181640645610e+01 1.760973644062173438e-01
1.291572255364065214e+01 1.756414235369198051e-01
1.293316329087484107e+01 1.761167769825890961e-01
1.295060402810903000e+01 1.774679961657291416e-01
1.296804476534322603e+01 1.795787343126994395e-01
1.298548550257741496e+01 1.822765352174575137e-01
1.300292623981161100e+01 1.853424476009498112e-01
1.302036697704579993e+01 1.885246908934674337e-01
1.303780771427999596e+01 1.915552683480987450e-01
1.305524845151418489e+01 1.941681827039405950e-01
1.307268918874838093e+01 1.961177896138170118e-01
1.309012992598256986e+01 1.971958252884153107e-01
1.310757066321676589e+01 1.972457598819474245e-01
1.312501140045095482e+01 1.961733443548926703e-01
1.314245213768515086e+01 1.939525195403719315e-01
1.315989287491933979e+01 1.906262222614354129e-01
1.317733361215353582e+01 1.863020310739320340e-01
1.319477434938772475e+01 1.811430153804539089e-01
1.321221508662192079e+01 1.753545534321605537e-01
1.322965582385610972e+01 1.691682310358783026e-01
1.324709656109030576e+01 1.628241875831918373e-01
1.326453729832449469e+01 1.565534081543710210e-01
1.328197803555868362e+01 1.505614491664959698e-01
1.329941877279287965e+01 1.450149249882432545e-01
1.331685951002706858e+01 1.400317873307874439e-01
1.333430024726126462e+01 1.356760299646347367e-01
1.335174098449545355e+01 1.319569957729105347e-01
1.336918172172964958e+01 1.288330076842845728e-01
1.338662245896383851e+01 1.262186463477142917e-01
1.340406319619803455e+01 1.239947034182070640e-01
1.342150393343222348e+01 1.220196812252442031e-01
1.343894467066641951e+01 1.201416969670020679e-01
1.345638540790060844e+01 1.182097694349667494e-01
1.347382614513480448e+01 1.160836864082488706e-01
1.349126688236899341e+01 1.136419266588706983e-01
1.350870761960318944e+01 1.107873938797896834e-01
1.352614835683737837e+01 1.074509682282347445e-01
1.354358909407157441e+01 1.035930648153633588e-01
1.356102983130576334e+01 9.920349447903915874e-02
1.357847056853995227e+01 9.429995470928059786e-02
1.359591130577414830e+01 8.892545544226126975e-02
1.361335204300833723e+01 8.314493104166410797e-02
1.363079278024253327e+01 7.704123231101636660e-02
1.364823351747672220e+01 7.071065149422314788e-02
1.366567425471091823e+01 6.425811995432997858e-02
1.368311499194510716e+01 5.779223265880759075e-02
1.370055572917930320e+01 5.142028639884917846e-02
1.371799646641349213e+01 4.524355471298447534e-02
1.373543720364768816e+01 3.935304554698048490e-02
1.375287794088187709e+01 3.382598486646679059e-02
1.377031867811607313e+01 2.872323433041533078e-02
1.378775941535026206e+01 2.408778506558043389e-02
1.380520015258445810e+01 1.994438093098599082e-02
1.382264088981864703e+01 1.630022658125237014e-02
1.384008162705284306e+01 1.314664293892860852e-02
1.385752236428703199e+01 1.046145869046334088e-02
1.387496310152122803e+01 8.211880482685949764e-03
1.389240383875541696e+01 6.357570649416431977e-03
1.390984457598960589e+01 4.853678134247787525e-03
1.392728531322380192e+01 3.653609904120008398e-03
1.394472605045799085e+01 2.711387841031960653e-03
1.396216678769218689e+01 1.983500185069579473e-03
1.397960752492637582e+01 1.430218185770606608e-03
1.399704826216057185e+01 1.016400832967762459e-03
1.401448899939476078e+01 7.118491879268452763e-04
1.403192973662895682e+01 4.912954531375077595e-04
1.404937047386314575e+01 3.341213545504094799e-04
1.406681121109734178e+01 2.238981432525305958e-04
1.408425194833153071e+01 1.478298905265748554e-04
1.410169268556572675e+01 9.616623966765223410e-05
1.411913342279991568e+01 6.163349947457680820e-05
1.413657416003411171e+01 3.891632835749634251e-05
1.415401489726830064e+01 2.420785753928105416e-05
1.417145563450249668e+01 1.483475355346034230e-05
1.418889637173668561e+01 8.955607306605820300e-06
1.420633710897087454e+01 5.325897151772193828e-06
1.422377784620507057e+01 3.120087430691793755e-06
1.424121858343925950e+01 1.800574270151849092e-06
1.425865932067345554e+01 1.023576570836060016e-06
1.427610005790764447e+01 5.731786381865722256e-07
1.429354079514184050e+01 3.161665287382945201e-07
1.431098153237602943e+01 1.717886050084170727e-07
1.432842226961022547e+01 9.194372923426360007e-08
1.434586300684441440e+01 4.847259342486035688e-08
1.436330374407861044e+01 2.517179352249639837e-08
1.438074448131279937e+01 1.287577780699395859e-08
1.439818521854699540e+01 6.487420816220241465e-09
1.441562595578118433e+01 3.219645262878068360e-09
1.443306669301538037e+01 1.573908875504288437e-09
1.445050743024956930e+01 7.578533077024316965e-10
1.446794816748376533e+01 3.594373921265061031e-10
1.448538890471795426e+01 1.679161797273923592e-10
1.450282964195215030e+01 7.726659451785907865e-11
1.452027037918633923e+01 3.502029276434389503e-11
1.453771111642052816e+01 1.563419286401742899e-11
1.455515185365472419e+01 6.874764657502257888e-12
1.457259259088891312e+01 2.977597087452887146e-12
1.459003332812310916e+01 1.270278221270660551e-12
1.460747406535730164e+01 5.337719510613964913e-13
