# Energy - EF (eV)   sigma-PDOS (p_x + p_y, avg over atoms)
-1.000000000000000000e+01 1.447160736852062812e-01
-9.990000000000000213e+00 1.443174703851540785e-01
-9.980000000000000426e+00 1.440217880785322757e-01
-9.970000000000000639e+00 1.438417690223928180e-01
-9.960000000000000853e+00 1.437894786957478188e-01
-9.949999999999999289e+00 1.438760442280216378e-01
-9.939999999999999503e+00 1.441113660266128416e-01
-9.929999999999999716e+00 1.445038129772107660e-01
-9.919999999999999929e+00 1.450599139387253045e-01
-9.910000000000000142e+00 1.457840599808379878e-01
-9.900000000000000355e+00 1.466782327800915664e-01
-9.890000000000000568e+00 1.477417747070484677e-01
-9.880000000000000782e+00 1.489712153591304933e-01
-9.869999999999999218e+00 1.503601676316082270e-01
-9.859999999999999432e+00 1.518993039369023745e-01
-9.849999999999999645e+00 1.535764199946393904e-01
-9.839999999999999858e+00 1.553765898807781265e-01
-9.830000000000000071e+00 1.572824119377184693e-01
-9.820000000000000284e+00 1.592743409263038257e-01
-9.810000000000000497e+00 1.613310976733818292e-01
-9.800000000000000711e+00 1.634301436603904645e-01
-9.789999999999999147e+00 1.655482047181359717e-01
-9.779999999999999361e+00 1.676618254205429204e-01
-9.769999999999999574e+00 1.697479340464448372e-01
-9.759999999999999787e+00 1.717843971969114925e-01
-9.750000000000000000e+00 1.737505433575470826e-01
-9.740000000000000213e+00 1.756276358680546879e-01
-9.730000000000000426e+00 1.773992778404329396e-01
-9.720000000000000639e+00 1.790517344402262623e-01
-9.710000000000000853e+00 1.805741614601775735e-01
-9.699999999999999289e+00 1.819587330900623579e-01
-9.689999999999999503e+00 1.832006660190400593e-01
-9.679999999999999716e+00 1.842981412890742909e-01
-9.669999999999999929e+00 1.852521294461621504e-01
-9.660000000000000142e+00 1.860661283224914198e-01
-9.650000000000000355e+00 1.867458260648829915e-01
-9.640000000000000568e+00 1.872987046737445704e-01
-9.630000000000000782e+00 1.877336012413067523e-01
-9.619999999999999218e+00 1.880602452280519254e-01
-9.609999999999999432e+00 1.882887904827768577e-01
-9.599999999999999645e+00 1.884293603238205717e-01
-9.589999999999999858e+00 1.884916229195391368e-01
-9.580000000000000071e+00 1.884844125254288294e-01
-9.570000000000000284e+00 1.884154099635090285e-01
-9.560000000000000497e+00 1.882908931885445836e-01
-9.550000000000000711e+00 1.881155660008070329e-01
-9.539999999999999147e+00 1.878924700577637996e-01
-9.529999999999999361e+00 1.876229824181785688e-01
-9.519999999999999574e+00 1.873068980168709763e-01
-9.509999999999999787e+00 1.869425937931261106e-01
-9.500000000000000000e+00 1.865272687363897508e-01
-9.490000000000000213e+00 1.860572519053906027e-01
-9.480000000000000426e+00 1.855283685393169790e-01
-9.470000000000000639e+00 1.849363527160177989e-01
-9.460000000000000853e+00 1.842772936166627851e-01
-9.449999999999999289e+00 1.835481013187715282e-01
-9.439999999999999503e+00 1.827469771507847507e-01
-9.429999999999999716e+00 1.818738729979140767e-01
-9.419999999999999929e+00 1.809309235569509233e-01
-9.410000000000000142e+00 1.799228354151043985e-01
-9.400000000000000355e+00 1.788572170056194066e-01
-9.390000000000000568e+00 1.777448340132076199e-01
-9.380000000000000782e+00 1.765997757159337711e-01
-9.369999999999999218e+00 1.754395191112376740e-01
-9.359999999999999432e+00 1.742848795333100942e-01
-9.349999999999999645e+00 1.731598388675707756e-01
-9.339999999999999858e+00 1.720912454275932979e-01
-9.330000000000000071e+00 1.711083830763419633e-01
-9.320000000000000284e+00 1.702424112101241782e-01
-9.310000000000000497e+00 1.695256817054073828e-01
-9.300000000000000711e+00 1.689909437403027681e-01
-9.289999999999999147e+00 1.686704523884009488e-01
-9.279999999999999361e+00 1.685950018500219083e-01
-9.269999999999999574e+00 1.687929089115983161e-01
-9.259999999999999787e+00 1.692889764638451089e-01
-9.250000000000000000e+00 1.701034704111963336e-01
-9.240000000000000213e+00 1.712511458224681982e-01
-9.230000000000000426e+00 1.727403594814727605e-01
-9.220000000000000639e+00 1.745723059098657215e-01
-9.210000000000000853e+00 1.767404123193850596e-01
-9.199999999999999289e+00 1.792299247395270079e-01
-9.189999999999999503e+00 1.820177127686128660e-01
-9.179999999999999716e+00 1.850723141026898166e-01
-9.169999999999999929e+00 1.883542323833832244e-01
-9.160000000000000142e+00 1.918164932290261082e-01
-9.150000000000000355e+00 1.954054539014240532e-01
-9.140000000000000568e+00 1.990618523004130946e-01
-9.130000000000000782e+00 2.027220712976273986e-01
-9.119999999999999218e+00 2.063195852669502117e-01
-9.109999999999999432e+00 2.097865474855453716e-01
-9.099999999999999645e+00 2.130554702817488988e-01
-9.089999999999999858e+00 2.160609447583071163e-01
-9.080000000000000071e+00 2.187413439122817826e-01
-9.070000000000000284e+00 2.210404522057289323e-01
-9.060000000000000497e+00 2.229089662087765933e-01
-9.050000000000000711e+00 2.243058148211197755e-01
-9.039999999999999147e+00 2.251992536472953721e-01
-9.029999999999999361e+00 2.255676961141003245e-01
-9.019999999999999574e+00 2.254002535356231240e-01
-9.009999999999999787e+00 2.246969671313638062e-01
-9.000000000000000000e+00 2.234687265044558724e-01
-8.990000000000000213e+00 2.217368807733091640e-01
-8.980000000000000426e+00 2.195325598958908775e-01
-8.970000000000000639e+00 2.168957342250507070e-01
-8.960000000000000853e+00 2.138740495245254891e-01
-8.949999999999999289e+00 2.105214821658563107e-01
-8.939999999999999503e+00 2.068968647117678250e-01
-8.929999999999999716e+00 2.030623353693317978e-01
-8.919999999999999929e+00 1.990817657752024794e-01
-8.910000000000000142e+00 1.950192202771776628e-01
-8.900000000000000355e+00 1.909374964325081248e-01
-8.890000000000000568e+00 1.868967910842432856e-01
-8.879999999999999005e+00 1.829535294174767235e-01
-8.869999999999999218e+00 1.791593862179794994e-01
-8.859999999999999432e+00 1.755605195800263862e-01
-8.849999999999999645e+00 1.721970279817255367e-01
-8.839999999999999858e+00 1.691026324042227413e-01
-8.830000000000000071e+00 1.663045764288239858e-01
-8.820000000000000284e+00 1.638237293696617192e-01
-8.810000000000000497e+00 1.616748707921711881e-01
-8.800000000000000711e+00 1.598671294568180523e-01
-8.789999999999999147e+00 1.584045459574755788e-01
-8.779999999999999361e+00 1.572867261528870797e-01
-8.769999999999999574e+00 1.565095518923539930e-01
-8.759999999999999787e+00 1.560659164107660035e-01
-8.750000000000000000e+00 1.559464539444836151e-01
-8.740000000000000213e+00 1.561402363769266999e-01
-8.730000000000000426e+00 1.566354138026754828e-01
-8.720000000000000639e+00 1.574197805233470138e-01
-8.710000000000000853e+00 1.584812528767030881e-01
-8.699999999999999289e+00 1.598082501851966208e-01
-8.689999999999999503e+00 1.613899747523779016e-01
-8.679999999999999716e+00 1.632165910361551564e-01
-8.669999999999999929e+00 1.652793077364982932e-01
-8.660000000000000142e+00 1.675703694555176482e-01
-8.650000000000000355e+00 1.700829667791687594e-01
-8.640000000000000568e+00 1.728110751047921556e-01
-8.629999999999999005e+00 1.757492333577599930e-01
-8.619999999999999218e+00 1.788922740033627723e-01
-8.609999999999999432e+00 1.822350155948027073e-01
-8.599999999999999645e+00 1.857719286485808308e-01
-8.589999999999999858e+00 1.894967850512129237e-01
-8.580000000000000071e+00 1.934023006120436095e-01
-8.570000000000000284e+00 1.974797798996592024e-01
-8.560000000000000497e+00 2.017187722153183371e-01
-8.550000000000000711e+00 2.061067475076321376e-01
-8.539999999999999147e+00 2.106288012164881929e-01
-8.529999999999999361e+00 2.152673974049935379e-01
-8.519999999999999574e+00 2.200021600094741459e-01
-8.509999999999999787e+00 2.248097224890583945e-01
-8.500000000000000000e+00 2.296636464445436232e-01
-8.490000000000000213e+00 2.345344197465842329e-01
-8.480000000000000426e+00 2.393895442149916730e-01
-8.470000000000000639e+00 2.441937217917557190e-01
-8.460000000000000853e+00 2.489091463508371072e-01
-8.449999999999999289e+00 2.534959057339547517e-01
-8.439999999999999503e+00 2.579124952949404248e-01
-8.429999999999999716e+00 2.621164402387963777e-01
-8.419999999999999929e+00 2.660650194814497271e-01
-8.410000000000000142e+00 2.697160788187571989e-01
-8.400000000000000355e+00 2.730289161168553691e-01
-8.390000000000000568e+00 2.759652162986603319e-01
-8.379999999999999005e+00 2.784900094046010577e-01
-8.369999999999999218e+00 2.805726212553057430e-01
-8.359999999999999432e+00 2.821875835293222723e-01
-8.349999999999999645e+00 2.833154686423088320e-01
-8.339999999999999858e+00 2.839436148713133656e-01
-8.330000000000000071e+00 2.840667088316050637e-01
-8.320000000000000284e+00 2.836871957215627016e-01
-8.310000000000000497e+00 2.828154926484010012e-01
-8.300000000000000711e+00 2.814699866851823606e-01
-8.289999999999999147e+00 2.796768068497288984e-01
-8.279999999999999361e+00 2.774693676224546102e-01
-8.269999999999999574e+00 2.748876905542249616e-01
-8.259999999999999787e+00 2.719775195367826193e-01
-8.250000000000000000e+00 2.687892539783013901e-01
-8.240000000000000213e+00 2.653767320132818242e-01
-8.230000000000000426e+00 2.617959025789069472e-01
-8.220000000000000639e+00 2.581034303635840188e-01
-8.210000000000000853e+00 2.543552810069340531e-01
-8.199999999999999289e+00 2.506053353233376191e-01
-8.189999999999999503e+00 2.469040806528462473e-01
-8.179999999999999716e+00 2.432974247373969057e-01
-8.169999999999999929e+00 2.398256729023704181e-01
-8.160000000000000142e+00 2.365227030127157459e-01
-8.150000000000000355e+00 2.334153649688778809e-01
-8.140000000000000568e+00 2.305231227730183130e-01
-8.129999999999999005e+00 2.278579478352535659e-01
-8.119999999999999218e+00 2.254244626275573593e-01
-8.109999999999999432e+00 2.232203244517534935e-01
-8.099999999999999645e+00 2.212368303659919544e-01
-8.089999999999999858e+00 2.194597165665428395e-01
-8.080000000000000071e+00 2.178701190453168623e-01
-8.070000000000000284e+00 2.164456573643506743e-01
-8.060000000000000497e+00 2.151616000549703700e-01
-8.050000000000000711e+00 2.139920685292603653e-01
-8.039999999999999147e+00 2.129112364736581720e-01
-8.029999999999999361e+00 2.118944833942471018e-01
-8.019999999999999574e+00 2.109194641512214530e-01
-8.009999999999999787e+00 2.099670607531919087e-01
-8.000000000000000000e+00 2.090221881371793211e-01
-7.990000000000000213e+00 2.080744318674521698e-01
-7.980000000000000426e+00 2.071185023632288458e-01
-7.969999999999999751e+00 2.061544971296936091e-01
-7.959999999999999964e+00 2.051879692493728258e-01
-7.950000000000000178e+00 2.042298068451856019e-01
-7.939999999999999503e+00 2.032959341372558570e-01
-7.929999999999999716e+00 2.024068499051968617e-01
-7.919999999999999929e+00 2.015870235000067623e-01
-7.910000000000000142e+00 2.008641719325346131e-01
-7.900000000000000355e+00 2.002684439498500224e-01
-7.890000000000000568e+00 1.998315383899586239e-01
-7.879999999999999893e+00 1.995857845110344531e-01
-7.870000000000000107e+00 1.995632114899590637e-01
-7.859999999999999432e+00 1.997946329716749347e-01
-7.849999999999999645e+00 2.003087705437659183e-01
-7.839999999999999858e+00 2.011314374441656727e-01
-7.830000000000000071e+00 2.022848008279054810e-01
-7.820000000000000284e+00 2.037867376681215814e-01
-7.810000000000000497e+00 2.056502959902071492e-01
-7.799999999999999822e+00 2.078832697694375231e-01
-7.790000000000000036e+00 2.104878925800054423e-01
-7.779999999999999361e+00 2.134606520661833928e-01
-7.769999999999999574e+00 2.167922245904896905e-01
-7.759999999999999787e+00 2.204675270507144014e-01
-7.750000000000000000e+00 2.244658808731513078e-01
-7.740000000000000213e+00 2.287612815842612612e-01
-7.730000000000000426e+00 2.333227661150665266e-01
-7.719999999999999751e+00 2.381148690601730677e-01
-7.709999999999999964e+00 2.430981584396773865e-01
-7.699999999999999289e+00 2.482298410309935477e-01
-7.689999999999999503e+00 2.534644269789163018e-01
-7.679999999999999716e+00 2.587544430889641145e-01
-7.669999999999999929e+00 2.640511839029705543e-01
-7.660000000000000142e+00 2.693054893033999808e-01
-7.650000000000000355e+00 2.744685369692563270e-01
-7.640000000000000568e+00 2.794926375092953164e-01
-7.629999999999999893e+00 2.843320195487590851e-01
-7.620000000000000107e+00 2.889435914883768941e-01
-7.609999999999999432e+00 2.932876661541070629e-01
-7.599999999999999645e+00 2.973286341944646471e-01
-7.589999999999999858e+00 3.010355719511223493e-01
-7.580000000000000071e+00 3.043827697222121209e-01
-7.570000000000000284e+00 3.073501669454302143e-01
-7.560000000000000497e+00 3.099236819242613961e-01
-7.549999999999999822e+00 3.120954253576056492e-01
-7.540000000000000036e+00 3.138637891331763075e-01
-7.529999999999999361e+00 3.152334045953038566e-01
-7.519999999999999574e+00 3.162149677466771225e-01
-7.509999999999999787e+00 3.168249325003044126e-01
-7.500000000000000000e+00 3.170850770348306313e-01
-7.490000000000000213e+00 3.170219523639480341e-01
-7.480000000000000426e+00 3.166662262258883587e-01
-7.469999999999999751e+00 3.160519391354905117e-01
-7.459999999999999964e+00 3.152156927213615178e-01
-7.449999999999999289e+00 3.141957931079973898e-01
-7.439999999999999503e+00 3.130313739356234137e-01
-7.429999999999999716e+00 3.117615245133871227e-01
-7.419999999999999929e+00 3.104244484949327809e-01
-7.410000000000000142e+00 3.090566773230846165e-01
-7.400000000000000355e+00 3.076923605430429420e-01
-7.390000000000000568e+00 3.063626520186821245e-01
-7.379999999999999893e+00 3.050952072445204388e-01
-7.370000000000000107e+00 3.039138025120584063e-01
-7.359999999999999432e+00 3.028380818828475540e-01
-7.349999999999999645e+00 3.018834329818655959e-01
-7.339999999999999858e+00 3.010609877991237693e-01
-7.330000000000000071e+00 3.003777402109000239e-01
-7.320000000000000284e+00 2.998367680160656246e-01
-7.310000000000000497e+00 2.994375441021853712e-01
-7.299999999999999822e+00 2.991763190377382808e-01
-7.290000000000000036e+00 2.990465560047017579e-01
-7.279999999999999361e+00 2.990393985574245628e-01
-7.269999999999999574e+00 2.991441521820500382e-01
-7.259999999999999787e+00 2.993487619489833551e-01
-7.250000000000000000e+00 2.996402705712871151e-01
-7.240000000000000213e+00 3.000052437463578414e-01
-7.230000000000000426e+00 3.004301525908355530e-01
-7.219999999999999751e+00 3.009017060981575842e-01
-7.209999999999999964e+00 3.014071296799383237e-01
-7.199999999999999289e+00 3.019343888389350861e-01
-7.189999999999999503e+00 3.024723597302568789e-01
-7.179999999999999716e+00 3.030109506964187016e-01
-7.169999999999999929e+00 3.035411807408699980e-01
-7.160000000000000142e+00 3.040552222953523676e-01
-7.150000000000000355e+00 3.045464165289319958e-01
-7.140000000000000568e+00 3.050092698542507530e-01
-7.129999999999999893e+00 3.054394402402569320e-01
-7.120000000000000107e+00 3.058337214824697337e-01
-7.109999999999999432e+00 3.061900327592327886e-01
-7.099999999999999645e+00 3.065074196642670890e-01
-7.089999999999999858e+00 3.067860714995821469e-01
-7.080000000000000071e+00 3.070273579837984324e-01
-7.070000000000000284e+00 3.072338867235799298e-01
-7.060000000000000497e+00 3.074095808561601029e-01
-7.049999999999999822e+00 3.075597742499003306e-01
-7.040000000000000036e+00 3.076913196071981993e-01
-7.029999999999999361e+00 3.078127028211811167e-01
-7.019999999999999574e+00 3.079341550791260262e-01
-7.009999999999999787e+00 3.080677525788820814e-01
-7.000000000000000000e+00 3.082274924373352709e-01
-6.990000000000000213e+00 3.084293325345113801e-01
-6.980000000000000426e+00 3.086911827630109961e-01
-6.969999999999999751e+00 3.090328355377424674e-01
-6.959999999999999964e+00 3.094758245407455699e-01
-6.949999999999999289e+00 3.100432025729503716e-01
-6.939999999999999503e+00 3.107592320597901692e-01
-6.929999999999999716e+00 3.116489851625003915e-01
-6.919999999999999929e+00 3.127378544806149741e-01
-6.910000000000000142e+00 3.140509798395350050e-01
-6.900000000000000355e+00 3.156126014373817901e-01
-6.890000000000000568e+00 3.174453544348004863e-01
-6.879999999999999893e+00 3.195695246397943778e-01
-6.870000000000000107e+00 3.220022889854233794e-01
-6.859999999999999432e+00 3.247569677465947935e-01
-6.849999999999999645e+00 3.278423176444374976e-01
-6.839999999999999858e+00 3.312618959388702322e-01
-6.830000000000000071e+00 3.350135251690151139e-01
-6.820000000000000284e+00 3.390888862986862207e-01
-6.810000000000000497e+00 3.434732646746971874e-01
-6.799999999999999822e+00 3.481454685097822299e-01
-6.790000000000000036e+00 3.530779337433400666e-01
-6.779999999999999361e+00 3.582370223706407564e-01
-6.769999999999999574e+00 3.635835139839099783e-01
-6.759999999999999787e+00 3.690732826985385628e-01
-6.750000000000000000e+00 3.746581442267236106e-01
-6.740000000000000213e+00 3.802868509884984038e-01
-6.730000000000000426e+00 3.859062071690969598e-01
-6.719999999999999751e+00 3.914622708461374390e-01
-6.709999999999999964e+00 3.969016069568417349e-01
-6.699999999999999289e+00 4.021725531089342387e-01
-6.689999999999999503e+00 4.072264601221387004e-01
-6.679999999999999716e+00 4.120188706891322328e-01
-6.669999999999999929e+00 4.165106025426424941e-01
-6.660000000000000142e+00 4.206687068041097266e-01
-6.650000000000000355e+00 4.244672774956773642e-01
-6.640000000000000568e+00 4.278880941984574138e-01
-6.629999999999999893e+00 4.309210861850999441e-01
-6.620000000000000107e+00 4.335646126877151785e-01
-6.609999999999999432e+00 4.358255599450190365e-01
-6.599999999999999645e+00 4.377192610062666800e-01
-6.589999999999999858e+00 4.392692487128508905e-01
-6.580000000000000071e+00 4.405068556618694231e-01
-6.570000000000000284e+00 4.414706771911458549e-01
-6.560000000000000497e+00 4.422059145083763188e-01
-6.549999999999999822e+00 4.427636150971026585e-01
-6.540000000000000036e+00 4.431998266228128758e-01
-6.529999999999999361e+00 4.435746789494967590e-01
-6.519999999999999574e+00 4.439514068217101372e-01
-6.509999999999999787e+00 4.443953235563153359e-01
-6.500000000000000000e+00 4.449727540121773961e-01
-6.490000000000000213e+00 4.457499334377286182e-01
-6.480000000000000426e+00 4.467918777692326815e-01
-6.469999999999999751e+00 4.481612307433460729e-01
-6.459999999999999964e+00 4.499170939011278292e-01
-6.449999999999999289e+00 4.521138472203066749e-01
-6.439999999999999503e+00 4.547999706558529809e-01
-6.429999999999999716e+00 4.580168801487479735e-01
-6.419999999999999929e+00 4.617977954552546782e-01
-6.410000000000000142e+00 4.661666611659900372e-01
-6.400000000000000355e+00 4.711371461913463343e-01
-6.390000000000000568e+00 4.767117504285980356e-01
-6.379999999999999893e+00 4.828810499372225840e-01
-6.370000000000000107e+00 4.896231133984508266e-01
-6.359999999999999432e+00 4.969031226381798172e-01
-6.349999999999999645e+00 5.046732283363664084e-01
-6.339999999999999858e+00 5.128726686084581488e-01
-6.330000000000000071e+00 5.214281729063356963e-01
-6.320000000000000284e+00 5.302546667394899549e-01
-6.310000000000000497e+00 5.392562842638988219e-01
-6.299999999999999822e+00 5.483276861321157991e-01
-6.290000000000000036e+00 5.573556695384278559e-01
-6.279999999999999361e+00 5.662210465916603930e-01
-6.269999999999999574e+00 5.748007565128053775e-01
-6.259999999999999787e+00 5.829701672076877950e-01
-6.250000000000000000e+00 5.906055130127620956e-01
-6.240000000000000213e+00 5.975864083157625961e-01
-6.230000000000000426e+00 6.037983716991932592e-01
-6.219999999999999751e+00 6.091352925333727297e-01
-6.209999999999999964e+00 6.135017717317559072e-01
-6.199999999999999289e+00 6.168152707237728460e-01
-6.189999999999999503e+00 6.190080075202704091e-01
-6.179999999999999716e+00 6.200285458414633855e-01
-6.169999999999999929e+00 6.198430323340227144e-01
-6.160000000000000142e+00 6.184360475186534423e-01
-6.150000000000000355e+00 6.158110478116103348e-01
-6.140000000000000568e+00 6.119903882444848175e-01
-6.129999999999999893e+00 6.070149278490001299e-01
-6.120000000000000107e+00 6.009432315809395408e-01
-6.109999999999999432e+00 5.938503936805126227e-01
-6.099999999999999645e+00 5.858265171258698611e-01
-6.089999999999999858e+00 5.769748920389433655e-01
-6.080000000000000071e+00 5.674099223516587687e-01
-6.070000000000000284e+00 5.572548546386735246e-01
-6.060000000000000497e+00 5.466393657688929375e-01
-6.049999999999999822e+00 5.356970670067271456e-01
-6.040000000000000036e+00 5.245629815608598978e-01
-6.029999999999999361e+00 5.133710505409998515e-01
-6.019999999999999574e+00 5.022517190812285648e-01
-6.009999999999999787e+00 4.913296502725704729e-01
-6.000000000000000000e+00 4.807216097597402094e-01
-5.990000000000000213e+00 4.705345586154596194e-01
-5.979999999999999538e+00 4.608639865918532363e-01
-5.969999999999999751e+00 4.517925122001670291e-01
-5.959999999999999964e+00 4.433887703798313207e-01
-5.950000000000000178e+00 4.357066028360356280e-01
-5.939999999999999503e+00 4.287845604668834576e-01
-5.929999999999999716e+00 4.226457216587722332e-01
-5.919999999999999929e+00 4.172978245832266730e-01
-5.910000000000000142e+00 4.127337059648845674e-01
-5.900000000000000355e+00 4.089320331101927719e-01
-5.889999999999999680e+00 4.058583103189823404e-01
-5.879999999999999893e+00 4.034661352113367294e-01
-5.870000000000000107e+00 4.016986750941285433e-01
-5.860000000000000320e+00 4.004903284077017678e-01
-5.849999999999999645e+00 3.997685317082971812e-01
-5.839999999999999858e+00 3.994556687535902872e-01
-5.830000000000000071e+00 3.994710352738031767e-01
-5.820000000000000284e+00 3.997328111292539066e-01
-5.809999999999999609e+00 4.001599909530023647e-01
-5.799999999999999822e+00 4.006742251902102314e-01
-5.790000000000000036e+00 4.012015257543352087e-01
-5.780000000000000249e+00 4.016737943378496101e-01
-5.769999999999999574e+00 4.020301366809275745e-01
-5.759999999999999787e+00 4.022179326778934083e-01
-5.750000000000000000e+00 4.021936398768065635e-01
-5.740000000000000213e+00 4.019233164256558188e-01
-5.729999999999999538e+00 4.013828585104219915e-01
-5.719999999999999751e+00 4.005579564519535785e-01
-5.709999999999999964e+00 3.994437825016455834e-01
-5.700000000000000178e+00 3.980444316284000306e-01
-5.689999999999999503e+00 3.963721438774455152e-01
-5.679999999999999716e+00 3.944463429093277851e-01
-5.669999999999999929e+00 3.922925298634425961e-01
-5.660000000000000142e+00 3.899410745808393197e-01
-5.649999999999999467e+00 3.874259473966513712e-01
-5.639999999999999680e+00 3.847834341915655765e-01
-5.629999999999999893e+00 3.820508752762606930e-01
-5.620000000000000107e+00 3.792654651502502250e-01
-5.610000000000000320e+00 3.764631454670162025e-01
-5.599999999999999645e+00 3.736776179369464823e-01
-5.589999999999999858e+00 3.709394977219651612e-01
-5.580000000000000071e+00 3.682756214426188834e-01
-5.570000000000000284e+00 3.657085175403736454e-01
-5.559999999999999609e+00 3.632560406972127343e-01
-5.549999999999999822e+00 3.609311665508154188e-01
-5.540000000000000036e+00 3.587419382423319703e-01
-5.530000000000000249e+00 3.566915525205900384e-01
-5.519999999999999574e+00 3.547785702644819517e-01
-5.509999999999999787e+00 3.529972343770093612e-01
-5.500000000000000000e+00 3.513378769983411809e-01
-5.490000000000000213e+00 3.497873977845313842e-01
-5.479999999999999538e+00 3.483297954728125090e-01
-5.469999999999999751e+00 3.469467359524302519e-01
-5.459999999999999964e+00 3.456181414230162230e-01
-5.450000000000000178e+00 3.443227867962792010e-01
-5.439999999999999503e+00 3.430388911428529086e-01
-5.429999999999999716e+00 3.417446935899154936e-01
-5.419999999999999929e+00 3.404190045520887331e-01
-5.410000000000000142e+00 3.390417244760245419e-01
-5.399999999999999467e+00 3.375943233783478270e-01
-5.389999999999999680e+00 3.360602753668889275e-01
-5.379999999999999893e+00 3.344254430902377506e-01
-5.370000000000000107e+00 3.326784077116284322e-01
-5.360000000000000320e+00 3.308107406103424353e-01
-5.349999999999999645e+00 3.288172136387873534e-01
-5.339999999999999858e+00 3.266959454612838876e-01
-5.330000000000000071e+00 3.244484823135765361e-01
-5.320000000000000284e+00 3.220798124745532509e-01
-5.309999999999999609e+00 3.195983148371245863e-01
-5.299999999999999822e+00 3.170156431856003820e-01
-5.290000000000000036e+00 3.143465490936601103e-01
-5.280000000000000249e+00 3.116086476942722117e-01
-5.269999999999999574e+00 3.088221318721526276e-01
-5.259999999999999787e+00 3.060094416152183139e-01
-5.250000000000000000e+00 3.031948962581397788e-01
-5.240000000000000213e+00 3.004042980888746994e-01
-5.229999999999999538e+00 2.976645162104534226e-01
-5.219999999999999751e+00 2.950030596153784823e-01
-5.209999999999999964e+00 2.924476481204773548e-01
-5.200000000000000178e+00 2.900257891317958303e-01
-5.189999999999999503e+00 2.877643671932015312e-01
-5.179999999999999716e+00 2.856892519742676440e-01
-5.169999999999999929e+00 2.838249288500832024e-01
-5.160000000000000142e+00 2.821941546133375223e-01
-5.149999999999999467e+00 2.808176392452560455e-01
-5.139999999999999680e+00 2.797137531710496283e-01
-5.129999999999999893e+00 2.788982581508051561e-01
-5.120000000000000107e+00 2.783840590132187764e-01
-5.110000000000000320e+00 2.781809729164966827e-01
-5.099999999999999645e+00 2.782955127846187260e-01
-5.089999999999999858e+00 2.787306820556336162e-01
-5.080000000000000071e+00 2.794857788958267641e-01
-5.070000000000000284e+00 2.805562095468241424e-01
-5.059999999999999609e+00 2.819333124115548928e-01
-5.049999999999999822e+00 2.836041967424002830e-01
-5.040000000000000036e+00 2.855516022306157642e-01
-5.030000000000000249e+00 2.877537882427246840e-01
-5.019999999999999574e+00 2.901844637206328903e-01
-5.009999999999999787e+00 2.928127706621884707e-01
-5.000000000000000000e+00 2.956033354351059739e-01
-4.990000000000000213e+00 2.985164027720002000e-01
-4.979999999999999538e+00 3.015080669981697326e-01
-4.969999999999999751e+00 3.045306137470370489e-01
-4.959999999999999964e+00 3.075329830619241145e-01
-4.950000000000000178e+00 3.104613613670902383e-01
-4.939999999999999503e+00 3.132599053802735956e-01
-4.929999999999999716e+00 3.158715957639571248e-01
-4.919999999999999929e+00 3.182392123681135332e-01
-4.910000000000000142e+00 3.203064165558497933e-01
-4.899999999999999467e+00 3.220189196254640840e-01
-4.889999999999999680e+00 3.233257100819818541e-01
-4.879999999999999893e+00 3.241803068193262471e-01
-4.870000000000000107e+00 3.245420005001974362e-01
-4.860000000000000320e+00 3.243770418919982301e-01
-4.849999999999999645e+00 3.236597339199511758e-01
-4.839999999999999858e+00 3.223733839591014227e-01
-4.830000000000000071e+00 3.205110745556936092e-01
-4.820000000000000284e+00 3.180762144075530151e-01
-4.809999999999999609e+00 3.150828370084455821e-01
-4.799999999999999822e+00 3.115556217391846072e-01
-4.790000000000000036e+00 3.075296211374478617e-01
-4.780000000000000249e+00 3.030496882779942780e-01
-4.769999999999999574e+00 2.981696092469283133e-01
-4.759999999999999787e+00 2.929509571393451028e-01
-4.750000000000000000e+00 2.874616953508482564e-01
-4.740000000000000213e+00 2.817745686555450102e-01
-4.729999999999999538e+00 2.759653301600386577e-01
-4.719999999999999751e+00 2.701108602219602917e-01
-4.709999999999999964e+00 2.642872394073120246e-01
-4.700000000000000178e+00 2.585678411969003498e-01
-4.689999999999999503e+00 2.530215111991260812e-01
-4.679999999999999716e+00 2.477108979561291613e-01
-4.669999999999999929e+00 2.426909960343153760e-01
-4.660000000000000142e+00 2.380079550832142621e-01
-4.649999999999999467e+00 2.336981991633376443e-01
-4.639999999999999680e+00 2.297878892312941734e-01
-4.629999999999999893e+00 2.262927486740591299e-01
-4.620000000000000107e+00 2.232182577288975844e-01
-4.610000000000000320e+00 2.205602080927910325e-01
-4.599999999999999645e+00 2.183055946285432924e-01
-4.589999999999999858e+00 2.164338074311031868e-01
-4.580000000000000071e+00 2.149180752200609001e-01
-4.570000000000000284e+00 2.137271006145549379e-01
-4.559999999999999609e+00 2.128268197903767645e-01
-4.549999999999999822e+00 2.121822136832912653e-01
-4.540000000000000036e+00 2.117590955393379715e-01
-4.530000000000000249e+00 2.115258003464232095e-01
-4.519999999999999574e+00 2.114547055022273081e-01
-4.509999999999999787e+00 2.115235188377298514e-01
-4.500000000000000000e+00 2.117162795521085605e-01
-4.490000000000000213e+00 2.120240293362074535e-01
-4.479999999999999538e+00 2.124451244826275342e-01
-4.469999999999999751e+00 2.129851745387037476e-01
-4.459999999999999964e+00 2.136566084407485189e-01
-4.450000000000000178e+00 2.144778844365403669e-01
-4.439999999999999503e+00 2.154723748247909798e-01
-4.429999999999999716e+00 2.166669700134629117e-01
-4.419999999999999929e+00 2.180904580787955405e-01
-4.410000000000000142e+00 2.197717454288610206e-01
-4.399999999999999467e+00 2.217379909727788811e-01
-4.389999999999999680e+00 2.240127301145790339e-01
-4.379999999999999893e+00 2.266140657946433823e-01
-4.370000000000000107e+00 2.295530016804283591e-01
-4.360000000000000320e+00 2.328319875714364162e-01
-4.349999999999999645e+00 2.364437393542617172e-01
-4.339999999999999858e+00 2.403703857467204275e-01
-4.330000000000000071e+00 2.445829820164241442e-01
-4.320000000000000284e+00 2.490414173271678078e-01
-4.309999999999999609e+00 2.536947278820929075e-01
-4.299999999999999822e+00 2.584818131476850356e-01
-4.290000000000000036e+00 2.633325377138667767e-01
-4.280000000000000249e+00 2.681691873132083792e-01
-4.269999999999999574e+00 2.729082346917137136e-01
-4.259999999999999787e+00 2.774623598471048225e-01
-4.250000000000000000e+00 2.817426600129366854e-01
-4.240000000000000213e+00 2.856609779736238863e-01
-4.229999999999999538e+00 2.891322730636050053e-01
-4.219999999999999751e+00 2.920769576563336245e-01
-4.209999999999999964e+00 2.944231231119342485e-01
-4.200000000000000178e+00 2.961085829567215444e-01
-4.189999999999999503e+00 2.970826673518743855e-01
-4.179999999999999716e+00 2.973077114256114095e-01
-4.169999999999999929e+00 2.967601904707600768e-01
-4.160000000000000142e+00 2.954314669611922128e-01
-4.149999999999999467e+00 2.933281273799300815e-01
-4.139999999999999680e+00 2.904719005081540795e-01
-4.129999999999999893e+00 2.868991626097955328e-01
-4.120000000000000107e+00 2.826600483727335633e-01
-4.110000000000000320e+00 2.778171990642255285e-01
-4.099999999999999645e+00 2.724441906890510134e-01
-4.089999999999999858e+00 2.666236946181452794e-01
-4.080000000000000071e+00 2.604454308619315039e-01
-4.070000000000000284e+00 2.540039796508495318e-01
-4.059999999999999609e+00 2.473965200953383847e-01
-4.049999999999999822e+00 2.407205653588939953e-01
-4.040000000000000036e+00 2.340717620133361265e-01
-4.030000000000000249e+00 2.275418171686187097e-01
-4.019999999999999574e+00 2.212166107793369085e-01
-4.009999999999999787e+00 2.151745425025015923e-01
-4.000000000000000000e+00 2.094851529570392334e-01
-3.990000000000000213e+00 2.042080486064397071e-01
-3.979999999999999538e+00 1.993921481778171412e-01
-3.969999999999999751e+00 1.950752569859033891e-01
-3.959999999999999964e+00 1.912839641902044086e-01
-3.950000000000000178e+00 1.880338472996358479e-01
-3.939999999999999503e+00 1.853299585374487690e-01
-3.929999999999999716e+00 1.831675593255844559e-01
-3.919999999999999929e+00 1.815330624140745752e-01
-3.910000000000000142e+00 1.804051362675332115e-01
-3.899999999999999467e+00 1.797559233482221297e-01
-3.889999999999999680e+00 1.795523229432149925e-01
-3.879999999999999893e+00 1.797572901306668247e-01
-3.870000000000000107e+00 1.803311052493444810e-01
-3.859999999999999432e+00 1.812325726390257852e-01
-3.849999999999999645e+00 1.824201132100798928e-01
-3.839999999999999858e+00 1.838527222835653618e-01
-3.830000000000000071e+00 1.854907717892682883e-01
-3.820000000000000284e+00 1.872966439690678664e-01
-3.809999999999999609e+00 1.892351918525653209e-01
-3.799999999999999822e+00 1.912740296061586354e-01
-3.790000000000000036e+00 1.933836630840276571e-01
-3.780000000000000249e+00 1.955374772437601105e-01
-3.769999999999999574e+00 1.977116022911060700e-01
-3.759999999999999787e+00 1.998846843032682785e-01
-3.750000000000000000e+00 2.020375885257387205e-01
-3.740000000000000213e+00 2.041530644871992206e-01
-3.729999999999999538e+00 2.062154015409730645e-01
-3.719999999999999751e+00 2.082101014964891639e-01
-3.709999999999999964e+00 2.101235917891467186e-01
-3.700000000000000178e+00 2.119429983467116529e-01
-3.689999999999999503e+00 2.136559921872855372e-01
-3.679999999999999716e+00 2.152507181068537001e-01
-3.669999999999999929e+00 2.167158078864934445e-01
-3.660000000000000142e+00 2.180404745836897751e-01
-3.649999999999999467e+00 2.192146789775378246e-01
-3.639999999999999680e+00 2.202293544028942063e-01
-3.629999999999999893e+00 2.210766722886458591e-01
-3.620000000000000107e+00 2.217503279173456132e-01
-3.609999999999999432e+00 2.222458243954639201e-01
-3.599999999999999645e+00 2.225607326452088142e-01
-3.589999999999999858e+00 2.226949064062060391e-01
-3.580000000000000071e+00 2.226506336985205059e-01
-3.570000000000000284e+00 2.224327098043227258e-01
-3.559999999999999609e+00 2.220484213638090343e-01
-3.549999999999999822e+00 2.215074363853930528e-01
-3.540000000000000036e+00 2.208216005324505349e-01
-3.530000000000000249e+00 2.200046456363347891e-01
-3.519999999999999574e+00 2.190718216603207980e-01
-3.509999999999999787e+00 2.180394679794603885e-01
-3.500000000000000000e+00 2.169245435604667538e-01
-3.490000000000000213e+00 2.157441381911895384e-01
-3.479999999999999538e+00 2.145149881580001583e-01
-3.469999999999999751e+00 2.132530196193630490e-01
-3.459999999999999964e+00 2.119729413801476059e-01
-3.450000000000000178e+00 2.106879059269788912e-01
-3.439999999999999503e+00 2.094092536161333007e-01
-3.429999999999999716e+00 2.081463500604166517e-01
-3.419999999999999929e+00 2.069065213447938700e-01
-3.410000000000000142e+00 2.056950860537642978e-01
-3.399999999999999467e+00 2.045154775722303198e-01
-3.389999999999999680e+00 2.033694450723079195e-01
-3.379999999999999893e+00 2.022573173349572206e-01
-3.370000000000000107e+00 2.011783103378445015e-01
-3.359999999999999432e+00 2.001308575589546002e-01
-3.349999999999999645e+00 1.991129413054577579e-01
-3.339999999999999858e+00 1.981224040956325316e-01
-3.330000000000000071e+00 1.971572211247560880e-01
-3.320000000000000284e+00 1.962157179763209802e-01
-3.309999999999999609e+00 1.952967217683999057e-01
-3.299999999999999822e+00 1.943996385671482863e-01
-3.290000000000000036e+00 1.935244548367649753e-01
-3.280000000000000249e+00 1.926716655976841164e-01
-3.269999999999999574e+00 1.918421365140953183e-01
-3.259999999999999787e+00 1.910369110435898299e-01
-3.250000000000000000e+00 1.902569768240900405e-01
-3.240000000000000213e+00 1.895030074821737187e-01
-3.229999999999999538e+00 1.887750969354863306e-01
-3.219999999999999751e+00 1.880725030239713824e-01
-3.209999999999999964e+00 1.873934160123078563e-01
-3.200000000000000178e+00 1.867347653016783182e-01
-3.189999999999999503e+00 1.860920747724463253e-01
-3.179999999999999716e+00 1.854593737905151363e-01
-3.169999999999999929e+00 1.848291673101123966e-01
-3.160000000000000142e+00 1.841924649564581906e-01
-3.149999999999999467e+00 1.835388657165036297e-01
-3.139999999999999680e+00 1.828566921121107525e-01
-3.129999999999999893e+00 1.821331656352006001e-01
-3.120000000000000107e+00 1.813546138867902502e-01
-3.109999999999999432e+00 1.805066993158247202e-01
-3.099999999999999645e+00 1.795746596704030917e-01
-3.089999999999999858e+00 1.785435511667552155e-01
-3.080000000000000071e+00 1.773984868155794314e-01
-3.070000000000000284e+00 1.761248641516832691e-01
-3.059999999999999609e+00 1.747085786024700771e-01
-3.049999999999999822e+00 1.731362207115834662e-01
-3.040000000000000036e+00 1.713952572264371144e-01
-3.030000000000000249e+00 1.694741975096285547e-01
-3.019999999999999574e+00 1.673627477295272503e-01
-3.009999999999999787e+00 1.650519557559058936e-01
-3.000000000000000000e+00 1.625343496132464205e-01
-2.990000000000000213e+00 1.598040717577351999e-01
-2.979999999999999538e+00 1.568570104195305404e-01
-2.969999999999999751e+00 1.536909279025499009e-01
-2.959999999999999964e+00 1.503055841995301622e-01
-2.950000000000000178e+00 1.467028527147965500e-01
-2.939999999999999503e+00 1.428868234467768339e-01
-2.929999999999999716e+00 1.388638878114339670e-01
-2.919999999999999929e+00 1.346427985083508971e-01
-2.910000000000000142e+00 1.302346975332419055e-01
-2.899999999999999467e+00 1.256531056757969889e-01
-2.889999999999999680e+00 1.209138676200027795e-01
-2.879999999999999893e+00 1.160350480537196693e-01
-2.870000000000000107e+00 1.110367759252210984e-01
-2.859999999999999432e+00 1.059410360538964591e-01
-2.849999999999999645e+00 1.007714095834599810e-01
-2.839999999999999858e+00 9.555276711707655357e-02
-2.830000000000000071e+00 9.031092064894011284e-02
-2.820000000000000284e+00 8.507224246601541306e-02
-2.809999999999999609e+00 7.986326091241119363e-02
-2.799999999999999822e+00 7.471024418597332906e-02
-2.790000000000000036e+00 6.963878410024976207e-02
-2.780000000000000249e+00 6.467339195600080304e-02
-2.769999999999999574e+00 5.983711831991719854e-02
-2.759999999999999787e+00 5.515120763218758770e-02
-2.750000000000000000e+00 5.063479721657415666e-02
-2.740000000000000213e+00 4.630466852883213802e-02
-2.729999999999999538e+00 4.217505645189306707e-02
-2.719999999999999751e+00 3.825752024055883993e-02
-2.709999999999999964e+00 3.456087744951619189e-02
-2.700000000000000178e+00 3.109119995799039526e-02
-2.689999999999999503e+00 2.785186913430481859e-02
-2.679999999999999716e+00 2.484368535128728128e-02
-2.669999999999999929e+00 2.206502553735018024e-02
-2.660000000000000142e+00 1.951204127577180203e-02
-2.649999999999999467e+00 1.717888917180249164e-02
-2.639999999999999680e+00 1.505798479808012624e-02
-2.629999999999999893e+00 1.314027148816537816e-02
-2.620000000000000107e+00 1.141549554377380149e-02
-2.609999999999999432e+00 9.872480008060735557e-03
-2.599999999999999645e+00 8.499389980259841604e-03
-2.589999999999999858e+00 7.283983445732916673e-03
-2.580000000000000071e+00 6.213842708062133902e-03
-2.570000000000000284e+00 5.276582676040142417e-03
-2.559999999999999609e+00 4.460033422878317833e-03
-2.549999999999999822e+00 3.752395549293380261e-03
-2.540000000000000036e+00 3.142367906585313841e-03
-2.530000000000000249e+00 2.619248140161373195e-03
-2.519999999999999574e+00 2.173007277650129687e-03
-2.509999999999999787e+00 1.794340197668498060e-03
-2.500000000000000000e+00 1.474694272853072086e-03
-2.490000000000000213e+00 1.206278788774745037e-03
-2.479999999999999538e+00 9.820579096248283069e-04
-2.469999999999999751e+00 7.957300074263318201e-04
-2.459999999999999964e+00 6.416961123169862002e-04
-2.450000000000000178e+00 5.150200971097140812e-04
-2.439999999999999503e+00 4.113830001502283285e-04
-2.429999999999999716e+00 3.270336360449710433e-04
-2.419999999999999929e+00 2.587373621752708797e-04
-2.410000000000000142e+00 2.037245759772821074e-04
-2.399999999999999467e+00 1.596402271837604747e-04
-2.389999999999999680e+00 1.244953513550861590e-04
-2.379999999999999893e+00 9.662137418908756104e-05
-2.370000000000000107e+00 7.462770587338130035e-05
-2.359999999999999432e+00 5.736294444869116660e-05
-2.349999999999999645e+00 4.387983814219120760e-05
-2.339999999999999858e+00 3.340401864571074242e-05
-2.330000000000000071e+00 2.530640884287893577e-05
-2.320000000000000284e+00 1.907912710868986395e-05
-2.309999999999999609e+00 1.431465298989964552e-05
-2.299999999999999822e+00 1.068798248521352079e-05
-2.290000000000000036e+00 7.941481843576347899e-06
-2.280000000000000249e+00 5.872143435253773802e-06
-2.269999999999999574e+00 4.320952695646695929e-06
-2.259999999999999787e+00 3.164088574342249771e-06
-2.250000000000000000e+00 2.305698886817530990e-06
-2.240000000000000213e+00 1.672014387443798711e-06
-2.229999999999999538e+00 1.206589577529282309e-06
-2.219999999999999751e+00 8.664828903548471573e-07
-2.209999999999999964e+00 6.192129687887515388e-07
-2.200000000000000178e+00 4.403505421968212374e-07
-2.189999999999999503e+00 3.116264523095324535e-07
-2.179999999999999716e+00 2.194553990753078665e-07
-2.169999999999999929e+00 1.537918494776135958e-07
-2.160000000000000142e+00 1.072492883946729592e-07
-2.149999999999999467e+00 7.442666422052823805e-08
-2.139999999999999680e+00 5.139664149833578222e-08
-2.129999999999999893e+00 3.531929487765594899e-08
-2.120000000000000107e+00 2.415235461628029157e-08
-2.109999999999999432e+00 1.643524538685880998e-08
-2.099999999999999645e+00 1.112913211587240880e-08
-2.089999999999999858e+00 7.499182719250541140e-09
-2.080000000000000071e+00 5.028440108745257930e-09
-2.069999999999999396e+00 3.355200783872192005e-09
-2.059999999999999609e+00 2.227762363471441631e-09
-2.049999999999999822e+00 1.471917698836477939e-09
-2.040000000000000036e+00 9.677469936519855764e-10
-2.030000000000000249e+00 6.331446478213820228e-10
-2.019999999999999574e+00 4.121982755123099196e-10
-2.009999999999999787e+00 2.670367260648731644e-10
-2.000000000000000000e+00 1.721457976167073411e-10
-1.990000000000000213e+00 1.104286662112485828e-10
-1.980000000000000426e+00 7.048989170144182026e-11
-1.970000000000000639e+00 4.477451742701532567e-11
-1.959999999999999076e+00 2.830041756496370908e-11
-1.949999999999999289e+00 1.779976166460528475e-11
-1.939999999999999503e+00 1.114008885139128324e-11
-1.929999999999999716e+00 6.937783680882603221e-12
-1.919999999999999929e+00 4.299394174012149961e-12
-1.910000000000000142e+00 2.651268093956105076e-12
-1.900000000000000355e+00 1.626920820285704394e-12
-1.890000000000000568e+00 9.933720512833588145e-13
-1.879999999999999005e+00 6.035172361862350954e-13
-1.869999999999999218e+00 3.649303081942889548e-13
-1.859999999999999432e+00 2.195466031196247059e-13
-1.849999999999999645e+00 1.314504061156185344e-13
-1.839999999999999858e+00 7.829847881168916501e-14
-1.830000000000000071e+00 4.640732242933154339e-14
-1.820000000000000284e+00 2.736699755701010872e-14
-1.810000000000000497e+00 1.607047828144914092e-14
-1.800000000000000711e+00 9.381384558082572767e-15
-1.789999999999999147e+00 5.467848396278895962e-15
-1.779999999999999361e+00 3.136380044566067227e-15
-1.769999999999999574e+00 1.804112415015879378e-15
-1.759999999999999787e+00 1.054711873393898713e-15
-1.750000000000000000e+00 5.828670879282071837e-16
-1.740000000000000213e+00 3.608224830031758756e-16
-1.730000000000000426e+00 1.942890293094023946e-16
-1.720000000000000639e+00 1.249000902703301108e-16
-1.709999999999999076e+00 4.163336342344337027e-17
-1.699999999999999289e+00 4.163336342344337027e-17
-1.689999999999999503e+00 1.387778780781445676e-17
-1.679999999999999716e+00 0.000000000000000000e+00
-1.669999999999999929e+00 1.387778780781445676e-17
-1.660000000000000142e+00 1.387778780781445676e-17
-1.650000000000000355e+00 0.000000000000000000e+00
-1.640000000000000568e+00 0.000000000000000000e+00
-1.629999999999999005e+00 0.000000000000000000e+00
-1.619999999999999218e+00 0.000000000000000000e+00
-1.609999999999999432e+00 0.000000000000000000e+00
-1.599999999999999645e+00 0.000000000000000000e+00
-1.589999999999999858e+00 0.000000000000000000e+00
-1.580000000000000071e+00 0.000000000000000000e+00
-1.570000000000000284e+00 0.000000000000000000e+00
-1.560000000000000497e+00 0.000000000000000000e+00
-1.550000000000000711e+00 0.000000000000000000e+00
-1.539999999999999147e+00 0.000000000000000000e+00
-1.529999999999999361e+00 0.000000000000000000e+00
-1.519999999999999574e+00 0.000000000000000000e+00
-1.509999999999999787e+00 0.000000000000000000e+00
-1.500000000000000000e+00 0.000000000000000000e+00
-1.490000000000000213e+00 0.000000000000000000e+00
-1.480000000000000426e+00 0.000000000000000000e+00
-1.470000000000000639e+00 0.000000000000000000e+00
-1.459999999999999076e+00 0.000000000000000000e+00
-1.449999999999999289e+00 0.000000000000000000e+00
-1.439999999999999503e+00 0.000000000000000000e+00
-1.429999999999999716e+00 0.000000000000000000e+00
-1.419999999999999929e+00 0.000000000000000000e+00
-1.410000000000000142e+00 0.000000000000000000e+00
-1.400000000000000355e+00 0.000000000000000000e+00
-1.390000000000000568e+00 0.000000000000000000e+00
-1.379999999999999005e+00 0.000000000000000000e+00
-1.369999999999999218e+00 0.000000000000000000e+00
-1.359999999999999432e+00 0.000000000000000000e+00
-1.349999999999999645e+00 0.000000000000000000e+00
-1.339999999999999858e+00 0.000000000000000000e+00
-1.330000000000000071e+00 0.000000000000000000e+00
-1.320000000000000284e+00 0.000000000000000000e+00
-1.310000000000000497e+00 0.000000000000000000e+00
-1.299999999999998934e+00 0.000000000000000000e+00
-1.289999999999999147e+00 0.000000000000000000e+00
-1.279999999999999361e+00 0.000000000000000000e+00
-1.269999999999999574e+00 0.000000000000000000e+00
-1.259999999999999787e+00 0.000000000000000000e+00
-1.250000000000000000e+00 0.000000000000000000e+00
-1.240000000000000213e+00 0.000000000000000000e+00
-1.230000000000000426e+00 0.000000000000000000e+00
-1.220000000000000639e+00 0.000000000000000000e+00
-1.209999999999999076e+00 0.000000000000000000e+00
-1.199999999999999289e+00 0.000000000000000000e+00
-1.189999999999999503e+00 0.000000000000000000e+00
-1.179999999999999716e+00 0.000000000000000000e+00
-1.169999999999999929e+00 0.000000000000000000e+00
-1.160000000000000142e+00 0.000000000000000000e+00
-1.150000000000000355e+00 0.000000000000000000e+00
-1.140000000000000568e+00 0.000000000000000000e+00
-1.129999999999999005e+00 0.000000000000000000e+00
-1.119999999999999218e+00 0.000000000000000000e+00
-1.109999999999999432e+00 0.000000000000000000e+00
-1.099999999999999645e+00 0.000000000000000000e+00
-1.089999999999999858e+00 0.000000000000000000e+00
-1.080000000000000071e+00 0.000000000000000000e+00
-1.070000000000000284e+00 0.000000000000000000e+00
-1.060000000000000497e+00 0.000000000000000000e+00
-1.049999999999998934e+00 0.000000000000000000e+00
-1.039999999999999147e+00 0.000000000000000000e+00
-1.029999999999999361e+00 0.000000000000000000e+00
-1.019999999999999574e+00 0.000000000000000000e+00
-1.009999999999999787e+00 0.000000000000000000e+00
-1.000000000000000000e+00 0.000000000000000000e+00
-9.900000000000002132e-01 0.000000000000000000e+00
-9.800000000000004263e-01 0.000000000000000000e+00
-9.700000000000006395e-01 0.000000000000000000e+00
-9.599999999999990763e-01 0.000000000000000000e+00
-9.499999999999992895e-01 0.000000000000000000e+00
-9.399999999999995026e-01 0.000000000000000000e+00
-9.299999999999997158e-01 0.000000000000000000e+00
-9.199999999999999289e-01 0.000000000000000000e+00
-9.100000000000001421e-01 0.000000000000000000e+00
-9.000000000000003553e-01 0.000000000000000000e+00
-8.900000000000005684e-01 0.000000000000000000e+00
-8.799999999999990052e-01 0.000000000000000000e+00
-8.699999999999992184e-01 0.000000000000000000e+00
-8.599999999999994316e-01 0.000000000000000000e+00
-8.499999999999996447e-01 0.000000000000000000e+00
-8.399999999999998579e-01 0.000000000000000000e+00
-8.300000000000000711e-01 0.000000000000000000e+00
-8.200000000000002842e-01 0.000000000000000000e+00
-8.100000000000004974e-01 0.000000000000000000e+00
-7.999999999999989342e-01 0.000000000000000000e+00
-7.899999999999991473e-01 0.000000000000000000e+00
-7.799999999999993605e-01 0.000000000000000000e+00
-7.699999999999995737e-01 0.000000000000000000e+00
-7.599999999999997868e-01 0.000000000000000000e+00
-7.500000000000000000e-01 0.000000000000000000e+00
-7.400000000000002132e-01 0.000000000000000000e+00
-7.300000000000004263e-01 0.000000000000000000e+00
-7.200000000000006395e-01 0.000000000000000000e+00
-7.099999999999990763e-01 0.000000000000000000e+00
-6.999999999999992895e-01 0.000000000000000000e+00
-6.899999999999995026e-01 0.000000000000000000e+00
-6.799999999999997158e-01 0.000000000000000000e+00
-6.699999999999999289e-01 0.000000000000000000e+00
-6.600000000000001421e-01 0.000000000000000000e+00
-6.500000000000003553e-01 0.000000000000000000e+00
-6.400000000000005684e-01 0.000000000000000000e+00
-6.299999999999990052e-01 0.000000000000000000e+00
-6.199999999999992184e-01 0.000000000000000000e+00
-6.099999999999994316e-01 0.000000000000000000e+00
-5.999999999999996447e-01 0.000000000000000000e+00
-5.899999999999998579e-01 0.000000000000000000e+00
-5.800000000000000711e-01 0.000000000000000000e+00
-5.700000000000002842e-01 0.000000000000000000e+00
-5.600000000000004974e-01 0.000000000000000000e+00
-5.499999999999989342e-01 0.000000000000000000e+00
-5.399999999999991473e-01 0.000000000000000000e+00
-5.299999999999993605e-01 0.000000000000000000e+00
-5.199999999999995737e-01 0.000000000000000000e+00
-5.099999999999997868e-01 0.000000000000000000e+00
-5.000000000000000000e-01 0.000000000000000000e+00
-4.900000000000002132e-01 0.000000000000000000e+00
-4.800000000000004263e-01 0.000000000000000000e+00
-4.700000000000006395e-01 0.000000000000000000e+00
-4.599999999999990763e-01 0.000000000000000000e+00
-4.499999999999992895e-01 0.000000000000000000e+00
-4.399999999999995026e-01 0.000000000000000000e+00
-4.299999999999997158e-01 0.000000000000000000e+00
-4.199999999999999289e-01 0.000000000000000000e+00
-4.100000000000001421e-01 0.000000000000000000e+00
-4.000000000000003553e-01 0.000000000000000000e+00
-3.900000000000005684e-01 0.000000000000000000e+00
-3.799999999999990052e-01 0.000000000000000000e+00
-3.699999999999992184e-01 0.000000000000000000e+00
-3.599999999999994316e-01 0.000000000000000000e+00
-3.499999999999996447e-01 0.000000000000000000e+00
-3.399999999999998579e-01 0.000000000000000000e+00
-3.300000000000000711e-01 0.000000000000000000e+00
-3.200000000000002842e-01 0.000000000000000000e+00
-3.100000000000004974e-01 0.000000000000000000e+00
-2.999999999999989342e-01 0.000000000000000000e+00
-2.899999999999991473e-01 0.000000000000000000e+00
-2.799999999999993605e-01 0.000000000000000000e+00
-2.699999999999995737e-01 0.000000000000000000e+00
-2.599999999999997868e-01 0.000000000000000000e+00
-2.500000000000000000e-01 0.000000000000000000e+00
-2.400000000000002132e-01 0.000000000000000000e+00
-2.300000000000004263e-01 0.000000000000000000e+00
-2.200000000000006395e-01 0.000000000000000000e+00
-2.099999999999990763e-01 0.000000000000000000e+00
-1.999999999999992895e-01 0.000000000000000000e+00
-1.899999999999995026e-01 0.000000000000000000e+00
-1.799999999999997158e-01 0.000000000000000000e+00
-1.699999999999999289e-01 0.000000000000000000e+00
-1.600000000000001421e-01 0.000000000000000000e+00
-1.500000000000003553e-01 0.000000000000000000e+00
-1.400000000000005684e-01 0.000000000000000000e+00
-1.299999999999990052e-01 0.000000000000000000e+00
-1.199999999999992184e-01 0.000000000000000000e+00
-1.099999999999994316e-01 0.000000000000000000e+00
-9.999999999999964473e-02 0.000000000000000000e+00
-8.999999999999985789e-02 0.000000000000000000e+00
-8.000000000000007105e-02 0.000000000000000000e+00
-7.000000000000028422e-02 0.000000000000000000e+00
-6.000000000000049738e-02 0.000000000000000000e+00
-4.999999999999893419e-02 0.000000000000000000e+00
-3.999999999999914735e-02 0.000000000000000000e+00
-2.999999999999936051e-02 0.000000000000000000e+00
-1.999999999999957367e-02 0.000000000000000000e+00
-9.999999999999786837e-03 0.000000000000000000e+00
0.000000000000000000e+00 0.000000000000000000e+00
9.999999999999786837e-03 0.000000000000000000e+00
1.999999999999957367e-02 0.000000000000000000e+00
2.999999999999936051e-02 0.000000000000000000e+00
4.000000000000092371e-02 0.000000000000000000e+00
5.000000000000071054e-02 0.000000000000000000e+00
6.000000000000049738e-02 0.000000000000000000e+00
7.000000000000028422e-02 0.000000000000000000e+00
8.000000000000007105e-02 0.000000000000000000e+00
8.999999999999985789e-02 0.000000000000000000e+00
9.999999999999964473e-02 0.000000000000000000e+00
1.099999999999994316e-01 0.000000000000000000e+00
1.200000000000009948e-01 0.000000000000000000e+00
1.300000000000007816e-01 0.000000000000000000e+00
1.400000000000005684e-01 0.000000000000000000e+00
1.500000000000003553e-01 0.000000000000000000e+00
1.600000000000001421e-01 0.000000000000000000e+00
1.699999999999999289e-01 0.000000000000000000e+00
1.799999999999997158e-01 0.000000000000000000e+00
1.899999999999995026e-01 0.000000000000000000e+00
2.000000000000010658e-01 0.000000000000000000e+00
2.100000000000008527e-01 0.000000000000000000e+00
2.200000000000006395e-01 0.000000000000000000e+00
2.300000000000004263e-01 0.000000000000000000e+00
2.400000000000002132e-01 0.000000000000000000e+00
2.500000000000000000e-01 0.000000000000000000e+00
2.599999999999997868e-01 0.000000000000000000e+00
2.699999999999995737e-01 0.000000000000000000e+00
2.799999999999993605e-01 0.000000000000000000e+00
2.900000000000009237e-01 0.000000000000000000e+00
3.000000000000007105e-01 0.000000000000000000e+00
3.100000000000004974e-01 0.000000000000000000e+00
3.200000000000002842e-01 0.000000000000000000e+00
3.300000000000000711e-01 0.000000000000000000e+00
3.399999999999998579e-01 0.000000000000000000e+00
3.499999999999996447e-01 0.000000000000000000e+00
3.599999999999994316e-01 0.000000000000000000e+00
3.700000000000009948e-01 0.000000000000000000e+00
3.800000000000007816e-01 0.000000000000000000e+00
3.900000000000005684e-01 0.000000000000000000e+00
4.000000000000003553e-01 0.000000000000000000e+00
4.100000000000001421e-01 0.000000000000000000e+00
4.199999999999999289e-01 0.000000000000000000e+00
4.299999999999997158e-01 0.000000000000000000e+00
4.399999999999995026e-01 0.000000000000000000e+00
4.500000000000010658e-01 0.000000000000000000e+00
4.600000000000008527e-01 0.000000000000000000e+00
4.700000000000006395e-01 0.000000000000000000e+00
4.800000000000004263e-01 0.000000000000000000e+00
4.900000000000002132e-01 0.000000000000000000e+00
5.000000000000000000e-01 0.000000000000000000e+00
5.099999999999997868e-01 0.000000000000000000e+00
5.199999999999995737e-01 0.000000000000000000e+00
5.299999999999993605e-01 0.000000000000000000e+00
5.400000000000009237e-01 0.000000000000000000e+00
5.500000000000007105e-01 0.000000000000000000e+00
5.600000000000004974e-01 0.000000000000000000e+00
5.700000000000002842e-01 0.000000000000000000e+00
5.800000000000000711e-01 0.000000000000000000e+00
5.899999999999998579e-01 0.000000000000000000e+00
5.999999999999996447e-01 0.000000000000000000e+00
6.099999999999994316e-01 0.000000000000000000e+00
6.200000000000009948e-01 0.000000000000000000e+00
6.300000000000007816e-01 0.000000000000000000e+00
6.400000000000005684e-01 0.000000000000000000e+00
6.500000000000003553e-01 0.000000000000000000e+00
6.600000000000001421e-01 0.000000000000000000e+00
6.699999999999999289e-01 0.000000000000000000e+00
6.799999999999997158e-01 0.000000000000000000e+00
6.899999999999995026e-01 0.000000000000000000e+00
7.000000000000010658e-01 0.000000000000000000e+00
7.100000000000008527e-01 0.000000000000000000e+00
7.200000000000006395e-01 0.000000000000000000e+00
7.300000000000004263e-01 0.000000000000000000e+00
7.400000000000002132e-01 0.000000000000000000e+00
7.500000000000000000e-01 0.000000000000000000e+00
7.599999999999997868e-01 0.000000000000000000e+00
7.699999999999995737e-01 0.000000000000000000e+00
7.799999999999993605e-01 0.000000000000000000e+00
7.900000000000009237e-01 0.000000000000000000e+00
8.000000000000007105e-01 0.000000000000000000e+00
8.100000000000004974e-01 0.000000000000000000e+00
8.200000000000002842e-01 0.000000000000000000e+00
8.300000000000000711e-01 0.000000000000000000e+00
8.399999999999998579e-01 0.000000000000000000e+00
8.499999999999996447e-01 0.000000000000000000e+00
8.599999999999994316e-01 0.000000000000000000e+00
8.700000000000009948e-01 0.000000000000000000e+00
8.800000000000007816e-01 0.000000000000000000e+00
8.900000000000005684e-01 0.000000000000000000e+00
9.000000000000003553e-01 0.000000000000000000e+00
9.100000000000001421e-01 0.000000000000000000e+00
9.199999999999999289e-01 0.000000000000000000e+00
9.299999999999997158e-01 0.000000000000000000e+00
9.399999999999995026e-01 0.000000000000000000e+00
9.500000000000010658e-01 0.000000000000000000e+00
9.600000000000008527e-01 0.000000000000000000e+00
9.700000000000006395e-01 0.000000000000000000e+00
9.800000000000004263e-01 0.000000000000000000e+00
9.900000000000002132e-01 0.000000000000000000e+00
1.000000000000000000e+00 0.000000000000000000e+00
1.009999999999999787e+00 0.000000000000000000e+00
1.019999999999999574e+00 0.000000000000000000e+00
1.029999999999999361e+00 0.000000000000000000e+00
1.040000000000000924e+00 0.000000000000000000e+00
1.050000000000000711e+00 0.000000000000000000e+00
1.060000000000000497e+00 0.000000000000000000e+00
1.070000000000000284e+00 0.000000000000000000e+00
1.080000000000000071e+00 0.000000000000000000e+00
1.089999999999999858e+00 0.000000000000000000e+00
1.099999999999999645e+00 0.000000000000000000e+00
1.109999999999999432e+00 0.000000000000000000e+00
1.120000000000000995e+00 0.000000000000000000e+00
1.130000000000000782e+00 0.000000000000000000e+00
1.140000000000000568e+00 0.000000000000000000e+00
1.150000000000000355e+00 0.000000000000000000e+00
1.160000000000000142e+00 0.000000000000000000e+00
1.169999999999999929e+00 0.000000000000000000e+00
1.179999999999999716e+00 0.000000000000000000e+00
1.189999999999999503e+00 0.000000000000000000e+00
1.200000000000001066e+00 0.000000000000000000e+00
1.210000000000000853e+00 0.000000000000000000e+00
1.220000000000000639e+00 0.000000000000000000e+00
1.230000000000000426e+00 0.000000000000000000e+00
1.240000000000000213e+00 0.000000000000000000e+00
1.250000000000000000e+00 0.000000000000000000e+00
1.259999999999999787e+00 0.000000000000000000e+00
1.269999999999999574e+00 0.000000000000000000e+00
1.279999999999999361e+00 0.000000000000000000e+00
1.290000000000000924e+00 0.000000000000000000e+00
1.300000000000000711e+00 0.000000000000000000e+00
1.310000000000000497e+00 0.000000000000000000e+00
1.320000000000000284e+00 0.000000000000000000e+00
1.330000000000000071e+00 0.000000000000000000e+00
1.339999999999999858e+00 0.000000000000000000e+00
1.349999999999999645e+00 0.000000000000000000e+00
1.359999999999999432e+00 0.000000000000000000e+00
1.370000000000000995e+00 0.000000000000000000e+00
1.380000000000000782e+00 0.000000000000000000e+00
1.390000000000000568e+00 0.000000000000000000e+00
1.400000000000000355e+00 0.000000000000000000e+00
1.410000000000000142e+00 0.000000000000000000e+00
1.419999999999999929e+00 0.000000000000000000e+00
1.429999999999999716e+00 0.000000000000000000e+00
1.439999999999999503e+00 0.000000000000000000e+00
1.450000000000001066e+00 0.000000000000000000e+00
1.460000000000000853e+00 0.000000000000000000e+00
1.470000000000000639e+00 0.000000000000000000e+00
1.480000000000000426e+00 0.000000000000000000e+00
1.490000000000000213e+00 0.000000000000000000e+00
1.500000000000000000e+00 0.000000000000000000e+00
1.509999999999999787e+00 0.000000000000000000e+00
1.519999999999999574e+00 0.000000000000000000e+00
1.529999999999999361e+00 0.000000000000000000e+00
1.540000000000000924e+00 0.000000000000000000e+00
1.550000000000000711e+00 0.000000000000000000e+00
1.560000000000000497e+00 0.000000000000000000e+00
1.570000000000000284e+00 0.000000000000000000e+00
1.580000000000000071e+00 0.000000000000000000e+00
1.589999999999999858e+00 0.000000000000000000e+00
1.599999999999999645e+00 0.000000000000000000e+00
1.609999999999999432e+00 0.000000000000000000e+00
1.620000000000000995e+00 0.000000000000000000e+00
1.630000000000000782e+00 0.000000000000000000e+00
1.640000000000000568e+00 0.000000000000000000e+00
1.650000000000000355e+00 0.000000000000000000e+00
1.660000000000000142e+00 0.000000000000000000e+00
1.669999999999999929e+00 0.000000000000000000e+00
1.679999999999999716e+00 0.000000000000000000e+00
1.689999999999999503e+00 0.000000000000000000e+00
1.700000000000001066e+00 0.000000000000000000e+00
1.710000000000000853e+00 0.000000000000000000e+00
1.720000000000000639e+00 0.000000000000000000e+00
1.730000000000000426e+00 0.000000000000000000e+00
1.740000000000000213e+00 0.000000000000000000e+00
1.750000000000000000e+00 0.000000000000000000e+00
1.759999999999999787e+00 0.000000000000000000e+00
1.769999999999999574e+00 0.000000000000000000e+00
1.779999999999999361e+00 0.000000000000000000e+00
1.790000000000000924e+00 0.000000000000000000e+00
1.800000000000000711e+00 0.000000000000000000e+00
1.810000000000000497e+00 0.000000000000000000e+00
1.820000000000000284e+00 0.000000000000000000e+00
1.830000000000000071e+00 0.000000000000000000e+00
1.839999999999999858e+00 0.000000000000000000e+00
1.849999999999999645e+00 0.000000000000000000e+00
1.859999999999999432e+00 0.000000000000000000e+00
1.870000000000000995e+00 0.000000000000000000e+00
1.880000000000000782e+00 0.000000000000000000e+00
1.890000000000000568e+00 0.000000000000000000e+00
1.900000000000000355e+00 0.000000000000000000e+00
1.910000000000000142e+00 0.000000000000000000e+00
1.919999999999999929e+00 0.000000000000000000e+00
1.929999999999999716e+00 0.000000000000000000e+00
1.939999999999999503e+00 0.000000000000000000e+00
1.950000000000001066e+00 0.000000000000000000e+00
1.960000000000000853e+00 0.000000000000000000e+00
1.970000000000000639e+00 0.000000000000000000e+00
1.980000000000000426e+00 0.000000000000000000e+00
1.990000000000000213e+00 0.000000000000000000e+00
2.000000000000000000e+00 0.000000000000000000e+00
2.009999999999999787e+00 0.000000000000000000e+00
2.019999999999999574e+00 0.000000000000000000e+00
2.030000000000001137e+00 0.000000000000000000e+00
2.040000000000000924e+00 0.000000000000000000e+00
2.050000000000000711e+00 0.000000000000000000e+00
2.060000000000000497e+00 0.000000000000000000e+00
2.070000000000000284e+00 0.000000000000000000e+00
2.080000000000000071e+00 0.000000000000000000e+00
2.089999999999999858e+00 0.000000000000000000e+00
2.099999999999999645e+00 0.000000000000000000e+00
2.109999999999999432e+00 0.000000000000000000e+00
2.120000000000000995e+00 0.000000000000000000e+00
2.130000000000000782e+00 0.000000000000000000e+00
2.140000000000000568e+00 0.000000000000000000e+00
2.150000000000000355e+00 0.000000000000000000e+00
2.160000000000000142e+00 0.000000000000000000e+00
2.169999999999999929e+00 0.000000000000000000e+00
2.179999999999999716e+00 0.000000000000000000e+00
2.189999999999999503e+00 0.000000000000000000e+00
2.200000000000001066e+00 0.000000000000000000e+00
2.210000000000000853e+00 0.000000000000000000e+00
2.220000000000000639e+00 0.000000000000000000e+00
2.230000000000000426e+00 0.000000000000000000e+00
2.240000000000000213e+00 0.000000000000000000e+00
2.250000000000000000e+00 0.000000000000000000e+00
2.259999999999999787e+00 0.000000000000000000e+00
2.269999999999999574e+00 0.000000000000000000e+00
2.280000000000001137e+00 0.000000000000000000e+00
2.290000000000000924e+00 0.000000000000000000e+00
2.300000000000000711e+00 0.000000000000000000e+00
2.310000000000000497e+00 0.000000000000000000e+00
2.320000000000000284e+00 0.000000000000000000e+00
2.330000000000000071e+00 0.000000000000000000e+00
2.339999999999999858e+00 0.000000000000000000e+00
2.349999999999999645e+00 0.000000000000000000e+00
2.359999999999999432e+00 0.000000000000000000e+00
2.370000000000000995e+00 0.000000000000000000e+00
2.380000000000000782e+00 0.000000000000000000e+00
2.390000000000000568e+00 0.000000000000000000e+00
2.400000000000000355e+00 0.000000000000000000e+00
2.410000000000000142e+00 0.000000000000000000e+00
2.419999999999999929e+00 0.000000000000000000e+00
2.429999999999999716e+00 0.000000000000000000e+00
2.439999999999999503e+00 2.775557561562891351e-17
2.450000000000001066e+00 0.000000000000000000e+00
2.460000000000000853e+00 0.000000000000000000e+00
2.470000000000000639e+00 2.775557561562891351e-17
2.480000000000000426e+00 0.000000000000000000e+00
2.490000000000000213e+00 2.775557561562891351e-17
2.500000000000000000e+00 5.551115123125782702e-17
2.509999999999999787e+00 1.387778780781445676e-16
2.519999999999999574e+00 1.665334536937734811e-16
2.530000000000001137e+00 2.775557561562891351e-16
2.540000000000000924e+00 4.996003610813204432e-16
2.550000000000000711e+00 7.216449660063517513e-16
2.560000000000000497e+00 1.165734175856414367e-15
2.570000000000000284e+00 1.915134717478395032e-15
2.580000000000000071e+00 3.053113317719180486e-15
2.589999999999999858e+00 4.829470157119430951e-15
2.599999999999999645e+00 7.688294445529209042e-15
2.609999999999999432e+00 1.210143096841420629e-14
2.620000000000000995e+00 1.898481372109017684e-14
2.630000000000000782e+00 2.958744360626042180e-14
2.640000000000000568e+00 4.596323321948148077e-14
2.650000000000000355e+00 7.105427357601001859e-14
2.660000000000000142e+00 1.092459456231154036e-13
2.669999999999999929e+00 1.671440763573173172e-13
2.679999999999999716e+00 2.546018951221640236e-13
2.689999999999999503e+00 3.858302566328575267e-13
2.700000000000001066e+00 5.820344206597383163e-13
2.710000000000000853e+00 8.737177648043825684e-13
2.720000000000000639e+00 1.305400232354259060e-12
2.730000000000000426e+00 1.940891891649698664e-12
2.740000000000000213e+00 2.872008186827201826e-12
2.750000000000000000e+00 4.229644412490074501e-12
2.759999999999999787e+00 6.199291080477564719e-12
2.769999999999999574e+00 9.042988580176825053e-12
2.780000000000001137e+00 1.312855379964616986e-11
2.790000000000000924e+00 1.896954815450158094e-11
2.800000000000000711e+00 2.727962300497210890e-11
2.810000000000000497e+00 3.904504497498351157e-11
2.820000000000000284e+00 5.562122984414941129e-11
2.830000000000000071e+00 7.886219455244258825e-11
2.839999999999999858e+00 1.112895886556941605e-10
2.849999999999999645e+00 1.563156826200895466e-10
2.859999999999999432e+00 2.185333580762005568e-10
2.870000000000000995e+00 3.040922513797283955e-10
2.880000000000000782e+00 4.211828941169670770e-10
2.890000000000000568e+00 5.806566893973297283e-10
2.900000000000000355e+00 7.968148918457984564e-10
2.910000000000000142e+00 1.088405865434793895e-09
2.919999999999999929e+00 1.479878886101460012e-09
2.929999999999999716e+00 2.002949750501414883e-09
2.939999999999999503e+00 2.698544054879903342e-09
2.950000000000001066e+00 3.619194027804084612e-09
2.960000000000000853e+00 4.831975264352195154e-09
2.970000000000000639e+00 6.422083587143134764e-09
2.980000000000000426e+00 8.497161085863069729e-09
2.990000000000000213e+00 1.119249587455684036e-08
3.000000000000000000e+00 1.467723029224821119e-08
3.009999999999999787e+00 1.916172259752713103e-08
3.019999999999999574e+00 2.490621808792781167e-08
3.030000000000001137e+00 3.223099240279303501e-08
3.040000000000000924e+00 4.152813182223269450e-08
3.050000000000000711e+00 5.327511870545365014e-08
3.060000000000000497e+00 6.805038330059964835e-08
3.070000000000000284e+00 8.655097144538714815e-08
3.080000000000000071e+00 1.096124630228789698e-07
3.089999999999999858e+00 1.382312452558043248e-07
3.099999999999999645e+00 1.735892148913009692e-07
3.109999999999999432e+00 2.170809328960743301e-07
3.120000000000000995e+00 2.703432040174202911e-07
3.130000000000000782e+00 3.352869820949511137e-07
3.140000000000000568e+00 4.141314258188089070e-07
3.150000000000000355e+00 5.094398375649067390e-07
3.160000000000000142e+00 6.241571161580417026e-07
3.169999999999999929e+00 7.616482423089543374e-07
3.179999999999999716e+00 9.257371942350545169e-07
3.189999999999999503e+00 1.120745561966618453e-06
3.200000000000001066e+00 1.351529996335143480e-06
3.210000000000000853e+00 1.623517495052961834e-06
3.220000000000000639e+00 1.942737394233784443e-06
3.230000000000000426e+00 2.315848813438936560e-06
3.240000000000000213e+00 2.750162186343496629e-06
3.250000000000000000e+00 3.253653420687285802e-06
3.259999999999999787e+00 3.834969161564671936e-06
3.269999999999999574e+00 4.503421600271506620e-06
3.280000000000001137e+00 5.268971276256584346e-06
3.290000000000000924e+00 6.142196377401099028e-06
3.300000000000000711e+00 7.134247153678385800e-06
3.310000000000000497e+00 8.256784235494141200e-06
3.320000000000000284e+00 9.521899891895557744e-06
3.330000000000000071e+00 1.094202158155588300e-05
3.339999999999999858e+00 1.252979754376437604e-05
3.349999999999999645e+00 1.429796464666455158e-05
3.359999999999999432e+00 1.625919925168917146e-05
3.370000000000000995e+00 1.842595245993283726e-05
3.380000000000000782e+00 2.081027176700778192e-05
3.390000000000000568e+00 2.342361184948238417e-05
3.400000000000000355e+00 2.627663791932022264e-05
3.410000000000000142e+00 2.937902578958873079e-05
3.419999999999999929e+00 3.273926345848110486e-05
3.429999999999999716e+00 3.636445961743839383e-05
3.439999999999999503e+00 4.026016497959972185e-05
3.450000000000001066e+00 4.443021267253044471e-05
3.460000000000000853e+00 4.887658411401041292e-05
3.470000000000000639e+00 5.359930675136181932e-05
3.480000000000000426e+00 5.859638976965508839e-05
3.490000000000000213e+00 6.386380333830987688e-05
3.500000000000000000e+00 6.939550615339684647e-05
3.509999999999999787e+00 7.518352494439994871e-05
3.519999999999999574e+00 8.121808824898546497e-05
3.530000000000001137e+00 8.748781514825165750e-05
3.540000000000000924e+00 9.397995781962320549e-05
3.550000000000000711e+00 1.006806947602689739e-04
3.560000000000000497e+00 1.075754694194741568e-04
3.570000000000000284e+00 1.146493668186254755e-04
3.580000000000000071e+00 1.218875186282386558e-04
3.589999999999999858e+00 1.292755251877941713e-04
3.599999999999999645e+00 1.367998812051018920e-04
3.609999999999999432e+00 1.444483904457782852e-04
3.620000000000000995e+00 1.522105537181128732e-04
3.630000000000000782e+00 1.600779139642183324e-04
3.640000000000000568e+00 1.680443423573707573e-04
3.650000000000000355e+00 1.761062500407195586e-04
3.660000000000000142e+00 1.842627115637984758e-04
3.669999999999999929e+00 1.925154881960711162e-04
3.679999999999999716e+00 2.008689420993359231e-04
3.689999999999999503e+00 2.093298357897510620e-04
3.700000000000001066e+00 2.179070153190687531e-04
3.710000000000000853e+00 2.266109800505566874e-04
3.720000000000000639e+00 2.354533466429609145e-04
3.730000000000000426e+00 2.444462197099261935e-04
3.740000000000000213e+00 2.536014863858682133e-04
3.750000000000000000e+00 2.629300564880449054e-04
3.759999999999999787e+00 2.724410738827592882e-04
3.769999999999999574e+00 2.821411278191993111e-04
3.780000000000001137e+00 2.920334951776182297e-04
3.790000000000000924e+00 3.021174456045994106e-04
3.800000000000000711e+00 3.123876412393922219e-04
3.810000000000000497e+00 3.228336610819337871e-04
3.820000000000000284e+00 3.334396769920089376e-04
3.830000000000000071e+00 3.441843038869407678e-04
3.839999999999999858e+00 3.550406410407769275e-04
3.849999999999999645e+00 3.659765146761945198e-04
3.859999999999999432e+00 3.769549245410119820e-04
3.870000000000000995e+00 3.879346891953461274e-04
3.880000000000000782e+00 3.988712766612168004e-04
3.890000000000000568e+00 4.097177992941625213e-04
3.900000000000000355e+00 4.204261446126289492e-04
3.910000000000000142e+00 4.309482077322623894e-04
3.919999999999999929e+00 4.412371863320441179e-04
3.929999999999999716e+00 4.512488959769744845e-04
3.939999999999999503e+00 4.609430623272459115e-04
3.950000000000001066e+00 4.702845473462391457e-04
3.960000000000000853e+00 4.792444690658037576e-04
3.970000000000000639e+00 4.878011786365321623e-04
3.980000000000000426e+00 4.959410640633654666e-04
3.990000000000000213e+00 5.036591568798876040e-04
4.000000000000000000e+00 5.109595256656551676e-04
4.009999999999999787e+00 5.178554483353525750e-04
4.019999999999999574e+00 5.243693630798684779e-04
4.030000000000001137e+00 5.305326052925107838e-04
4.040000000000000924e+00 5.363849443825730035e-04
4.050000000000000711e+00 5.419739397473366527e-04
4.060000000000000497e+00 5.473541391187441985e-04
4.070000000000000284e+00 5.525861449022784200e-04
4.080000000000000071e+00 5.577355749823431630e-04
4.089999999999999858e+00 5.628719438831863986e-04
4.099999999999999645e+00 5.680674883665193242e-04
4.109999999999999432e+00 5.733959588089532211e-04
4.120000000000000995e+00 5.789313943976304166e-04
4.130000000000000782e+00 5.847468967092317449e-04
4.140000000000000568e+00 5.909134129831739024e-04
4.150000000000000355e+00 5.974985377344421700e-04
4.160000000000000142e+00 6.045653395758687765e-04
4.169999999999999929e+00 6.121712194385869887e-04
4.179999999999999716e+00 6.203668069034579124e-04
4.189999999999999503e+00 6.291949030570453960e-04
4.200000000000001066e+00 6.386894810239546194e-04
4.210000000000000853e+00 6.488747588391657883e-04
4.220000000000000639e+00 6.597643632475780340e-04
4.230000000000000426e+00 6.713606069175537261e-04
4.240000000000000213e+00 6.836539049539791524e-04
4.250000000000000000e+00 6.966223590095937945e-04
4.259999999999999787e+00 7.102315382808699340e-04
4.269999999999999574e+00 7.244344858572115964e-04
4.280000000000001137e+00 7.391719760186932220e-04
4.290000000000000924e+00 7.543730430148026800e-04
4.300000000000000711e+00 7.699557946518609253e-04
4.310000000000000497e+00 7.858285148610588688e-04
4.320000000000000284e+00 8.018910486895930445e-04
4.330000000000000071e+00 8.180364513611509958e-04
4.339999999999999858e+00 8.341528708285111948e-04
4.349999999999999645e+00 8.501256213088448366e-04
4.359999999999999432e+00 8.658393944091652417e-04
4.370000000000000995e+00 8.811805453610987993e-04
4.380000000000000782e+00 8.960393852741888043e-04
4.390000000000000568e+00 9.103124067511708661e-04
4.400000000000000355e+00 9.239043701017440879e-04
4.410000000000000142e+00 9.367301809535960588e-04
4.419999999999999929e+00 9.487164972935557827e-04
4.429999999999999716e+00 9.598030146421715481e-04
4.439999999999999503e+00 9.699433917170624531e-04
4.450000000000001066e+00 9.791057949087994539e-04
4.460000000000000853e+00 9.872730573450283487e-04
4.470000000000000639e+00 9.944424662871043097e-04
4.480000000000000426e+00 1.000625210058503356e-03
4.490000000000000213e+00 1.005845531603599685e-03
4.500000000000000000e+00 1.010139649130159523e-03
4.509999999999999787e+00 1.013554514243814042e-03
4.519999999999999574e+00 1.016146483844848625e-03
4.530000000000001137e+00 1.017979983381017695e-03
4.540000000000000924e+00 1.019126235640821498e-03
4.550000000000000711e+00 1.019662121230224816e-03
4.560000000000000497e+00 1.019669224585961764e-03
4.570000000000000284e+00 1.019233103506989035e-03
4.580000000000000071e+00 1.018442801627467142e-03
4.589999999999999858e+00 1.017390603112483527e-03
4.599999999999999645e+00 1.016172008352744793e-03
4.609999999999999432e+00 1.014885889848798906e-03
4.620000000000000995e+00 1.013634770071630831e-03
4.630000000000000782e+00 1.012525149026277660e-03
4.640000000000000568e+00 1.011667799512172561e-03
4.650000000000000355e+00 1.011177943423813286e-03
4.660000000000000142e+00 1.011175223314980665e-03
4.669999999999999929e+00 1.011783390004850069e-03
4.679999999999999716e+00 1.013129639019949568e-03
4.689999999999999503e+00 1.015343545614028065e-03
4.700000000000001066e+00 1.018555569145651596e-03
4.710000000000000853e+00 1.022895121628231152e-03
4.720000000000000639e+00 1.028488221013257320e-03
4.730000000000000426e+00 1.035454775816679884e-03
4.740000000000000213e+00 1.043905572613912369e-03
4.750000000000000000e+00 1.053939060322806043e-03
4.759999999999999787e+00 1.065638043795780199e-03
4.769999999999999574e+00 1.079066413006340985e-03
4.780000000000001137e+00 1.094266042223429602e-03
4.790000000000000924e+00 1.111253995532690553e-03
4.800000000000000711e+00 1.130020170695633652e-03
4.810000000000000497e+00 1.150525502788990462e-03
4.820000000000000284e+00 1.172700832786088831e-03
4.830000000000000071e+00 1.196446524964325797e-03
4.839999999999999858e+00 1.221632891696133871e-03
4.849999999999999645e+00 1.248101455944353178e-03
4.859999999999999432e+00 1.275667051856749223e-03
4.870000000000000995e+00 1.304120733522512454e-03
4.880000000000000782e+00 1.333233432462999080e-03
4.890000000000000568e+00 1.362760276954269600e-03
4.900000000000000355e+00 1.392445461866342882e-03
4.910000000000000142e+00 1.422027537232417593e-03
4.919999999999999929e+00 1.451244967924508744e-03
4.929999999999999716e+00 1.479841806090398393e-03
4.939999999999999503e+00 1.507573312680560162e-03
4.950000000000001066e+00 1.534211364531301580e-03
4.960000000000000853e+00 1.559549488955092045e-03
4.970000000000000639e+00 1.583407378331569415e-03
4.980000000000000426e+00 1.605634752348011896e-03
4.990000000000000213e+00 1.626114454745294924e-03
5.000000000000000000e+00 1.644764694008385431e-03
5.009999999999999787e+00 1.661540362659391645e-03
5.019999999999999574e+00 1.676433396858537095e-03
5.030000000000001137e+00 1.689472166062716552e-03
5.040000000000000924e+00 1.700719910683129443e-03
5.050000000000000711e+00 1.710272273189872294e-03
5.060000000000000497e+00 1.718253994118804084e-03
5.070000000000000284e+00 1.724814868193202955e-03
5.080000000000000071e+00 1.730125076592717304e-03
5.089999999999999858e+00 1.734370028690632171e-03
5.099999999999999645e+00 1.737744859859780000e-03
5.109999999999999432e+00 1.740448740866179511e-03
5.120000000000000995e+00 1.742679158718563048e-03
5.130000000000000782e+00 1.744626328571113882e-03
5.140000000000000568e+00 1.746467891489536517e-03
5.150000000000000355e+00 1.748364043842820514e-03
5.160000000000000142e+00 1.750453231179421865e-03
5.169999999999999929e+00 1.752848523206354536e-03
5.179999999999999716e+00 1.755634767536887186e-03
5.189999999999999503e+00 1.758866598889255450e-03
5.200000000000001066e+00 1.762567358116834404e-03
5.210000000000000853e+00 1.766728952528592855e-03
5.220000000000000639e+00 1.771312666062646590e-03
5.230000000000000426e+00 1.776250905577786421e-03
5.240000000000000213e+00 1.781449848273164438e-03
5.250000000000000000e+00 1.786792935374620361e-03
5.259999999999999787e+00 1.792145138926254377e-03
5.269999999999999574e+00 1.797357911880070880e-03
5.280000000000001137e+00 1.802274716651910969e-03
5.290000000000000924e+00 1.806737013813314308e-03
5.300000000000000711e+00 1.810590580485493817e-03
5.310000000000000497e+00 1.813692017181456340e-03
5.320000000000000284e+00 1.815915292248865276e-03
5.330000000000000071e+00 1.817158164756582650e-03
5.339999999999999858e+00 1.817348319825856651e-03
5.349999999999999645e+00 1.816449045379170402e-03
5.359999999999999432e+00 1.814464276576707724e-03
5.370000000000000995e+00 1.811442834477511310e-03
5.380000000000000782e+00 1.807481689462556163e-03
5.390000000000000568e+00 1.802728088505817228e-03
5.400000000000000355e+00 1.797380399268577733e-03
5.410000000000000142e+00 1.791687543920811310e-03
5.419999999999999929e+00 1.785946922069681086e-03
5.429999999999999716e+00 1.780500755430153292e-03
5.439999999999999503e+00 1.775730826788085581e-03
5.450000000000001066e+00 1.772051631845850128e-03
5.460000000000000853e+00 1.769902013724122813e-03
5.470000000000000639e+00 1.769735404768740805e-03
5.480000000000000426e+00 1.772008857001405868e-03
5.490000000000000213e+00 1.777171098796215265e-03
5.500000000000000000e+00 1.785649908608161196e-03
5.509999999999999787e+00 1.797839144116880616e-03
5.519999999999999574e+00 1.814085804235199273e-03
5.530000000000001137e+00 1.834677529470557511e-03
5.540000000000000924e+00 1.859830960820235690e-03
5.550000000000000711e+00 1.889681376892382580e-03
5.560000000000000497e+00 1.924274012047477722e-03
5.570000000000000284e+00 1.963557424548401098e-03
5.580000000000000071e+00 2.007379233293429821e-03
5.589999999999999858e+00 2.055484475837546232e-03
5.599999999999999645e+00 2.107516761070488132e-03
5.610000000000001208e+00 2.163022299871864007e-03
5.620000000000000995e+00 2.221456799741339250e-03
5.630000000000000782e+00 2.282195108744278222e-03
5.640000000000000568e+00 2.344543394397560765e-03
5.650000000000000355e+00 2.407753548729074655e-03
5.660000000000000142e+00 2.471039425946258694e-03
5.669999999999999929e+00 2.533594447869144672e-03
5.679999999999999716e+00 2.594610057884402798e-03
5.689999999999999503e+00 2.653294469269984468e-03
5.700000000000001066e+00 2.708891140047131607e-03
5.710000000000000853e+00 2.760696414745189564e-03
5.720000000000000639e+00 2.808075803291371075e-03
5.730000000000000426e+00 2.850478417290747135e-03
5.740000000000000213e+00 2.887449151919491142e-03
5.750000000000000000e+00 2.918638284343411105e-03
5.759999999999999787e+00 2.943808253165175470e-03
5.769999999999999574e+00 2.962837483602570599e-03
5.780000000000001137e+00 2.975721225384697632e-03
5.790000000000000924e+00 2.982569470228513264e-03
5.800000000000000711e+00 2.983602108961258548e-03
5.810000000000000497e+00 2.979141571124915844e-03
5.820000000000000284e+00 2.969603259105085824e-03
5.830000000000000071e+00 2.955484142169284567e-03
5.839999999999999858e+00 2.937349911863396112e-03
5.849999999999999645e+00 2.915821118532835321e-03
5.860000000000001208e+00 2.891558709767816371e-03
5.870000000000000995e+00 2.865249376627798661e-03
5.880000000000000782e+00 2.837591084638713124e-03
5.890000000000000568e+00 2.809279126403552151e-03
5.900000000000000355e+00 2.780992984261543288e-03
5.910000000000000142e+00 2.753384237981548743e-03
5.919999999999999929e+00 2.727065697202019079e-03
5.929999999999999716e+00 2.702601884224054007e-03
5.939999999999999503e+00 2.680500942441627066e-03
5.950000000000001066e+00 2.661208001250636723e-03
5.960000000000000853e+00 2.645099991183896826e-03
5.970000000000000639e+00 2.632481874064951377e-03
5.980000000000000426e+00 2.623584232286091389e-03
5.990000000000000213e+00 2.618562148369057985e-03
6.000000000000000000e+00 2.617495299712835344e-03
6.010000000000001563e+00 2.620389192384220411e-03
6.019999999999999574e+00 2.627177460221896688e-03
6.030000000000001137e+00 2.637725159561621346e-03
6.039999999999999147e+00 2.651832993754016377e-03
6.050000000000000711e+00 2.669242403800675678e-03
6.059999999999998721e+00 2.689641460660668892e-03
6.070000000000000284e+00 2.712671490352813741e-03
6.080000000000001847e+00 2.737934354662407976e-03
6.089999999999999858e+00 2.765000298371095289e-03
6.100000000000001421e+00 2.793416259259565160e-03
6.109999999999999432e+00 2.822714520907196323e-03
6.120000000000000995e+00 2.852421572058616572e-03
6.129999999999999005e+00 2.882067021719045274e-03
6.140000000000000568e+00 2.911192407871660004e-03
6.149999999999998579e+00 2.939359731301313672e-03
6.160000000000000142e+00 2.966159545671004372e-03
6.170000000000001705e+00 2.991218441520088200e-03
6.179999999999999716e+00 3.014205775484057881e-03
6.190000000000001279e+00 3.034839516470752563e-03
6.199999999999999289e+00 3.052891106891914008e-03
6.210000000000000853e+00 3.068189267958862376e-03
6.219999999999998863e+00 3.080622711715635953e-03
6.230000000000000426e+00 3.090141756830783182e-03
6.240000000000001990e+00 3.096758878027100481e-03
6.250000000000000000e+00 3.100548248279655361e-03
6.260000000000001563e+00 3.101644356684918336e-03
6.269999999999999574e+00 3.100239801721985100e-03
6.280000000000001137e+00 3.096582368540240493e-03
6.289999999999999147e+00 3.090971499576503079e-03
6.300000000000000711e+00 3.083754260543122849e-03
6.309999999999998721e+00 3.075320889587146445e-03
6.320000000000000284e+00 3.066099997713067626e-03
6.330000000000001847e+00 3.056553465379654999e-03
6.339999999999999858e+00 3.047171055805431017e-03
6.350000000000001421e+00 3.038464742378732542e-03
6.359999999999999432e+00 3.030962728043817833e-03
6.370000000000000995e+00 3.025203120759961672e-03
6.379999999999999005e+00 3.021727222843398342e-03
6.390000000000000568e+00 3.021072394402107841e-03
6.399999999999998579e+00 3.023764462712436041e-03
6.410000000000000142e+00 3.030309670138647826e-03
6.420000000000001705e+00 3.041186182230787294e-03
6.429999999999999716e+00 3.056835213491662651e-03
6.440000000000001279e+00 3.077651868950731506e-03
6.449999999999999289e+00 3.103975842679684849e-03
6.460000000000000853e+00 3.136082157009750793e-03
6.469999999999998863e+00 3.174172165649344346e-03
6.480000000000000426e+00 3.218365077409801600e-03
6.490000000000001990e+00 3.268690282316577544e-03
6.500000000000000000e+00 3.325080776413635864e-03
6.510000000000001563e+00 3.387367983926747872e-03
6.519999999999999574e+00 3.455278264653166564e-03
6.530000000000001137e+00 3.528431370105389320e-03
6.539999999999999147e+00 3.606341074362473531e-03
6.550000000000000711e+00 3.688418155723655056e-03
6.559999999999998721e+00 3.773975844632931897e-03
6.570000000000000284e+00 3.862237784017980013e-03
6.580000000000001847e+00 3.952348472610917041e-03
6.589999999999999858e+00 4.043386082763750222e-03
6.600000000000001421e+00 4.134377464692307047e-03
6.609999999999999432e+00 4.224315071972017943e-03
6.620000000000000995e+00 4.312175471432089235e-03
6.629999999999999005e+00 4.396939037103919645e-03
6.640000000000000568e+00 4.477610375086094052e-03
6.649999999999998579e+00 4.553238986202162719e-03
6.660000000000000142e+00 4.622939647842189137e-03
6.670000000000001705e+00 4.685911986557461661e-03
6.679999999999999716e+00 4.741458719464353155e-03
6.690000000000001279e+00 4.789002065359038163e-03
6.699999999999999289e+00 4.828097865137936928e-03
6.710000000000000853e+00 4.858447004604832253e-03
6.719999999999998863e+00 4.879903799417606436e-03
6.730000000000000426e+00 4.892481079760258034e-03
6.740000000000001990e+00 4.896351798864162497e-03
6.750000000000000000e+00 4.891847082031886007e-03
6.760000000000001563e+00 4.879450728405565485e-03
6.769999999999999574e+00 4.859790273367192714e-03
6.780000000000001137e+00 4.833624812193570985e-03
6.789999999999999147e+00 4.801829872577351166e-03
6.800000000000000711e+00 4.765379702296013154e-03
6.809999999999998721e+00 4.725327406399026930e-03
6.820000000000000284e+00 4.682783423943126522e-03
6.830000000000001847e+00 4.638892876138001053e-03
6.839999999999999858e+00 4.594812344822535310e-03
6.850000000000001421e+00 4.551686652020076052e-03
6.859999999999999432e+00 4.510626207916146324e-03
6.870000000000000995e+00 4.472685476353183143e-03
6.879999999999999005e+00 4.438843074652060183e-03
6.890000000000000568e+00 4.409983979337506188e-03
6.899999999999998579e+00 4.386884252549211327e-03
6.910000000000000142e+00 4.370198637176331280e-03
6.920000000000001705e+00 4.360451293856315580e-03
6.929999999999999716e+00 4.358029871889074203e-03
6.940000000000001279e+00 4.363183020957117630e-03
6.949999999999999289e+00 4.376021363525828267e-03
6.960000000000000853e+00 4.396521861293634093e-03
6.969999999999998863e+00 4.424535425498615782e-03
6.980000000000000426e+00 4.459797542768595413e-03
6.990000000000001990e+00 4.501941618034938086e-03
7.000000000000000000e+00 4.550514676271794068e-03
7.010000000000001563e+00 4.604995017743196417e-03
7.019999999999999574e+00 4.664811389093859173e-03
7.030000000000001137e+00 4.729363216589066443e-03
7.039999999999999147e+00 4.798041449204926145e-03
7.050000000000000711e+00 4.870249578470209340e-03
7.059999999999998721e+00 4.945424438571655035e-03
7.070000000000000284e+00 5.023056442966272739e-03
7.080000000000001847e+00 5.102708980347814283e-03
7.089999999999999858e+00 5.184036770120414861e-03
7.100000000000001421e+00 5.266803061488661841e-03
7.109999999999999432e+00 5.350895646079822932e-03
7.120000000000000995e+00 5.436341736344191267e-03
7.129999999999999005e+00 5.523321835214450859e-03
7.140000000000000568e+00 5.612182781051522351e-03
7.150000000000002132e+00 5.703450190544301357e-03
7.160000000000000142e+00 5.797840536454407223e-03
7.170000000000001705e+00 5.896273083465658482e-03
7.179999999999999716e+00 5.999881861842526476e-03
7.190000000000001279e+00 6.110027784661881123e-03
7.199999999999999289e+00 6.228310911424950191e-03
7.210000000000000853e+00 6.356582732093010724e-03
7.219999999999998863e+00 6.496958196122115670e-03
7.230000000000000426e+00 6.651827047712721708e-03
7.240000000000001990e+00 6.823863859564530121e-03
7.250000000000000000e+00 7.016035992412988920e-03
7.260000000000001563e+00 7.231608556777777141e-03
7.269999999999999574e+00 7.474145327186612620e-03
7.280000000000001137e+00 7.747504467965987685e-03
7.289999999999999147e+00 8.055827883037186554e-03
7.300000000000000711e+00 8.403523008318286580e-03
7.309999999999998721e+00 8.795235930816464043e-03
7.320000000000000284e+00 9.235814847691078966e-03
7.330000000000001847e+00 9.730263073315481570e-03
7.339999999999999858e+00 1.028368106179519681e-02
7.350000000000001421e+00 1.090119723270396856e-02
7.359999999999999432e+00 1.158788776225774808e-02
7.370000000000000995e+00 1.234868592118093522e-02
7.379999999999999005e+00 1.318828199181831806e-02
7.390000000000000568e+00 1.411101526599108091e-02
7.400000000000002132e+00 1.512076009494142670e-02
7.410000000000000142e+00 1.622080841530504358e-02
7.420000000000001705e+00 1.741375159114642857e-02
7.429999999999999716e+00 1.870136477218086596e-02
7.440000000000001279e+00 2.008449725321652390e-02
7.449999999999999289e+00 2.156297251140666671e-02
7.460000000000000853e+00 2.313550167994685158e-02
7.469999999999998863e+00 2.479961417562283332e-02
7.480000000000000426e+00 2.655160902297715869e-02
7.490000000000001990e+00 2.838653010350605799e-02
7.500000000000000000e+00 3.029816810291815349e-02
7.510000000000001563e+00 3.227909133676906683e-02
7.519999999999999574e+00 3.432070691426609976e-02
7.530000000000001137e+00 3.641335286700747575e-02
7.539999999999999147e+00 3.854642094490663695e-02
7.550000000000000711e+00 4.070850879237787601e-02
7.559999999999998721e+00 4.288759919552694033e-02
7.570000000000000284e+00 4.507126307169369295e-02
7.580000000000001847e+00 4.724688189503344071e-02
7.589999999999999858e+00 4.940188435685277657e-02
7.600000000000001421e+00 5.152399128788379135e-02
7.609999999999999432e+00 5.360146226100478972e-02
7.620000000000000995e+00 5.562333688292327855e-02
7.629999999999999005e+00 5.757966360236672215e-02
7.640000000000000568e+00 5.946170893371643257e-02
7.650000000000002132e+00 6.126214033283905458e-02
7.660000000000000142e+00 6.297517657017066839e-02
7.670000000000001705e+00 6.459670031721921613e-02
7.679999999999999716e+00 6.612432877711282853e-02
7.690000000000001279e+00 6.755743951602542763e-02
7.699999999999999289e+00 6.889715014705687091e-02
7.710000000000000853e+00 7.014625212804909138e-02
7.719999999999998863e+00 7.130910059766550069e-02
7.730000000000000426e+00 7.239146382166790350e-02
7.740000000000001990e+00 7.340033738186742263e-02
7.750000000000000000e+00 7.434372964202951017e-02
7.760000000000001563e+00 7.523042619953664023e-02
7.769999999999999574e+00 7.606974191746757041e-02
7.780000000000001137e+00 7.687126967787356879e-02
7.789999999999999147e+00 7.764463516593302084e-02
7.800000000000000711e+00 7.839926676516364989e-02
7.809999999999998721e+00 7.914418901284268892e-02
7.820000000000000284e+00 7.988784704851673024e-02
7.830000000000001847e+00 8.063796812256202040e-02
7.839999999999999858e+00 8.140146457042961303e-02
7.850000000000001421e+00 8.218438077222305072e-02
7.859999999999999432e+00 8.299188459111286886e-02
7.870000000000000995e+00 8.382830171217653392e-02
7.879999999999999005e+00 8.469718928527515678e-02
7.890000000000000568e+00 8.560144341177597371e-02
7.900000000000002132e+00 8.654343340060248468e-02
7.910000000000000142e+00 8.752515443977681997e-02
7.920000000000001705e+00 8.854838945602966360e-02
7.929999999999999716e+00 8.961487051922592539e-02
7.940000000000001279e+00 9.072643022028847870e-02
7.949999999999999289e+00 9.188513401686901338e-02
7.960000000000000853e+00 9.309338558125294927e-02
7.969999999999998863e+00 9.435399865633900540e-02
7.980000000000000426e+00 9.567023076195443898e-02
7.990000000000001990e+00 9.704577620940406379e-02
8.000000000000000000e+00 9.848471817581397336e-02
8.010000000000001563e+00 9.999144194955407461e-02
8.019999999999999574e+00 1.015705137669110220e-01
8.030000000000001137e+00 1.032265318019685851e-01
8.039999999999999147e+00 1.049639577364094717e-01
8.050000000000000711e+00 1.067869388256792867e-01
8.059999999999998721e+00 1.086991314108579076e-01
8.070000000000000284e+00 1.107035373404376410e-01
8.080000000000001847e+00 1.128023647245409156e-01
8.089999999999999858e+00 1.149969238324761445e-01
8.100000000000001421e+00 1.172875677743107081e-01
8.109999999999999432e+00 1.196736859144169884e-01
8.120000000000000995e+00 1.221537558084349051e-01
8.129999999999999005e+00 1.247254569135272106e-01
8.140000000000000568e+00 1.273858464909520816e-01
8.150000000000002132e+00 1.301315951082414324e-01
8.160000000000000142e+00 1.329592760733102341e-01
8.170000000000001705e+00 1.358657001165664291e-01
8.179999999999999716e+00 1.388482838022918331e-01
8.190000000000001279e+00 1.419054376163843278e-01
8.199999999999999289e+00 1.450369575559058155e-01
8.210000000000000853e+00 1.482444024384337866e-01
8.219999999999998863e+00 1.515314381435542146e-01
8.230000000000000426e+00 1.549041296666411605e-01
8.240000000000001990e+00 1.583711622585040613e-01
8.250000000000000000e+00 1.619439740750475976e-01
8.260000000000001563e+00 1.656367846764414953e-01
8.269999999999999574e+00 1.694665063784485948e-01
8.280000000000001137e+00 1.734525288258252362e-01
8.289999999999999147e+00 1.776163711577831150e-01
8.300000000000000711e+00 1.819812006696227280e-01
8.309999999999998721e+00 1.865712218160484881e-01
8.320000000000000284e+00 1.914109445983307456e-01
8.330000000000001847e+00 1.965243466533539984e-01
8.339999999999999858e+00 2.019339485232024278e-01
8.350000000000001421e+00 2.076598264204620181e-01
8.359999999999999432e+00 2.137185911019155171e-01
8.370000000000000995e+00 2.201223650085435413e-01
8.379999999999999005e+00 2.268777924205690188e-01
8.390000000000000568e+00 2.339851188330801246e-01
8.400000000000002132e+00 2.414373759324426882e-01
8.410000000000000142e+00 2.492197073420656939e-01
8.420000000000001705e+00 2.573088676551338327e-01
8.429999999999999716e+00 2.656729231892874799e-01
8.440000000000001279e+00 2.742711774564346450e-01
8.449999999999999289e+00 2.830543376793049348e-01
8.460000000000000853e+00 2.919649310114439955e-01
8.469999999999998863e+00 3.009379706950359723e-01
8.480000000000000426e+00 3.099018635405978994e-01
8.490000000000001990e+00 3.187795411912373589e-01
8.500000000000000000e+00 3.274897890236925235e-01
8.510000000000001563e+00 3.359487386242615559e-01
8.519999999999999574e+00 3.440714829316351420e-01
8.530000000000001137e+00 3.517737676967259697e-01
8.539999999999999147e+00 3.589737091533006241e-01
8.550000000000000711e+00 3.655934859333481723e-01
8.559999999999998721e+00 3.715609534218858867e-01
8.570000000000000284e+00 3.768111309580705059e-01
8.580000000000001847e+00 3.812875164834367836e-01
8.589999999999999858e+00 3.849431892479176498e-01
8.600000000000001421e+00 3.877416687523647099e-01
8.609999999999999432e+00 3.896575068979494794e-01
8.620000000000000995e+00 3.906765999323275063e-01
8.629999999999999005e+00 3.907962167945302490e-01
8.640000000000000568e+00 3.900247504143465882e-01
8.650000000000002132e+00 3.883812079746771784e-01
8.660000000000000142e+00 3.858944646872191075e-01
8.670000000000001705e+00 3.826023129071285944e-01
8.679999999999999716e+00 3.785503441383068490e-01
8.690000000000001279e+00 3.737907054611424029e-01
8.699999999999999289e+00 3.683807740474278614e-01
8.710000000000000853e+00 3.623817937078150919e-01
8.719999999999998863e+00 3.558575159346700212e-01
8.730000000000000426e+00 3.488728848302202201e-01
8.740000000000001990e+00 3.414928008904328238e-01
8.750000000000000000e+00 3.337809931450352874e-01
8.760000000000001563e+00 3.257990229633556667e-01
8.769999999999999574e+00 3.176054362654473495e-01
8.780000000000001137e+00 3.092550742614914583e-01
8.789999999999999147e+00 3.007985464865458591e-01
8.800000000000000711e+00 2.922818640658337852e-01
8.809999999999998721e+00 2.837462260486441346e-01
8.820000000000000284e+00 2.752279474344369037e-01
8.830000000000001847e+00 2.667585142682434296e-01
8.839999999999999858e+00 2.583647489253746987e-01
8.850000000000001421e+00 2.500690674040818573e-01
8.859999999999999432e+00 2.418898100167092002e-01
8.870000000000000995e+00 2.338416271966475557e-01
8.879999999999999005e+00 2.259359030781444011e-01
8.890000000000000568e+00 2.181812009048197665e-01
8.900000000000002132e+00 2.105837160288489551e-01
8.910000000000000142e+00 2.031477241343427609e-01
8.920000000000001705e+00 1.958760142342966526e-01
8.929999999999999716e+00 1.887702978532311004e-01
8.940000000000001279e+00 1.818315875477738708e-01
8.949999999999999289e+00 1.750605394930427050e-01
8.960000000000000853e+00 1.684577562559080310e-01
8.969999999999998863e+00 1.620240470908872743e-01
8.980000000000000426e+00 1.557606441481243775e-01
8.990000000000001990e+00 1.496693739032923798e-01
9.000000000000000000e+00 1.437527839355975112e-01
9.010000000000001563e+00 1.380142259202280786e-01
9.019999999999999574e+00 1.324578963860170155e-01
9.030000000000001137e+00 1.270888374293266398e-01
9.039999999999999147e+00 1.219129001727641548e-01
9.050000000000000711e+00 1.169366743036436007e-01
9.059999999999998721e+00 1.121673875068001369e-01
9.070000000000000284e+00 1.076127789986882910e-01
9.080000000000001847e+00 1.032809516540895978e-01
9.089999999999999858e+00 9.918020737473148829e-02
9.100000000000001421e+00 9.531887036949412972e-02
9.109999999999999432e+00 9.170510289600264375e-02
9.120000000000000995e+00 8.834671776159970513e-02
9.129999999999999005e+00 8.525099151742152048e-02
9.140000000000000568e+00 8.242448183152349672e-02
9.150000000000002132e+00 7.987285203288843616e-02
9.160000000000000142e+00 7.760070531857396481e-02
9.170000000000001705e+00 7.561143065294897991e-02
9.179999999999999716e+00 7.390706199832722256e-02
9.190000000000001279e+00 7.248815222994903218e-02
9.199999999999999289e+00 7.135366292346248529e-02
9.210000000000000853e+00 7.050087116405256982e-02
9.219999999999998863e+00 6.992529460278551490e-02
9.230000000000000426e+00 6.962063615227229163e-02
9.240000000000001990e+00 6.957874993254710427e-02
9.250000000000000000e+00 6.978963030129234357e-02
9.260000000000001563e+00 7.024142597706256597e-02
9.269999999999999574e+00 7.092048133608765126e-02
9.280000000000001137e+00 7.181140688338324973e-02
9.289999999999999147e+00 7.289718062766634143e-02
9.300000000000000711e+00 7.415928160146205428e-02
9.309999999999998721e+00 7.557785605459177436e-02
9.320000000000000284e+00 7.713191592221234349e-02
9.330000000000001847e+00 7.879956805859526792e-02
9.339999999999999858e+00 8.055827148443615859e-02
9.350000000000001421e+00 8.238511858371574959e-02
9.359999999999999432e+00 8.425713488266901863e-02
9.370000000000000995e+00 8.615159083116744054e-02
9.379999999999999005e+00 8.804631796896872364e-02
9.390000000000000568e+00 8.992002107358122720e-02
9.400000000000002132e+00 9.175257741895583019e-02
9.410000000000000142e+00 9.352531417475551390e-02
9.420000000000001705e+00 9.522125527382466204e-02
9.429999999999999716e+00 9.682532977735683333e-02
9.440000000000001279e+00 9.832453485599401688e-02
9.449999999999999289e+00 9.970804794048550301e-02
9.460000000000000853e+00 1.009672843169084899e-01
9.469999999999998863e+00 1.020958983708147444e-01
9.480000000000000426e+00 1.030897287320143574e-01
9.490000000000001990e+00 1.039466896399146995e-01
9.500000000000000000e+00 1.046666128404296348e-01
9.510000000000001563e+00 1.052510461458939228e-01
9.519999999999999574e+00 1.057030163555548880e-01
9.530000000000001137e+00 1.060267654766695045e-01
9.539999999999999147e+00 1.062274700532446908e-01
9.550000000000000711e+00 1.063109538691904554e-01
9.559999999999998721e+00 1.062834043339593998e-01
9.570000000000000284e+00 1.061511024909685963e-01
9.580000000000001847e+00 1.059201758404881705e-01
9.589999999999999858e+00 1.055963820839373041e-01
9.600000000000001421e+00 1.051849305335864904e-01
9.609999999999999432e+00 1.046903463578876814e-01
9.620000000000000995e+00 1.041163811208856427e-01
9.629999999999999005e+00 1.034659712987391900e-01
9.640000000000000568e+00 1.027412446893328224e-01
9.650000000000002132e+00 1.019435729388472045e-01
9.660000000000000142e+00 1.010736668502085905e-01
9.670000000000001705e+00 1.001317097606371775e-01
9.679999999999999716e+00 9.911752311560964590e-02
9.690000000000001279e+00 9.803075744904705957e-02
9.699999999999999289e+00 9.687110131736786922e-02
9.710000000000000853e+00 9.563850033017390340e-02
9.719999999999998863e+00 9.433337826538543136e-02
9.730000000000000426e+00 9.295685233635259115e-02
9.740000000000001990e+00 9.151093497201584492e-02
9.750000000000000000e+00 8.999871495388468701e-02
9.760000000000001563e+00 8.842451139921364556e-02
9.769999999999999574e+00 8.679399486195621405e-02
9.780000000000001137e+00 8.511427071699653735e-02
9.789999999999999147e+00 8.339392097640649371e-02
9.800000000000000711e+00 8.164300173932352578e-02
9.809999999999998721e+00 7.987299458286978293e-02
9.820000000000000284e+00 7.809671134575627005e-02
9.830000000000001847e+00 7.632815292601079216e-02
9.839999999999999858e+00 7.458232389677320329e-02
9.850000000000001421e+00 7.287500592567609792e-02
9.859999999999999432e+00 7.122249414775569387e-02
9.870000000000000995e+00 6.964130176948252204e-02
9.879999999999999005e+00 6.814783924853365371e-02
9.890000000000000568e+00 6.675807537173204798e-02
9.900000000000002132e+00 6.548718840952778841e-02
9.910000000000000142e+00 6.434921622321575219e-02
9.920000000000001705e+00 6.335671470295239915e-02
9.929999999999999716e+00 6.252043418288083521e-02
9.940000000000001279e+00 6.184902347962289298e-02
9.949999999999999289e+00 6.134877090318588411e-02
9.960000000000000853e+00 6.102339097466456114e-02
9.969999999999998863e+00 6.087386464428749117e-02
9.980000000000000426e+00 6.089833954123168025e-02
9.990000000000001990e+00 6.109209522359058259e-02
1.000000000000000000e+01 6.144757656940845469e-02
