# Energy - EF (eV)   total p-PDOS (px+py+pz, avg over atoms)
-1.000000000000000000e+01 1.447160736852062812e-01
-9.990000000000000213e+00 1.443174703851540785e-01
-9.980000000000000426e+00 1.440217880785322757e-01
-9.970000000000000639e+00 1.438417690223928180e-01
-9.960000000000000853e+00 1.437894786957478188e-01
-9.949999999999999289e+00 1.438760442280216378e-01
-9.939999999999999503e+00 1.441113660266128416e-01
-9.929999999999999716e+00 1.445038129772107660e-01
-9.919999999999999929e+00 1.450599139387253045e-01
-9.910000000000000142e+00 1.457840599808379878e-01
-9.900000000000000355e+00 1.466782327800915664e-01
-9.890000000000000568e+00 1.477417747070484677e-01
-9.880000000000000782e+00 1.489712153591304933e-01
-9.869999999999999218e+00 1.503601676316082270e-01
-9.859999999999999432e+00 1.518993039369023745e-01
-9.849999999999999645e+00 1.535764199946393904e-01
-9.839999999999999858e+00 1.553765898807781265e-01
-9.830000000000000071e+00 1.572824119377184693e-01
-9.820000000000000284e+00 1.592743409263038257e-01
-9.810000000000000497e+00 1.613310976733818292e-01
-9.800000000000000711e+00 1.634301436603904645e-01
-9.789999999999999147e+00 1.655482047181359717e-01
-9.779999999999999361e+00 1.676618254205429204e-01
-9.769999999999999574e+00 1.697479340464448372e-01
-9.759999999999999787e+00 1.717843971969114925e-01
-9.750000000000000000e+00 1.737505433575470826e-01
-9.740000000000000213e+00 1.756276358680546879e-01
-9.730000000000000426e+00 1.773992778404329396e-01
-9.720000000000000639e+00 1.790517344402262623e-01
-9.710000000000000853e+00 1.805741614601775735e-01
-9.699999999999999289e+00 1.819587330900623579e-01
-9.689999999999999503e+00 1.832006660190400593e-01
-9.679999999999999716e+00 1.842981412890742909e-01
-9.669999999999999929e+00 1.852521294461621504e-01
-9.660000000000000142e+00 1.860661283224914198e-01
-9.650000000000000355e+00 1.867458260648829915e-01
-9.640000000000000568e+00 1.872987046737445704e-01
-9.630000000000000782e+00 1.877336012413067523e-01
-9.619999999999999218e+00 1.880602452280519254e-01
-9.609999999999999432e+00 1.882887904827768577e-01
-9.599999999999999645e+00 1.884293603238205717e-01
-9.589999999999999858e+00 1.884916229195391368e-01
-9.580000000000000071e+00 1.884844125254288294e-01
-9.570000000000000284e+00 1.884154099635090285e-01
-9.560000000000000497e+00 1.882908931885445836e-01
-9.550000000000000711e+00 1.881155660008070329e-01
-9.539999999999999147e+00 1.878924700577637996e-01
-9.529999999999999361e+00 1.876229824181785688e-01
-9.519999999999999574e+00 1.873068980168709763e-01
-9.509999999999999787e+00 1.869425937931261106e-01
-9.500000000000000000e+00 1.865272687363897508e-01
-9.490000000000000213e+00 1.860572519053906027e-01
-9.480000000000000426e+00 1.855283685393169790e-01
-9.470000000000000639e+00 1.849363527160177989e-01
-9.460000000000000853e+00 1.842772936166627851e-01
-9.449999999999999289e+00 1.835481013187715282e-01
-9.439999999999999503e+00 1.827469771507847507e-01
-9.429999999999999716e+00 1.818738729979140767e-01
-9.419999999999999929e+00 1.809309235569509233e-01
-9.410000000000000142e+00 1.799228354151043985e-01
-9.400000000000000355e+00 1.788572170056194066e-01
-9.390000000000000568e+00 1.777448340132076199e-01
-9.380000000000000782e+00 1.765997757159337711e-01
-9.369999999999999218e+00 1.754395191112376740e-01
-9.359999999999999432e+00 1.742848795333100942e-01
-9.349999999999999645e+00 1.731598388675707756e-01
-9.339999999999999858e+00 1.720912454275932979e-01
-9.330000000000000071e+00 1.711083830763419633e-01
-9.320000000000000284e+00 1.702424112101241782e-01
-9.310000000000000497e+00 1.695256817054073828e-01
-9.300000000000000711e+00 1.689909437403027681e-01
-9.289999999999999147e+00 1.686704523884009488e-01
-9.279999999999999361e+00 1.685950018500219083e-01
-9.269999999999999574e+00 1.687929089115983161e-01
-9.259999999999999787e+00 1.692889764638451089e-01
-9.250000000000000000e+00 1.701034704111963336e-01
-9.240000000000000213e+00 1.712511458224681982e-01
-9.230000000000000426e+00 1.727403594814727605e-01
-9.220000000000000639e+00 1.745723059098657215e-01
-9.210000000000000853e+00 1.767404123193850596e-01
-9.199999999999999289e+00 1.792299247395270079e-01
-9.189999999999999503e+00 1.820177127686128660e-01
-9.179999999999999716e+00 1.850723141026898166e-01
-9.169999999999999929e+00 1.883542323833832244e-01
-9.160000000000000142e+00 1.918164932290261082e-01
-9.150000000000000355e+00 1.954054539014240532e-01
-9.140000000000000568e+00 1.990618523004130946e-01
-9.130000000000000782e+00 2.027220712976273986e-01
-9.119999999999999218e+00 2.063195852669502117e-01
-9.109999999999999432e+00 2.097865474855453716e-01
-9.099999999999999645e+00 2.130554702817488988e-01
-9.089999999999999858e+00 2.160609447583071163e-01
-9.080000000000000071e+00 2.187413439122817826e-01
-9.070000000000000284e+00 2.210404522057289323e-01
-9.060000000000000497e+00 2.229089662087765933e-01
-9.050000000000000711e+00 2.243058148211197755e-01
-9.039999999999999147e+00 2.251992536472953721e-01
-9.029999999999999361e+00 2.255676961141003245e-01
-9.019999999999999574e+00 2.254002535356231240e-01
-9.009999999999999787e+00 2.246969671313638062e-01
-9.000000000000000000e+00 2.234687265044558724e-01
-8.990000000000000213e+00 2.217368807733091640e-01
-8.980000000000000426e+00 2.195325598958908775e-01
-8.970000000000000639e+00 2.168957342250507070e-01
-8.960000000000000853e+00 2.138740495245254891e-01
-8.949999999999999289e+00 2.105214821658563107e-01
-8.939999999999999503e+00 2.068968647117678250e-01
-8.929999999999999716e+00 2.030623353693317978e-01
-8.919999999999999929e+00 1.990817657752024794e-01
-8.910000000000000142e+00 1.950192202771776628e-01
-8.900000000000000355e+00 1.909374964325081248e-01
-8.890000000000000568e+00 1.868967910842432856e-01
-8.879999999999999005e+00 1.829535294174767235e-01
-8.869999999999999218e+00 1.791593862179794994e-01
-8.859999999999999432e+00 1.755605195800263862e-01
-8.849999999999999645e+00 1.721970279817255367e-01
-8.839999999999999858e+00 1.691026324042227413e-01
-8.830000000000000071e+00 1.663045764288239858e-01
-8.820000000000000284e+00 1.638237293696617192e-01
-8.810000000000000497e+00 1.616748707921711881e-01
-8.800000000000000711e+00 1.598671294568180523e-01
-8.789999999999999147e+00 1.584045459574755788e-01
-8.779999999999999361e+00 1.572867261528870797e-01
-8.769999999999999574e+00 1.565095518923539930e-01
-8.759999999999999787e+00 1.560659164107660035e-01
-8.750000000000000000e+00 1.559464539444836151e-01
-8.740000000000000213e+00 1.561402363769266999e-01
-8.730000000000000426e+00 1.566354138026754828e-01
-8.720000000000000639e+00 1.574197805233470138e-01
-8.710000000000000853e+00 1.584812528767030881e-01
-8.699999999999999289e+00 1.598082501851966208e-01
-8.689999999999999503e+00 1.613899747523779016e-01
-8.679999999999999716e+00 1.632165910361551564e-01
-8.669999999999999929e+00 1.652793077364982932e-01
-8.660000000000000142e+00 1.675703694555176482e-01
-8.650000000000000355e+00 1.700829667791687594e-01
-8.640000000000000568e+00 1.728110751047921556e-01
-8.629999999999999005e+00 1.757492333577599930e-01
-8.619999999999999218e+00 1.788922740033627723e-01
-8.609999999999999432e+00 1.822350155948027073e-01
-8.599999999999999645e+00 1.857719286485808308e-01
-8.589999999999999858e+00 1.894967850512129237e-01
-8.580000000000000071e+00 1.934023006120436095e-01
-8.570000000000000284e+00 1.974797798996592024e-01
-8.560000000000000497e+00 2.017187722153183371e-01
-8.550000000000000711e+00 2.061067475076321376e-01
-8.539999999999999147e+00 2.106288012164882206e-01
-8.529999999999999361e+00 2.152673974049935657e-01
-8.519999999999999574e+00 2.200021600094742014e-01
-8.509999999999999787e+00 2.248097224890585055e-01
-8.500000000000000000e+00 2.296636464445437897e-01
-8.490000000000000213e+00 2.345344197465845382e-01
-8.480000000000000426e+00 2.393895442149922281e-01
-8.470000000000000639e+00 2.441937217917566905e-01
-8.460000000000000853e+00 2.489091463508387725e-01
-8.449999999999999289e+00 2.534959057339576383e-01
-8.439999999999999503e+00 2.579124952949453653e-01
-8.429999999999999716e+00 2.621164402388048154e-01
-8.419999999999999929e+00 2.660650194814641045e-01
-8.410000000000000142e+00 2.697160788187814573e-01
-8.400000000000000355e+00 2.730289161168962808e-01
-8.390000000000000568e+00 2.759652162987288326e-01
-8.379999999999999005e+00 2.784900094047152996e-01
-8.369999999999999218e+00 2.805726212554952581e-01
-8.359999999999999432e+00 2.821875835296351331e-01
-8.349999999999999645e+00 2.833154686428227542e-01
-8.339999999999999858e+00 2.839436148721533604e-01
-8.330000000000000071e+00 2.840667088329713597e-01
-8.320000000000000284e+00 2.836871957237739883e-01
-8.310000000000000497e+00 2.828154926519622081e-01
-8.300000000000000711e+00 2.814699866908892956e-01
-8.289999999999999147e+00 2.796768068588293965e-01
-8.279999999999999361e+00 2.774693676368951145e-01
-8.269999999999999574e+00 2.748876905770259449e-01
-8.259999999999999787e+00 2.719775195726071848e-01
-8.250000000000000000e+00 2.687892540343113090e-01
-8.240000000000000213e+00 2.653767321004195101e-01
-8.230000000000000426e+00 2.617959027138049288e-01
-8.220000000000000639e+00 2.581034305713927335e-01
-8.210000000000000853e+00 2.543552813254871259e-01
-8.199999999999999289e+00 2.506053358092529271e-01
-8.189999999999999503e+00 2.469040813904123666e-01
-8.179999999999999716e+00 2.432974258514449262e-01
-8.169999999999999929e+00 2.398256745768137244e-01
-8.160000000000000142e+00 2.365227055171036930e-01
-8.150000000000000355e+00 2.334153686962133212e-01
-8.140000000000000568e+00 2.305231282933122849e-01
-8.129999999999999005e+00 2.278579559709356384e-01
-8.119999999999999218e+00 2.254244745590563426e-01
-8.109999999999999432e+00 2.232203418644735649e-01
-8.099999999999999645e+00 2.212368556537395725e-01
-8.089999999999999858e+00 2.194597531114623745e-01
-8.080000000000000071e+00 2.178701716008781819e-01
-8.070000000000000284e+00 2.164457325762747519e-01
-8.060000000000000497e+00 2.151617071656277691e-01
-8.050000000000000711e+00 2.139922203245611665e-01
-8.039999999999999147e+00 2.129114505483836184e-01
-8.029999999999999361e+00 2.118947838328574251e-01
-8.019999999999999574e+00 2.109198837471986110e-01
-8.009999999999999787e+00 2.099676439218098600e-01
-8.000000000000000000e+00 2.090229947151699130e-01
-7.990000000000000213e+00 2.080755420393229360e-01
-7.980000000000000426e+00 2.071200230089652039e-01
-7.969999999999999751e+00 2.061565699531671125e-01
-7.959999999999999964e+00 2.051907811217910660e-01
-7.950000000000000178e+00 2.042336028839740747e-01
-7.939999999999999503e+00 2.033010341381707997e-01
-7.929999999999999716e+00 2.024136688541299245e-01
-7.919999999999999929e+00 2.015960970102004257e-01
-7.910000000000000142e+00 2.008761875814251419e-01
-7.900000000000000355e+00 2.002842796252771729e-01
-7.890000000000000568e+00 1.998523088948005455e-01
-7.879999999999999893e+00 1.996128978140519206e-01
-7.870000000000000107e+00 1.995984361430915843e-01
-7.859999999999999432e+00 1.998401783331686388e-01
-7.849999999999999645e+00 2.003673815438650752e-01
-7.839999999999999858e+00 2.012065056958184384e-01
-7.830000000000000071e+00 2.023804939079064114e-01
-7.820000000000000284e+00 2.039081483621837387e-01
-7.810000000000000497e+00 2.058036131957628467e-01
-7.799999999999999822e+00 2.080759725694041606e-01
-7.790000000000000036e+00 2.107289687265660461e-01
-7.779999999999999361e+00 2.137608417341315681e-01
-7.769999999999999574e+00 2.171642897650816750e-01
-7.759999999999999787e+00 2.209265462982644146e-01
-7.750000000000000000e+00 2.250295685005825330e-01
-7.740000000000000213e+00 2.294503293279883116e-01
-7.730000000000000426e+00 2.341612045170850254e-01
-7.719999999999999751e+00 2.391304446036358611e-01
-7.709999999999999964e+00 2.443227213481273807e-01
-7.699999999999999289e+00 2.496997374127247205e-01
-7.689999999999999503e+00 2.552208877559005717e-01
-7.679999999999999716e+00 2.608439609306081319e-01
-7.669999999999999929e+00 2.665258682369383569e-01
-7.660000000000000142e+00 2.722233884519642544e-01
-7.650000000000000355e+00 2.778939156162911761e-01
-7.640000000000000568e+00 2.834961970971872636e-01
-7.629999999999999893e+00 2.889910488916802023e-01
-7.620000000000000107e+00 2.943420349196739783e-01
-7.609999999999999432e+00 2.995160969449152111e-01
-7.599999999999999645e+00 3.044841218218540813e-01
-7.589999999999999858e+00 3.092214330781871690e-01
-7.580000000000000071e+00 3.137081944854833160e-01
-7.570000000000000284e+00 3.179297143160042527e-01
-7.560000000000000497e+00 3.218766404893012023e-01
-7.549999999999999822e+00 3.255450388113947380e-01
-7.540000000000000036e+00 3.289363490070272844e-01
-7.529999999999999361e+00 3.320572162124882376e-01
-7.519999999999999574e+00 3.349191989674094039e-01
-7.509999999999999787e+00 3.375383584171887108e-01
-7.500000000000000000e+00 3.399347372785047061e-01
-7.490000000000000213e+00 3.421317409665633469e-01
-7.480000000000000426e+00 3.441554369527405344e-01
-7.469999999999999751e+00 3.460337917247807149e-01
-7.459999999999999964e+00 3.477958674711619791e-01
-7.449999999999999289e+00 3.494710026344148845e-01
-7.439999999999999503e+00 3.510880016303601914e-01
-7.429999999999999716e+00 3.526743592052927756e-01
-7.419999999999999929e+00 3.542555440424769442e-01
-7.410000000000000142e+00 3.558543643282634505e-01
-7.400000000000000355e+00 3.574904350986491952e-01
-7.390000000000000568e+00 3.591797634170877940e-01
-7.379999999999999893e+00 3.609344629429829254e-01
-7.370000000000000107e+00 3.627626044398449823e-01
-7.359999999999999432e+00 3.646682034767749214e-01
-7.349999999999999645e+00 3.666513412493091484e-01
-7.339999999999999858e+00 3.687084093417823949e-01
-7.330000000000000071e+00 3.708324646175777950e-01
-7.320000000000000284e+00 3.730136764740916711e-01
-7.310000000000000497e+00 3.752398456153628326e-01
-7.299999999999999822e+00 3.774969714077923144e-01
-7.290000000000000036e+00 3.797698438686593070e-01
-7.279999999999999361e+00 3.820426364105896644e-01
-7.269999999999999574e+00 3.842994765881662111e-01
-7.259999999999999787e+00 3.865249741734950728e-01
-7.250000000000000000e+00 3.887046887893216285e-01
-7.240000000000000213e+00 3.908255228803937387e-01
-7.230000000000000426e+00 3.928760298127552675e-01
-7.219999999999999751e+00 3.948466311525825612e-01
-7.209999999999999964e+00 3.967297414884372597e-01
-7.199999999999999289e+00 3.985198033325521028e-01
-7.189999999999999503e+00 4.002132384974005364e-01
-7.179999999999999716e+00 4.018083257492198745e-01
-7.169999999999999929e+00 4.033050173762209312e-01
-7.160000000000000142e+00 4.047047094930175115e-01
-7.150000000000000355e+00 4.060099823816706310e-01
-7.140000000000000568e+00 4.072243279187602871e-01
-7.129999999999999893e+00 4.083518811564347817e-01
-7.120000000000000107e+00 4.093971724334719564e-01
-7.109999999999999432e+00 4.103649150271745372e-01
-7.099999999999999645e+00 4.112598413702337474e-01
-7.089999999999999858e+00 4.120865983134111010e-01
-7.080000000000000071e+00 4.128497088925431324e-01
-7.070000000000000284e+00 4.135536046477110150e-01
-7.060000000000000497e+00 4.142027288483774994e-01
-7.049999999999999822e+00 4.148017071210976514e-01
-7.040000000000000036e+00 4.153555780920007434e-01
-7.029999999999999361e+00 4.158700728953361181e-01
-7.019999999999999574e+00 4.163519289250070532e-01
-7.009999999999999787e+00 4.168092201886690606e-01
-7.000000000000000000e+00 4.172516842347385735e-01
-6.990000000000000213e+00 4.176910240242204253e-01
-6.980000000000000426e+00 4.181411624554138839e-01
-6.969999999999999751e+00 4.186184276337837629e-01
-6.959999999999999964e+00 4.191416484836570922e-01
-6.949999999999999289e+00 4.197321429434270890e-01
-6.939999999999999503e+00 4.204135847328736575e-01
-6.929999999999999716e+00 4.212117394274851323e-01
-6.919999999999999929e+00 4.221540661534738392e-01
-6.910000000000000142e+00 4.232691874014457012e-01
-6.900000000000000355e+00 4.245862359678702624e-01
-6.890000000000000568e+00 4.261340945545677994e-01
-6.879999999999999893e+00 4.279405497487976384e-01
-6.870000000000000107e+00 4.300313876294352688e-01
-6.859999999999999432e+00 4.324294627762588217e-01
-6.849999999999999645e+00 4.351537757171197729e-01
-6.839999999999999858e+00 4.382185956082066958e-01
-6.830000000000000071e+00 4.416326650568526690e-01
-6.820000000000000284e+00 4.453985224021277944e-01
-6.810000000000000497e+00 4.495119734961749991e-01
-6.799999999999999822e+00 4.539617402025377668e-01
-6.790000000000000036e+00 4.587293066575530709e-01
-6.779999999999999361e+00 4.637889771142774675e-01
-6.769999999999999574e+00 4.691081512517771279e-01
-6.759999999999999787e+00 4.746478145715367081e-01
-6.750000000000000000e+00 4.803632333189172265e-01
-6.740000000000000213e+00 4.862048356552390871e-01
-6.730000000000000426e+00 4.921192539286023959e-01
-6.719999999999999751e+00 4.980504971609165943e-01
-6.709999999999999964e+00 5.039412185279239509e-01
-6.699999999999999289e+00 5.097340398200391753e-01
-6.689999999999999503e+00 5.153728937078222438e-01
-6.679999999999999716e+00 5.208043450802809504e-01
-6.669999999999999929e+00 5.259788546745352011e-01
-6.660000000000000142e+00 5.308519514932499295e-01
-6.650000000000000355e+00 5.353852848707003620e-01
-6.640000000000000568e+00 5.395475322134620777e-01
-6.629999999999999893e+00 5.433151440957662004e-01
-6.620000000000000107e+00 5.466729142152763066e-01
-6.609999999999999432e+00 5.496143674092601739e-01
-6.599999999999999645e+00 5.521419642226741420e-01
-6.589999999999999858e+00 5.542671251847093306e-01
-6.580000000000000071e+00 5.560100818235998998e-01
-6.570000000000000284e+00 5.573995644319400533e-01
-6.560000000000000497e+00 5.584723386561767366e-01
-6.549999999999999822e+00 5.592726041614127785e-01
-6.540000000000000036e+00 5.598512690145767134e-01
-6.529999999999999361e+00 5.602651131853111366e-01
-6.519999999999999574e+00 5.605758538733824903e-01
-6.509999999999999787e+00 5.608491244464373082e-01
-6.500000000000000000e+00 5.611533778323309907e-01
-6.490000000000000213e+00 5.615587244664146382e-01
-6.480000000000000426e+00 5.621357145312038117e-01
-6.469999999999999751e+00 5.629540743891355836e-01
-6.459999999999999964e+00 5.640814078926283948e-01
-6.449999999999999289e+00 5.655818746933007901e-01
-6.439999999999999503e+00 5.675148597333296019e-01
-6.429999999999999716e+00 5.699336506907231037e-01
-6.419999999999999929e+00 5.728841431097435599e-01
-6.410000000000000142e+00 5.764035960678972614e-01
-6.400000000000000355e+00 5.805194642608341171e-01
-6.390000000000000568e+00 5.852483350497469372e-01
-6.379999999999999893e+00 5.905950010282305929e-01
-6.370000000000000107e+00 5.965516997545072808e-01
-6.359999999999999432e+00 6.030975522190172855e-01
-6.349999999999999645e+00 6.101982301849200319e-01
-6.339999999999999858e+00 6.178058796244528805e-01
-6.330000000000000071e+00 6.258593230305468103e-01
-6.320000000000000284e+00 6.342845574514160978e-01
-6.310000000000000497e+00 6.429955578071653299e-01
-6.299999999999999822e+00 6.518953866212877646e-01
-6.290000000000000036e+00 6.608776020355104919e-01
-6.279999999999999361e+00 6.698279462393499362e-01
-6.269999999999999574e+00 6.786262866490639922e-01
-6.259999999999999787e+00 6.871487727534181245e-01
-6.250000000000000000e+00 6.952701629454314247e-01
-6.240000000000000213e+00 7.028662682959223584e-01
-6.230000000000000426e+00 7.098164544632213913e-01
-6.219999999999999751e+00 7.160061390708840623e-01
-6.209999999999999964e+00 7.213292201306469309e-01
-6.199999999999999289e+00 7.256903715501779040e-01
-6.189999999999999503e+00 7.290071444470177520e-01
-6.179999999999999716e+00 7.312118177886466341e-01
-6.169999999999999929e+00 7.322529485921354109e-01
-6.160000000000000142e+00 7.320965802585805982e-01
-6.150000000000000355e+00 7.307270772330447528e-01
-6.140000000000000568e+00 7.281475646704251847e-01
-6.129999999999999893e+00 7.243799627300901989e-01
-6.120000000000000107e+00 7.194646160983608763e-01
-6.109999999999999432e+00 7.134595299542644264e-01
-6.099999999999999645e+00 7.064392335015317048e-01
-6.089999999999999858e+00 6.984933010998850555e-01
-6.080000000000000071e+00 6.897245687229408562e-01
-6.070000000000000284e+00 6.802470898049819414e-01
-6.060000000000000497e+00 6.701838794444694436e-01
-6.049999999999999822e+00 6.596644994056881650e-01
-6.040000000000000036e+00 6.488225384549539676e-01
-6.029999999999999361e+00 6.377930433806464627e-01
-6.019999999999999574e+00 6.267099557004721655e-01
-6.009999999999999787e+00 6.157036076897643984e-01
-6.000000000000000000e+00 6.048983291037318688e-01
-5.990000000000000213e+00 5.944102129321180428e-01
-5.979999999999999538e+00 5.843450848120733676e-01
-5.969999999999999751e+00 5.747967164028635612e-01
-5.959999999999999964e+00 5.658453181367996132e-01
-5.950000000000000178e+00 5.575563413255946177e-01
-5.939999999999999503e+00 5.499796136276614567e-01
-5.929999999999999716e+00 5.431488253746937778e-01
-5.919999999999999929e+00 5.370813772295364164e-01
-5.910000000000000142e+00 5.317785921379947212e-01
-5.900000000000000355e+00 5.272262866134738157e-01
-5.889999999999999680e+00 5.233956881649244330e-01
-5.879999999999999893e+00 5.202446773009590242e-01
-5.870000000000000107e+00 5.177193242179578547e-01
-5.860000000000000320e+00 5.157556822515577677e-01
-5.849999999999999645e+00 5.142817927164494707e-01
-5.839999999999999858e+00 5.132198491768950044e-01
-5.830000000000000071e+00 5.124884637819822064e-01
-5.820000000000000284e+00 5.120049743534074160e-01
-5.809999999999999609e+00 5.116877286838782402e-01
-5.799999999999999822e+00 5.114582821931488166e-01
-5.790000000000000036e+00 5.112434468289985823e-01
-5.780000000000000249e+00 5.109771329422696517e-01
-5.769999999999999574e+00 5.106019317666844470e-01
-5.759999999999999787e+00 5.100703939582892366e-01
-5.750000000000000000e+00 5.093459691648887233e-01
-5.740000000000000213e+00 5.084035824854195029e-01
-5.729999999999999538e+00 5.072298355521632773e-01
-5.719999999999999751e+00 5.058228323784901281e-01
-5.709999999999999964e+00 5.041916425802469570e-01
-5.700000000000000178e+00 5.023554266075076491e-01
-5.689999999999999503e+00 5.003422587357911899e-01
-5.679999999999999716e+00 4.981876933195535928e-01
-5.669999999999999929e+00 4.959331278219628603e-01
-5.660000000000000142e+00 4.936240220971146453e-01
-5.649999999999999467e+00 4.913080370989964529e-01
-5.639999999999999680e+00 4.890331575116065865e-01
-5.629999999999999893e+00 4.868458617273853095e-01
-5.620000000000000107e+00 4.847893992404406216e-01
-5.610000000000000320e+00 4.829022300570730009e-01
-5.599999999999999645e+00 4.812166734337829932e-01
-5.589999999999999858e+00 4.797578044762916827e-01
-5.580000000000000071e+00 4.785426272671146619e-01
-5.570000000000000284e+00 4.775795426594506843e-01
-5.559999999999999609e+00 4.768681181169142080e-01
-5.549999999999999822e+00 4.763991564169092197e-01
-5.540000000000000036e+00 4.761550500657844576e-01
-5.530000000000000249e+00 4.761103992464742474e-01
-5.519999999999999574e+00 4.762328633255730193e-01
-5.509999999999999787e+00 4.764842096101601365e-01
-5.500000000000000000e+00 4.768215183150623648e-01
-5.490000000000000213e+00 4.771984996534935353e-01
-5.479999999999999538e+00 4.775668776001820159e-01
-5.469999999999999751e+00 4.778777951310217986e-01
-5.459999999999999964e+00 4.780831974931307737e-01
-5.450000000000000178e+00 4.781371531317057388e-01
-5.439999999999999503e+00 4.779970760868533231e-01
-5.429999999999999716e+00 4.776248187422802438e-01
-5.419999999999999929e+00 4.769876095146575734e-01
-5.410000000000000142e+00 4.760588161739463531e-01
-5.399999999999999467e+00 4.748185217477359776e-01
-5.389999999999999680e+00 4.732539061720442697e-01
-5.379999999999999893e+00 4.713594328175508830e-01
-5.370000000000000107e+00 4.691368445836088252e-01
-5.360000000000000320e+00 4.665949792836588950e-01
-5.349999999999999645e+00 4.637494184474492132e-01
-5.339999999999999858e+00 4.606219873703404355e-01
-5.330000000000000071e+00 4.572401272078907009e-01
-5.320000000000000284e+00 4.536361621286206791e-01
-5.309999999999999609e+00 4.498464860028595913e-01
-5.299999999999999822e+00 4.459106938403761822e-01
-5.290000000000000036e+00 4.418706832258193495e-01
-5.280000000000000249e+00 4.377697503799001244e-01
-5.269999999999999574e+00 4.336517042438436942e-01
-5.259999999999999787e+00 4.295600201988194478e-01
-5.250000000000000000e+00 4.255370527497750466e-01
-5.240000000000000213e+00 4.216233237887282437e-01
-5.229999999999999538e+00 4.178568999762632963e-01
-5.219999999999999751e+00 4.142728694188116401e-01
-5.209999999999999964e+00 4.109029242578864372e-01
-5.200000000000000178e+00 4.077750521185468102e-01
-5.189999999999999503e+00 4.049133356887510971e-01
-5.179999999999999716e+00 4.023378561268251552e-01
-5.169999999999999929e+00 4.000646926340480913e-01
-5.160000000000000142e+00 3.981060074987605724e-01
-5.149999999999999467e+00 3.964702033309693285e-01
-5.139999999999999680e+00 3.951621371692729534e-01
-5.129999999999999893e+00 3.941833747499092766e-01
-5.120000000000000107e+00 3.935324675576163944e-01
-5.110000000000000320e+00 3.932052353825816748e-01
-5.099999999999999645e+00 3.931950380103189646e-01
-5.089999999999999858e+00 3.934930213611258498e-01
-5.080000000000000071e+00 3.940883258249581189e-01
-5.070000000000000284e+00 3.949682476196766379e-01
-5.059999999999999609e+00 3.961183476114853441e-01
-5.049999999999999822e+00 3.975225060170873848e-01
-5.040000000000000036e+00 3.991629255695432477e-01
-5.030000000000000249e+00 4.010200898643569434e-01
-5.019999999999999574e+00 4.030726874876758292e-01
-5.009999999999999787e+00 4.052975159428263141e-01
-5.000000000000000000e+00 4.076693821248109639e-01
-4.990000000000000213e+00 4.101610179592122818e-01
-4.979999999999999538e+00 4.127430306729491516e-01
-4.969999999999999751e+00 4.153839068970756054e-01
-4.959999999999999964e+00 4.180500883695604242e-01
-4.950000000000000178e+00 4.207061344230536015e-01
-4.939999999999999503e+00 4.233149827873819437e-01
-4.929999999999999716e+00 4.258383156497046462e-01
-4.919999999999999929e+00 4.282370325958205215e-01
-4.910000000000000142e+00 4.304718262523544170e-01
-4.899999999999999467e+00 4.325038504478917467e-01
-4.889999999999999680e+00 4.342954648218247948e-01
-4.879999999999999893e+00 4.358110343508870832e-01
-4.870000000000000107e+00 4.370177575442429907e-01
-4.860000000000000320e+00 4.378864933616827271e-01
-4.849999999999999645e+00 4.383925544772545591e-01
-4.839999999999999858e+00 4.385164335277397796e-01
-4.830000000000000071e+00 4.382444295696634740e-01
-4.820000000000000284e+00 4.375691441624375289e-01
-4.809999999999999609e+00 4.364898202615927758e-01
-4.799999999999999822e+00 4.350125023277386926e-01
-4.790000000000000036e+00 4.331500025408127064e-01
-4.780000000000000249e+00 4.309216654940227764e-01
-4.769999999999999574e+00 4.283529319092558851e-01
-4.759999999999999787e+00 4.254747104045353834e-01
-4.750000000000000000e+00 4.223225747668857277e-01
-4.740000000000000213e+00 4.189358121449736627e-01
-4.729999999999999538e+00 4.153563546896640868e-01
-4.719999999999999751e+00 4.116276330804385930e-01
-4.709999999999999964e+00 4.077933947708862195e-01
-4.700000000000000178e+00 4.038965324182814953e-01
-4.689999999999999503e+00 3.999779686564096659e-01
-4.679999999999999716e+00 3.960756420376316811e-01
-4.669999999999999929e+00 3.922236356108376731e-01
-4.660000000000000142e+00 3.884514843105593140e-01
-4.649999999999999467e+00 3.847836902942306514e-01
-4.639999999999999680e+00 3.812394668495242556e-01
-4.629999999999999893e+00 3.778327218465805104e-01
-4.620000000000000107e+00 3.745722813364086856e-01
-4.610000000000000320e+00 3.714623432460409935e-01
-4.599999999999999645e+00 3.685031406666444687e-01
-4.589999999999999858e+00 3.656917844490029657e-01
-4.580000000000000071e+00 3.630232461687120660e-01
-4.570000000000000284e+00 3.604914354173557323e-01
-4.559999999999999609e+00 3.580903201708268702e-01
-4.549999999999999822e+00 3.558150359576783828e-01
-4.540000000000000036e+00 3.536629288809256533e-01
-4.530000000000000249e+00 3.516344793139418168e-01
-4.519999999999999574e+00 3.497340572630897038e-01
-4.509999999999999787e+00 3.479704668246293431e-01
-4.500000000000000000e+00 3.463572456143646505e-01
-4.490000000000000213e+00 3.449126951739454050e-01
-4.479999999999999538e+00 3.436596297365227537e-01
-4.469999999999999751e+00 3.426248428848832628e-01
-4.459999999999999964e+00 3.418383040369837311e-01
-4.450000000000000178e+00 3.413321088122706626e-01
-4.439999999999999503e+00 3.411392186426928097e-01
-4.429999999999999716e+00 3.412920350044278961e-01
-4.419999999999999929e+00 3.418208619257780967e-01
-4.410000000000000142e+00 3.427523166144853528e-01
-4.399999999999999467e+00 3.441077518753999920e-01
-4.389999999999999680e+00 3.459017552896483383e-01
-4.379999999999999893e+00 3.481407888385773530e-01
-4.370000000000000107e+00 3.508220288265458953e-01
-4.360000000000000320e+00 3.539324597359652103e-01
-4.349999999999999645e+00 3.574482672802013483e-01
-4.339999999999999858e+00 3.613345657314456227e-01
-4.330000000000000071e+00 3.655454829846098708e-01
-4.320000000000000284e+00 3.700246142172175512e-01
-4.309999999999999609e+00 3.747058418925193202e-01
-4.299999999999999822e+00 3.795145067140729411e-01
-4.290000000000000036e+00 3.843689014540235815e-01
-4.280000000000000249e+00 3.891820478002266936e-01
-4.269999999999999574e+00 3.938637059165094878e-01
-4.259999999999999787e+00 3.983225576511324473e-01
-4.250000000000000000e+00 4.024684975634569839e-01
-4.240000000000000213e+00 4.062149613991209995e-01
-4.229999999999999538e+00 4.094812194835070196e-01
-4.219999999999999751e+00 4.121945627948234714e-01
-4.209999999999999964e+00 4.142923122124031465e-01
-4.200000000000000178e+00 4.157235865224531701e-01
-4.189999999999999503e+00 4.164507720341928954e-01
-4.179999999999999716e+00 4.164506458732429861e-01
-4.169999999999999929e+00 4.157151158703031868e-01
-4.160000000000000142e+00 4.142515520895546643e-01
-4.149999999999999467e+00 4.120826980359895142e-01
-4.139999999999999680e+00 4.092461630048080945e-01
-4.129999999999999893e+00 4.057935104317577091e-01
-4.120000000000000107e+00 4.017889700102589279e-01
-4.110000000000000320e+00 3.973078133114818500e-01
-4.099999999999999645e+00 3.924344432579628394e-01
-4.089999999999999858e+00 3.872602566848077354e-01
-4.080000000000000071e+00 3.818813460588345587e-01
-4.070000000000000284e+00 3.763961109707970598e-01
-4.059999999999999609e+00 3.709028521072533779e-01
-4.049999999999999822e+00 3.654974199752802355e-01
-4.040000000000000036e+00 3.602709877184428477e-01
-4.030000000000000249e+00 3.553080120452223323e-01
-4.019999999999999574e+00 3.506844388025874837e-01
-4.009999999999999787e+00 3.464662003637760668e-01
-4.000000000000000000e+00 3.427080411304412322e-01
-3.990000000000000213e+00 3.394526955040668703e-01
-3.979999999999999538e+00 3.367304301303266634e-01
-3.969999999999999751e+00 3.345589495549164960e-01
-3.959999999999999964e+00 3.329436521430110818e-01
-3.950000000000000178e+00 3.318782116788561720e-01
-3.939999999999999503e+00 3.313454499078039572e-01
-3.929999999999999716e+00 3.313184567809941417e-01
-3.919999999999999929e+00 3.317619086074754531e-01
-3.910000000000000142e+00 3.326335299159680070e-01
-3.899999999999999467e+00 3.338856426881608441e-01
-3.889999999999999680e+00 3.354667467567138406e-01
-3.879999999999999893e+00 3.373230774744443994e-01
-3.870000000000000107e+00 3.394000910742578370e-01
-3.859999999999999432e+00 3.416438341876525397e-01
-3.849999999999999645e+00 3.440021614405971984e-01
-3.839999999999999858e+00 3.464257735160308216e-01
-3.830000000000000071e+00 3.488690571476912305e-01
-3.820000000000000284e+00 3.512907177650141932e-01
-3.809999999999999609e+00 3.536542045274299051e-01
-3.799999999999999822e+00 3.559279358810816252e-01
-3.790000000000000036e+00 3.580853412002031888e-01
-3.780000000000000249e+00 3.601047402575860978e-01
-3.769999999999999574e+00 3.619690869933595012e-01
-3.759999999999999787e+00 3.636656071863520467e-01
-3.750000000000000000e+00 3.651853611265630795e-01
-3.740000000000000213e+00 3.665227622699309684e-01
-3.729999999999999538e+00 3.676750812326039508e-01
-3.719999999999999751e+00 3.686419615238809566e-01
-3.709999999999999964e+00 3.694249693544870983e-01
-3.700000000000000178e+00 3.700271949633047175e-01
-3.689999999999999503e+00 3.704529174839813477e-01
-3.679999999999999716e+00 3.707073397397691039e-01
-3.669999999999999929e+00 3.707963938257295977e-01
-3.660000000000000142e+00 3.707266132104878875e-01
-3.649999999999999467e+00 3.705050626326534258e-01
-3.639999999999999680e+00 3.701393135040833560e-01
-3.629999999999999893e+00 3.696374500339200120e-01
-3.620000000000000107e+00 3.690080899627447564e-01
-3.609999999999999432e+00 3.682604036875734010e-01
-3.599999999999999645e+00 3.674041166396333491e-01
-3.589999999999999858e+00 3.664494819546026405e-01
-3.580000000000000071e+00 3.654072135935936272e-01
-3.570000000000000284e+00 3.642883739225520889e-01
-3.559999999999999609e+00 3.631042140844286115e-01
-3.549999999999999822e+00 3.618659700191380058e-01
-3.540000000000000036e+00 3.605846214034336139e-01
-3.530000000000000249e+00 3.592706248015644643e-01
-3.519999999999999574e+00 3.579336356631146465e-01
-3.509999999999999787e+00 3.565822362387567335e-01
-3.500000000000000000e+00 3.552236878217066574e-01
-3.490000000000000213e+00 3.538637258410041175e-01
-3.479999999999999538e+00 3.525064151846252769e-01
-3.469999999999999751e+00 3.511540807467390390e-01
-3.459999999999999964e+00 3.498073246837741790e-01
-3.450000000000000178e+00 3.484651374119558387e-01
-3.439999999999999503e+00 3.471251042323740821e-01
-3.429999999999999716e+00 3.457837039264117784e-01
-3.419999999999999929e+00 3.444366900547554122e-01
-3.410000000000000142e+00 3.430795403596569315e-01
-3.399999999999999467e+00 3.417079549454195009e-01
-3.389999999999999680e+00 3.403183800983019536e-01
-3.379999999999999893e+00 3.389085319555128484e-01
-3.370000000000000107e+00 3.374778929278137718e-01
-3.359999999999999432e+00 3.360281539258360706e-01
-3.349999999999999645e+00 3.345635770539935328e-01
-3.339999999999999858e+00 3.330912564468015979e-01
-3.330000000000000071e+00 3.316212591754710282e-01
-3.320000000000000284e+00 3.301666334186741936e-01
-3.309999999999999609e+00 3.287432770821370198e-01
-3.299999999999999822e+00 3.273696664384463384e-01
-3.290000000000000036e+00 3.260664507932659051e-01
-3.280000000000000249e+00 3.248559253220238974e-01
-3.269999999999999574e+00 3.237613997415815237e-01
-3.259999999999999787e+00 3.228064851078387143e-01
-3.250000000000000000e+00 3.220143245458800818e-01
-3.240000000000000213e+00 3.214067959785613660e-01
-3.229999999999999538e+00 3.210037158541537705e-01
-3.219999999999999751e+00 3.208220724936777790e-01
-3.209999999999999964e+00 3.208753160671111715e-01
-3.200000000000000178e+00 3.211727295120072601e-01
-3.189999999999999503e+00 3.217189011261427645e-01
-3.179999999999999716e+00 3.225133153302605082e-01
-3.169999999999999929e+00 3.235500734577474446e-01
-3.160000000000000142e+00 3.248177516351214433e-01
-3.149999999999999467e+00 3.262993981043428304e-01
-3.139999999999999680e+00 3.279726679094485675e-01
-3.129999999999999893e+00 3.298100888901507322e-01
-3.120000000000000107e+00 3.317794495119747999e-01
-3.109999999999999432e+00 3.338442962859639040e-01
-3.099999999999999645e+00 3.359645264139567988e-01
-3.089999999999999858e+00 3.380970598195840449e-01
-3.080000000000000071e+00 3.401965738385761551e-01
-3.070000000000000284e+00 3.422162834692778488e-01
-3.059999999999999609e+00 3.441087501369036739e-01
-3.049999999999999822e+00 3.458267023118787309e-01
-3.040000000000000036e+00 3.473238519588651152e-01
-3.030000000000000249e+00 3.485556916078280665e-01
-3.019999999999999574e+00 3.494802577791579767e-01
-3.009999999999999787e+00 3.500588475293769930e-01
-3.000000000000000000e+00 3.502566759999130586e-01
-2.990000000000000213e+00 3.500434640529540564e-01
-2.979999999999999538e+00 3.493939463811774337e-01
-2.969999999999999751e+00 3.482882919029251512e-01
-2.959999999999999964e+00 3.467124298203912991e-01
-2.950000000000000178e+00 3.446582764368063545e-01
-2.939999999999999503e+00 3.421238596973105173e-01
-2.929999999999999716e+00 3.391133404181001509e-01
-2.919999999999999929e+00 3.356369312618335821e-01
-2.910000000000000142e+00 3.317107166486520375e-01
-2.899999999999999467e+00 3.273563788909520933e-01
-2.889999999999999680e+00 3.226008378255552644e-01
-2.879999999999999893e+00 3.174758130045085558e-01
-2.870000000000000107e+00 3.120173190140190234e-01
-2.859999999999999432e+00 3.062651056488626677e-01
-2.849999999999999645e+00 3.002620554230217564e-01
-2.839999999999999858e+00 2.940535512145482366e-01
-2.830000000000000071e+00 2.876868267180165972e-01
-2.820000000000000284e+00 2.812103118329529750e-01
-2.809999999999999609e+00 2.746729841993600929e-01
-2.799999999999999822e+00 2.681237368731372861e-01
-2.790000000000000036e+00 2.616107707040640773e-01
-2.780000000000000249e+00 2.551810184376551716e-01
-2.769999999999999574e+00 2.488796060135101684e-01
-2.759999999999999787e+00 2.427493550762056806e-01
-2.750000000000000000e+00 2.368303294372960388e-01
-2.740000000000000213e+00 2.311594271966510572e-01
-2.729999999999999538e+00 2.257700194920234105e-01
-2.719999999999999751e+00 2.206916364141744968e-01
-2.709999999999999964e+00 2.159497004897799055e-01
-2.700000000000000178e+00 2.115653082579275202e-01
-2.689999999999999503e+00 2.075550607875830678e-01
-2.679999999999999716e+00 2.039309444248815772e-01
-2.669999999999999929e+00 2.007002635317496897e-01
-2.660000000000000142e+00 1.978656273894907891e-01
-2.649999999999999467e+00 1.954249937055021757e-01
-2.639999999999999680e+00 1.933717712032461122e-01
-2.629999999999999893e+00 1.916949835380472589e-01
-2.620000000000000107e+00 1.903794962301997851e-01
-2.609999999999999432e+00 1.894063074337715702e-01
-2.599999999999999645e+00 1.887529021823061148e-01
-2.589999999999999858e+00 1.883936683142007074e-01
-2.580000000000000071e+00 1.883003706455065318e-01
-2.570000000000000284e+00 1.884426782076672191e-01
-2.559999999999999609e+00 1.887887375944426460e-01
-2.549999999999999822e+00 1.893057837620190920e-01
-2.540000000000000036e+00 1.899607780920546107e-01
-2.530000000000000249e+00 1.907210622424832802e-01
-2.519999999999999574e+00 1.915550153431789249e-01
-2.509999999999999787e+00 1.924327014911247913e-01
-2.500000000000000000e+00 1.933264942879075465e-01
-2.490000000000000213e+00 1.942116653427901629e-01
-2.479999999999999538e+00 1.950669242160420203e-01
-2.469999999999999751e+00 1.958748981579426784e-01
-2.459999999999999964e+00 1.966225411509798238e-01
-2.450000000000000178e+00 1.973014631172679834e-01
-2.439999999999999503e+00 1.979081716362413312e-01
-2.429999999999999716e+00 1.984442200568163339e-01
-2.419999999999999929e+00 1.989162574187678945e-01
-2.410000000000000142e+00 1.993359770685697585e-01
-2.399999999999999467e+00 1.997199622316598311e-01
-2.389999999999999680e+00 2.000894280728842400e-01
-2.379999999999999893e+00 2.004698609484193983e-01
-2.370000000000000107e+00 2.008905566554324285e-01
-2.359999999999999432e+00 2.013840605679654006e-01
-2.349999999999999645e+00 2.019855136703911924e-01
-2.339999999999999858e+00 2.027319097317971108e-01
-2.330000000000000071e+00 2.036612702739142855e-01
-2.320000000000000284e+00 2.048117456309492268e-01
-2.309999999999999609e+00 2.062206523237769540e-01
-2.299999999999999822e+00 2.079234591897713980e-01
-2.290000000000000036e+00 2.099527372071058606e-01
-2.280000000000000249e+00 2.123370906751830822e-01
-2.269999999999999574e+00 2.151000902674652382e-01
-2.259999999999999787e+00 2.182592313261132455e-01
-2.250000000000000000e+00 2.218249434501302630e-01
-2.240000000000000213e+00 2.257996797414998369e-01
-2.229999999999999538e+00 2.301771157995298189e-01
-2.219999999999999751e+00 2.349414894686036592e-01
-2.209999999999999964e+00 2.400671122345378605e-01
-2.200000000000000178e+00 2.455180818412454058e-01
-2.189999999999999503e+00 2.512482230167642494e-01
-2.179999999999999716e+00 2.572012790687762118e-01
-2.169999999999999929e+00 2.633113715197929472e-01
-2.160000000000000142e+00 2.695037379689289581e-01
-2.149999999999999467e+00 2.756957501467236504e-01
-2.139999999999999680e+00 2.817982049163378910e-01
-2.129999999999999893e+00 2.877168710963273757e-01
-2.120000000000000107e+00 2.933542648359498406e-01
-2.109999999999999432e+00 2.986116163166087079e-01
-2.099999999999999645e+00 3.033909812669451922e-01
-2.089999999999999858e+00 3.075974426541296936e-01
-2.080000000000000071e+00 3.111413414165660196e-01
-2.069999999999999396e+00 3.139404706479145268e-01
-2.059999999999999609e+00 3.159221655634983916e-01
-2.049999999999999822e+00 3.170252221084091104e-01
-2.040000000000000036e+00 3.172015803096506215e-01
-2.030000000000000249e+00 3.164177144052541801e-01
-2.019999999999999574e+00 3.146556802349912418e-01
-2.009999999999999787e+00 3.119137810487595530e-01
-2.000000000000000000e+00 3.082068253563329252e-01
-1.990000000000000213e+00 3.035659641808324816e-01
-1.980000000000000426e+00 2.980381094886511706e-01
-1.970000000000000639e+00 2.916849500095668457e-01
-1.959999999999999076e+00 2.845815944849180990e-01
-1.949999999999999289e+00 2.768148849712768200e-01
-1.939999999999999503e+00 2.684814336283867231e-01
-1.929999999999999716e+00 2.596854449744171456e-01
-1.919999999999999929e+00 2.505363915588624257e-01
-1.910000000000000142e+00 2.411466141803258467e-01
-1.900000000000000355e+00 2.316289181040208089e-01
-1.890000000000000568e+00 2.220942342975805728e-01
-1.879999999999999005e+00 2.126494097241146131e-01
-1.869999999999999218e+00 2.033951835466596969e-01
-1.859999999999999432e+00 1.944243971404782112e-01
-1.849999999999999645e+00 1.858204755768700367e-01
-1.839999999999999858e+00 1.776562072657617564e-01
-1.830000000000000071e+00 1.699928372582419911e-01
-1.820000000000000284e+00 1.628794788195991883e-01
-1.810000000000000497e+00 1.563528377384300616e-01
-1.800000000000000711e+00 1.504372348110569468e-01
-1.789999999999999147e+00 1.451449043135006334e-01
-1.779999999999999361e+00 1.404765402254677387e-01
-1.769999999999999574e+00 1.364220575800257351e-01
-1.759999999999999787e+00 1.329615335602210013e-01
-1.750000000000000000e+00 1.300662917459534107e-01
-1.740000000000000213e+00 1.277000930583125082e-01
-1.730000000000000426e+00 1.258203982318402969e-01
-1.720000000000000639e+00 1.243796688166539655e-01
-1.709999999999999076e+00 1.233266765127829512e-01
-1.699999999999999289e+00 1.226077938202660422e-01
-1.689999999999999503e+00 1.221682423294982167e-01
-1.679999999999999716e+00 1.219532782954236977e-01
-1.669999999999999929e+00 1.219092983018457838e-01
-1.660000000000000142e+00 1.219848507437335805e-01
-1.650000000000000355e+00 1.221315414994855186e-01
-1.640000000000000568e+00 1.223048245376843340e-01
-1.629999999999999005e+00 1.224646703434915662e-01
-1.619999999999999218e+00 1.225761070204440389e-01
-1.609999999999999432e+00 1.226096307963710219e-01
-1.599999999999999645e+00 1.225414845082102022e-01
-1.589999999999999858e+00 1.223538045182893386e-01
-1.580000000000000071e+00 1.220346384621020797e-01
-1.570000000000000284e+00 1.215778382564662308e-01
-1.560000000000000497e+00 1.209828348902244749e-01
-1.550000000000000711e+00 1.202543036325597614e-01
-1.539999999999999147e+00 1.194017303578785855e-01
-1.529999999999999361e+00 1.184388916149683169e-01
-1.519999999999999574e+00 1.173832627665794270e-01
-1.509999999999999787e+00 1.162553698987473932e-01
-1.500000000000000000e+00 1.150781021617076905e-01
-1.490000000000000213e+00 1.138760016890778271e-01
-1.480000000000000426e+00 1.126745482072343263e-01
-1.470000000000000639e+00 1.114994548807179409e-01
-1.459999999999999076e+00 1.103759908625018549e-01
-1.449999999999999289e+00 1.093283444821125799e-01
-1.439999999999999503e+00 1.083790390901983453e-01
-1.429999999999999716e+00 1.075484113880422754e-01
-1.419999999999999929e+00 1.068541597224075268e-01
-1.410000000000000142e+00 1.063109674437831831e-01
-1.400000000000000355e+00 1.059302041301342368e-01
-1.390000000000000568e+00 1.057197053770809192e-01
-1.379999999999999005e+00 1.056836300374865284e-01
-1.369999999999999218e+00 1.058223923210389605e-01
-1.359999999999999432e+00 1.061326650698362073e-01
-1.349999999999999645e+00 1.066074498099830736e-01
-1.339999999999999858e+00 1.072362088121510126e-01
-1.330000000000000071e+00 1.080050543194754908e-01
-1.320000000000000284e+00 1.088969902414339552e-01
-1.310000000000000497e+00 1.098922018759659197e-01
-1.299999999999998934e+00 1.109683895120215369e-01
-1.289999999999999147e+00 1.121011419870553694e-01
-1.279999999999999361e+00 1.132643463463180317e-01
-1.269999999999999574e+00 1.144306296095824738e-01
-1.259999999999999787e+00 1.155718282573631739e-01
-1.250000000000000000e+00 1.166594803924587975e-01
-1.240000000000000213e+00 1.176653346336919703e-01
-1.230000000000000426e+00 1.185618687063504928e-01
-1.220000000000000639e+00 1.193228094837197051e-01
-1.209999999999999076e+00 1.199236450030733148e-01
-1.199999999999999289e+00 1.203421178387231311e-01
-1.189999999999999503e+00 1.205586882815850025e-01
-1.179999999999999716e+00 1.205569551639839587e-01
-1.169999999999999929e+00 1.203240219835296915e-01
-1.160000000000000142e+00 1.198507963045600117e-01
-1.150000000000000355e+00 1.191322113067816713e-01
-1.140000000000000568e+00 1.181673598328386865e-01
-1.129999999999999005e+00 1.169595333481703303e-01
-1.119999999999999218e+00 1.155161608190254929e-01
-1.109999999999999432e+00 1.138486455530808295e-01
-1.099999999999999645e+00 1.119721014143342658e-01
-1.089999999999999858e+00 1.099049933752977715e-01
-1.080000000000000071e+00 1.076686909410115578e-01
-1.070000000000000284e+00 1.052869463964181129e-01
-1.060000000000000497e+00 1.027853129158187440e-01
-1.049999999999998934e+00 1.001905201645413579e-01
-1.039999999999999147e+00 9.752982697192566497e-02
-1.029999999999999361e+00 9.483037184287687604e-02
-1.019999999999999574e+00 9.211854242001002446e-02
-1.009999999999999787e+00 8.941938446856380340e-02
-1.000000000000000000e+00 8.675606953539684307e-02
-9.900000000000002132e-01 8.414943818048985225e-02
-9.800000000000004263e-01 8.161763268719071651e-02
-9.700000000000006395e-01 7.917582955799093436e-02
-9.599999999999990763e-01 7.683607806060641088e-02
-9.499999999999992895e-01 7.460724679333746723e-02
-9.399999999999995026e-01 7.249507589189316259e-02
-9.299999999999997158e-01 7.050232830808503270e-02
-9.199999999999999289e-01 6.862902975196893962e-02
-9.100000000000001421e-01 6.687278358256401600e-02
-9.000000000000003553e-01 6.522914430928936080e-02
-8.900000000000005684e-01 6.369203154167263348e-02
-8.799999999999990052e-01 6.225416527152846657e-02
-8.699999999999992184e-01 6.090750331701290377e-02
-8.599999999999994316e-01 5.964366258272386923e-02
-8.499999999999996447e-01 5.845430743085221897e-02
-8.399999999999998579e-01 5.733149081157336291e-02
-8.300000000000000711e-01 5.626793672906986454e-02
-8.200000000000002842e-01 5.525725595999060602e-02
-8.100000000000004974e-01 5.429409051511996376e-02
-7.999999999999989342e-01 5.337418595808693378e-02
-7.899999999999991473e-01 5.249439418698470528e-02
-7.799999999999993605e-01 5.165261247954656965e-02
-7.699999999999995737e-01 5.084766735602448684e-02
-7.599999999999997868e-01 5.007915401105093173e-02
-7.500000000000000000e-01 4.934724362521560048e-02
-7.400000000000002132e-01 4.865247174385183004e-02
-7.300000000000004263e-01 4.799552109639423914e-02
-7.200000000000006395e-01 4.737701175150887956e-02
-7.099999999999990763e-01 4.679731041941194436e-02
-6.999999999999992895e-01 4.625636910823852782e-02
-6.899999999999995026e-01 4.575360132109315692e-02
-6.799999999999997158e-01 4.528780166303453952e-02
-6.699999999999999289e-01 4.485711223761511268e-02
-6.600000000000001421e-01 4.445903667530534675e-02
-6.500000000000003553e-01 4.409050016933863114e-02
-6.400000000000005684e-01 4.374795160487341544e-02
-6.299999999999990052e-01 4.342750184607974129e-02
-6.199999999999992184e-01 4.312509056589461376e-02
-6.099999999999994316e-01 4.283667271830474133e-02
-5.999999999999996447e-01 4.255841489688877433e-02
-5.899999999999998579e-01 4.228689141073380814e-02
-5.800000000000000711e-01 4.201926993698613944e-02
-5.700000000000002842e-01 4.175347705995617609e-02
-5.600000000000004974e-01 4.148833484845032560e-02
-5.499999999999989342e-01 4.122366081358671414e-02
-5.399999999999991473e-01 4.096032507789211519e-02
-5.299999999999993605e-01 4.070026031548042156e-02
-5.199999999999995737e-01 4.044642193015822451e-02
-5.099999999999997868e-01 4.020269795745244623e-02
-5.000000000000000000e-01 3.997377023957648934e-02
-4.900000000000002132e-01 3.976493045978149454e-02
-4.800000000000004263e-01 3.958185656480479875e-02
-4.700000000000006395e-01 3.943035688276724793e-02
-4.599999999999990763e-01 3.931609079300410481e-02
-4.499999999999992895e-01 3.924427606240581123e-02
-4.399999999999995026e-01 3.921939387477228062e-02
-4.299999999999997158e-01 3.924490309906712021e-02
-4.199999999999999289e-01 3.932297543413368346e-02
-4.100000000000001421e-01 3.945426270992770379e-02
-4.000000000000003553e-01 3.963770681309443378e-02
-3.900000000000005684e-01 3.987040144999202951e-02
-3.799999999999990052e-01 4.014751329416975378e-02
-3.699999999999992184e-01 4.046226803819269469e-02
-3.599999999999994316e-01 4.080600455039008756e-02
-3.499999999999996447e-01 4.116829781106683822e-02
-3.399999999999998579e-01 4.153714866914046122e-02
-3.300000000000000711e-01 4.189923582791470202e-02
-3.200000000000002842e-01 4.224022295147593364e-02
-3.100000000000004974e-01 4.254511149398845782e-02
-2.999999999999989342e-01 4.279862789943088275e-02
-2.899999999999991473e-01 4.298563229317053924e-02
-2.799999999999993605e-01 4.309153476560145107e-02
-2.699999999999995737e-01 4.310270488591021187e-02
-2.599999999999997868e-01 4.300686020908953133e-02
-2.500000000000000000e-01 4.279342025183655029e-02
-2.400000000000002132e-01 4.245381368469977601e-02
-2.300000000000004263e-01 4.198172826309976013e-02
-2.200000000000006395e-01 4.137329521824456569e-02
-2.099999999999990763e-01 4.062720234951643777e-02
-1.999999999999992895e-01 3.974473278644095886e-02
-1.899999999999995026e-01 3.872972919571983363e-02
-1.799999999999997158e-01 3.758848596967001576e-02
-1.699999999999999289e-01 3.632957452398512949e-02
-1.600000000000001421e-01 3.496360914331290981e-02
-1.500000000000003553e-01 3.350296274772228411e-02
-1.400000000000005684e-01 3.196144343805318311e-02
-1.299999999999990052e-01 3.035394366429832944e-02
-1.199999999999992184e-01 2.869607432574406217e-02
-1.099999999999994316e-01 2.700379605820103779e-02
-9.999999999999964473e-02 2.529305942097824500e-02
-8.999999999999985789e-02 2.357946471523473392e-02
-8.000000000000007105e-02 2.187795081540996195e-02
-7.000000000000028422e-02 2.020252075964490759e-02
-6.000000000000049738e-02 1.856601001501265863e-02
-4.999999999999893419e-02 1.697990140359922212e-02
-3.999999999999914735e-02 1.545418873852696592e-02
-2.999999999999936051e-02 1.399728936059220150e-02
-1.999999999999957367e-02 1.261600406127142207e-02
-9.999999999999786837e-03 1.131552138757653363e-02
0.000000000000000000e+00 1.009946209405417419e-02
9.999999999999786837e-03 8.969958565824664998e-03
1.999999999999957367e-02 7.927763396083278152e-03
2.999999999999936051e-02 6.972380958498206396e-03
4.000000000000092371e-02 6.102215752200171317e-03
5.000000000000071054e-02 5.314731485898033236e-03
6.000000000000049738e-02 4.606615270678813233e-03
7.000000000000028422e-02 3.973941865053592058e-03
8.000000000000007105e-02 3.412333614580841112e-03
8.999999999999985789e-02 2.917112505445722953e-03
9.999999999999964473e-02 2.483441562187581504e-03
1.099999999999994316e-01 2.106453623774543621e-03
1.200000000000009948e-01 1.781366294192255999e-03
1.300000000000007816e-01 1.503582554705641498e-03
1.400000000000005684e-01 1.268777122798346807e-03
1.500000000000003553e-01 1.072969132163450112e-03
1.600000000000001421e-01 9.125820802186790284e-04
1.699999999999999289e-01 7.844922416790559147e-04
1.799999999999997158e-01 6.860668812442910144e-04
1.899999999999995026e-01 6.151936224368394733e-04
2.000000000000010658e-01 5.703022536940121571e-04
2.100000000000008527e-01 5.503800904673338728e-04
2.200000000000006395e-01 5.549817789567663496e-04
2.300000000000004263e-01 5.842341403918606705e-04
2.400000000000002132e-01 6.388363326922845767e-04
2.500000000000000000e-01 7.200552677589027676e-04
2.599999999999997868e-01 8.297158867184731366e-04
2.699999999999995737e-01 9.701855813105848825e-04
2.799999999999993605e-01 1.144351776072194187e-03
2.900000000000009237e-01 1.355591471152676076e-03
3.000000000000007105e-01 1.607731406447160047e-03
3.100000000000004974e-01 1.904997459545627967e-03
3.200000000000002842e-01 2.251951945684314144e-03
3.300000000000000711e-01 2.653417657280566708e-03
3.399999999999998579e-01 3.114387769613832010e-03
3.499999999999996447e-01 3.639921148885015383e-03
3.599999999999994316e-01 4.235023124743025891e-03
3.700000000000009948e-01 4.904512420624229652e-03
3.800000000000007816e-01 5.652875654350070569e-03
3.900000000000005684e-01 6.484111603864980457e-03
4.000000000000003553e-01 7.401568247489146227e-03
4.100000000000001421e-01 8.407776397230105198e-03
4.199999999999999289e-01 9.504284505138080666e-03
4.299999999999997158e-01 1.069149989065015620e-02
4.399999999999995026e-01 1.196854216430908585e-02
4.500000000000010658e-01 1.333311496436082044e-02
4.600000000000008527e-01 1.478140223575361359e-02
4.700000000000006395e-01 1.630799513118734445e-02
4.800000000000004263e-01 1.790585517614968342e-02
4.900000000000002132e-01 1.956631860197217965e-02
5.000000000000000000e-01 2.127914571517022096e-02
5.099999999999997868e-01 2.303261785634946879e-02
5.199999999999995737e-01 2.481368294334759805e-02
5.299999999999993605e-01 2.660814884326678786e-02
5.400000000000009237e-01 2.840092194411281135e-02
5.500000000000007105e-01 3.017628637910892142e-02
5.600000000000004974e-01 3.191821748484609950e-02
5.700000000000002842e-01 3.361072134246941012e-02
5.800000000000000711e-01 3.523819075305904824e-02
5.899999999999998579e-01 3.678576682236832374e-02
5.999999999999996447e-01 3.823969455304539189e-02
6.099999999999994316e-01 3.958766052480035963e-02
6.200000000000009948e-01 4.081910092416576874e-02
6.300000000000007816e-01 4.192546888061033511e-02
6.400000000000005684e-01 4.290045126338636050e-02
6.500000000000003553e-01 4.374012675509210413e-02
6.600000000000001421e-01 4.444305907903138564e-02
6.699999999999999289e-01 4.501032163025836530e-02
6.799999999999997158e-01 4.544545233795645178e-02
6.899999999999995026e-01 4.575434024933006799e-02
7.000000000000010658e-01 4.594504794543731452e-02
7.100000000000008527e-01 4.602757635056584085e-02
7.200000000000006395e-01 4.601358065954090637e-02
7.300000000000004263e-01 4.591604787680375610e-02
7.400000000000002132e-01 4.574894775268001368e-02
7.500000000000000000e-01 4.552686965671370878e-02
7.599999999999997868e-01 4.526465811461609368e-02
7.699999999999995737e-01 4.497705935378713826e-02
7.799999999999993605e-01 4.467839028197463647e-02
7.900000000000009237e-01 4.438223992179322897e-02
8.000000000000007105e-01 4.410121152213230394e-02
8.100000000000004974e-01 4.384671146671600961e-02
8.200000000000002842e-01 4.362878881419045285e-02
8.300000000000000711e-01 4.345602695353156797e-02
8.399999999999998579e-01 4.333548656343035044e-02
8.499999999999996447e-01 4.327269693787244575e-02
8.599999999999994316e-01 4.327169088288249782e-02
8.700000000000009948e-01 4.333507688414287018e-02
8.800000000000007816e-01 4.346414115331813377e-02
8.900000000000005684e-01 4.365897152006364967e-02
9.000000000000003553e-01 4.391859495983160833e-02
9.100000000000001421e-01 4.424112082340936336e-02
9.199999999999999289e-01 4.462388252872369343e-02
9.299999999999997158e-01 4.506357153499462170e-02
9.399999999999995026e-01 4.555635877357355756e-02
9.500000000000010658e-01 4.609800027611288264e-02
9.600000000000008527e-01 4.668392542839941428e-02
9.700000000000006395e-01 4.730930799289713440e-02
9.800000000000004263e-01 4.796912169103673129e-02
9.900000000000002132e-01 4.865818362840296923e-02
1.000000000000000000e+00 4.937119010117564655e-02
1.009999999999999787e+00 5.010275027071008774e-02
1.019999999999999574e+00 5.084742377907354449e-02
1.029999999999999361e+00 5.159976856169361248e-02
1.040000000000000924e+00 5.235440487154649492e-02
1.050000000000000711e+00 5.310610085859840401e-02
1.060000000000000497e+00 5.384988396373285857e-02
1.070000000000000284e+00 5.458118092248066128e-02
1.080000000000000071e+00 5.529598738347753228e-02
1.089999999999999858e+00 5.599106610008033891e-02
1.099999999999999645e+00 5.666417043704000123e-02
1.109999999999999432e+00 5.731428764680404631e-02
1.120000000000000995e+00 5.794189412120573368e-02
1.130000000000000782e+00 5.854921272950204536e-02
1.140000000000000568e+00 5.914046053025782956e-02
1.150000000000000355e+00 5.972207370655724379e-02
1.160000000000000142e+00 6.030289562715921564e-02
1.169999999999999929e+00 6.089431357227134689e-02
1.179999999999999716e+00 6.151032995419052768e-02
1.189999999999999503e+00 6.216755485856689800e-02
1.200000000000001066e+00 6.288510845148717610e-02
1.210000000000000853e+00 6.368442422921397061e-02
1.220000000000000639e+00 6.458894718570373783e-02
1.230000000000000426e+00 6.562372465793042675e-02
1.240000000000000213e+00 6.681489176704748234e-02
1.250000000000000000e+00 6.818905786011861259e-02
1.259999999999999787e+00 6.977260500162983659e-02
1.269999999999999574e+00 7.159091417475740848e-02
1.279999999999999361e+00 7.366753922471752647e-02
1.290000000000000924e+00 7.602335250112393639e-02
1.300000000000000711e+00 7.867568942852662395e-02
1.310000000000000497e+00 8.163752166416873846e-02
1.320000000000000284e+00 8.491668992374092062e-02
1.330000000000000071e+00 8.851522783749260492e-02
1.339999999999999858e+00 9.242880725022514787e-02
1.349999999999999645e+00 9.664633315794687873e-02
1.359999999999999432e+00 1.011497129933236205e-01
1.370000000000000995e+00 1.059138202996811606e-01
1.380000000000000782e+00 1.109066670935416610e-01
1.390000000000000568e+00 1.160897925863651203e-01
1.400000000000000355e+00 1.214188686431364461e-01
1.410000000000000142e+00 1.268445146646693389e-01
1.419999999999999929e+00 1.323133067873232260e-01
1.429999999999999716e+00 1.377689587109424962e-01
1.439999999999999503e+00 1.431536444092410265e-01
1.450000000000001066e+00 1.484094267515125298e-01
1.460000000000000853e+00 1.534797509497873302e-01
1.470000000000000639e+00 1.583109579814118151e-01
1.480000000000000426e+00 1.628537709119198817e-01
1.490000000000000213e+00 1.670647064841677687e-01
1.500000000000000000e+00 1.709073655054724195e-01
1.509999999999999787e+00 1.743535584413071771e-01
1.519999999999999574e+00 1.773842271258507242e-01
1.529999999999999361e+00 1.799901294712901167e-01
1.540000000000000924e+00 1.821722612821681242e-01
1.550000000000000711e+00 1.839419974891274290e-01
1.560000000000000497e+00 1.853209439995993635e-01
1.570000000000000284e+00 1.863405005875710674e-01
1.580000000000000071e+00 1.870411444671086221e-01
1.589999999999999858e+00 1.874714530768630816e-01
1.599999999999999645e+00 1.876868928277674597e-01
1.609999999999999432e+00 1.877484078493125708e-01
1.620000000000000995e+00 1.877208488712689416e-01
1.630000000000000782e+00 1.876712871101227920e-01
1.640000000000000568e+00 1.876672612632339920e-01
1.650000000000000355e+00 1.877750073791115693e-01
1.660000000000000142e+00 1.880577214587149104e-01
1.669999999999999929e+00 1.885739031954259959e-01
1.679999999999999716e+00 1.893758263754346527e-01
1.689999999999999503e+00 1.905081772734872891e-01
1.700000000000001066e+00 1.920068970633173611e-01
1.710000000000000853e+00 1.938982580150467872e-01
1.720000000000000639e+00 1.961981962875511687e-01
1.730000000000000426e+00 1.989119166648158354e-01
1.740000000000000213e+00 2.020337768555709179e-01
1.750000000000000000e+00 2.055474511939501259e-01
1.759999999999999787e+00 2.094263659548211698e-01
1.769999999999999574e+00 2.136343912265572520e-01
1.779999999999999361e+00 2.181267675459179767e-01
1.790000000000000924e+00 2.228512394558826437e-01
1.800000000000000711e+00 2.277493629396799835e-01
1.810000000000000497e+00 2.327579494342709721e-01
1.820000000000000284e+00 2.378106059336123068e-01
1.830000000000000071e+00 2.428393286327263367e-01
1.839999999999999858e+00 2.477761066895987074e-01
1.849999999999999645e+00 2.525544930186207626e-01
1.859999999999999432e+00 2.571111005735389199e-01
1.870000000000000995e+00 2.613869852962688034e-01
1.880000000000000782e+00 2.653288807350733247e-01
1.890000000000000568e+00 2.688902541732783313e-01
1.900000000000000355e+00 2.720321598265733609e-01
1.910000000000000142e+00 2.747238711000819511e-01
1.919999999999999929e+00 2.769432808534804114e-01
1.929999999999999716e+00 2.786770658864173855e-01
1.939999999999999503e+00 2.799206191911435271e-01
1.950000000000001066e+00 2.806777606769128575e-01
1.960000000000000853e+00 2.809602438009541348e-01
1.970000000000000639e+00 2.807870816004460757e-01
1.980000000000000426e+00 2.801837207834525501e-01
1.990000000000000213e+00 2.791810966069376843e-01
2.000000000000000000e+00 2.778146040877643719e-01
2.009999999999999787e+00 2.761230225461636101e-01
2.019999999999999574e+00 2.741474305129808497e-01
2.030000000000001137e+00 2.719301466437236137e-01
2.040000000000000924e+00 2.695137295370937935e-01
2.050000000000000711e+00 2.669400653768863041e-01
2.060000000000000497e+00 2.642495672841904120e-01
2.070000000000000284e+00 2.614805044115325883e-01
2.080000000000000071e+00 2.586684724015786419e-01
2.089999999999999858e+00 2.558460101671146125e-01
2.099999999999999645e+00 2.530423613362693946e-01
2.109999999999999432e+00 2.502833724550160843e-01
2.120000000000000995e+00 2.475915144376549804e-01
2.130000000000000782e+00 2.449860090618253827e-01
2.140000000000000568e+00 2.424830387274389820e-01
2.150000000000000355e+00 2.400960153904033445e-01
2.160000000000000142e+00 2.378358836270496324e-01
2.169999999999999929e+00 2.357114331974432542e-01
2.179999999999999716e+00 2.337295981964316316e-01
2.189999999999999503e+00 2.318957227825396150e-01
2.200000000000001066e+00 2.302137773667644050e-01
2.210000000000000853e+00 2.286865137848158036e-01
2.220000000000000639e+00 2.273155530886968589e-01
2.230000000000000426e+00 2.261014048764243556e-01
2.240000000000000213e+00 2.250434222273837714e-01
2.250000000000000000e+00 2.241397010335945406e-01
2.259999999999999787e+00 2.233869365518687533e-01
2.269999999999999574e+00 2.227802531307585820e-01
2.280000000000001137e+00 2.223130251279670233e-01
2.290000000000000924e+00 2.219767079322547132e-01
2.300000000000000711e+00 2.217606977121058809e-01
2.310000000000000497e+00 2.216522370748668647e-01
2.320000000000000284e+00 2.216363813442139841e-01
2.330000000000000071e+00 2.216960368185765529e-01
2.339999999999999858e+00 2.218120783736560742e-01
2.349999999999999645e+00 2.219635493669624982e-01
2.359999999999999432e+00 2.221279422575780371e-01
2.370000000000000995e+00 2.222815539377245297e-01
2.380000000000000782e+00 2.223999057368702403e-01
2.390000000000000568e+00 2.224582146270273064e-01
2.400000000000000355e+00 2.224318995099919816e-01
2.410000000000000142e+00 2.222971047316573967e-01
2.419999999999999929e+00 2.220312222145332526e-01
2.429999999999999716e+00 2.216133938353331834e-01
2.439999999999999503e+00 2.210249768480879728e-01
2.450000000000001066e+00 2.202499571580259219e-01
2.460000000000000853e+00 2.192752979343309816e-01
2.470000000000000639e+00 2.180912142224941674e-01
2.480000000000000426e+00 2.166913676689454782e-01
2.490000000000000213e+00 2.150729789837749484e-01
2.500000000000000000e+00 2.132368591301317950e-01
2.509999999999999787e+00 2.111873632501226061e-01
2.519999999999999574e+00 2.089322738578655025e-01
2.530000000000001137e+00 2.064826217338813219e-01
2.540000000000000924e+00 2.038524541727437245e-01
2.550000000000000711e+00 2.010585607509731143e-01
2.560000000000000497e+00 1.981201666287127905e-01
2.570000000000000284e+00 1.950586026578203513e-01
2.580000000000000071e+00 1.918969603614290587e-01
2.589999999999999858e+00 1.886597383260268934e-01
2.599999999999999645e+00 1.853724848744908449e-01
2.609999999999999432e+00 1.820614402393622155e-01
2.620000000000000995e+00 1.787531799929407417e-01
2.630000000000000782e+00 1.754742603556934122e-01
2.640000000000000568e+00 1.722508653055013494e-01
2.650000000000000355e+00 1.691084552147415487e-01
2.660000000000000142e+00 1.660714170708653126e-01
2.669999999999999929e+00 1.631627171615798177e-01
2.679999999999999716e+00 1.604035583540773247e-01
2.689999999999999503e+00 1.578130456542951587e-01
2.700000000000001066e+00 1.554078654500516687e-01
2.710000000000000853e+00 1.532019855532953945e-01
2.720000000000000639e+00 1.512063846859283411e-01
2.730000000000000426e+00 1.494288212309108355e-01
2.740000000000000213e+00 1.478736517451034183e-01
2.750000000000000000e+00 1.465417097837003468e-01
2.759999999999999787e+00 1.454302549407695822e-01
2.769999999999999574e+00 1.445330006375482590e-01
2.780000000000001137e+00 1.438402271129103349e-01
2.790000000000000924e+00 1.433389833636350419e-01
2.800000000000000711e+00 1.430133785679897906e-01
2.810000000000000497e+00 1.428449599667569458e-01
2.820000000000000284e+00 1.428131704624091003e-01
2.830000000000000071e+00 1.428958755374612477e-01
2.839999999999999858e+00 1.430699456974798278e-01
2.849999999999999645e+00 1.433118777118603804e-01
2.859999999999999432e+00 1.435984356308173115e-01
2.870000000000000995e+00 1.439072910388466686e-01
2.880000000000000782e+00 1.442176413575761984e-01
2.890000000000000568e+00 1.445107852789234149e-01
2.900000000000000355e+00 1.447706355855935545e-01
2.910000000000000142e+00 1.449841516428120869e-01
2.919999999999999929e+00 1.451416766203005027e-01
2.929999999999999716e+00 1.452371678870466587e-01
2.939999999999999503e+00 1.452683128461751405e-01
2.950000000000001066e+00 1.452365265598959121e-01
2.960000000000000853e+00 1.451468316673796832e-01
2.970000000000000639e+00 1.450076251406227645e-01
2.980000000000000426e+00 1.448303401908658805e-01
2.990000000000000213e+00 1.446290149917428269e-01
3.000000000000000000e+00 1.444197827163497538e-01
3.009999999999999787e+00 1.442202996186854880e-01
3.019999999999999574e+00 1.440491294840731684e-01
3.030000000000001137e+00 1.439251037186765891e-01
3.040000000000000924e+00 1.438666766631598315e-01
3.050000000000000711e+00 1.438912954400703992e-01
3.060000000000000497e+00 1.440148028344746811e-01
3.070000000000000284e+00 1.442508904277509107e-01
3.080000000000000071e+00 1.446106175233533575e-01
3.089999999999999858e+00 1.451020093871435157e-01
3.099999999999999645e+00 1.457297460345700624e-01
3.109999999999999432e+00 1.464949502865702247e-01
3.120000000000000995e+00 1.473950811324837296e-01
3.130000000000000782e+00 1.484239356228970463e-01
3.140000000000000568e+00 1.495717596068698585e-01
3.150000000000000355e+00 1.508254646659572817e-01
3.160000000000000142e+00 1.521689456261078044e-01
3.169999999999999929e+00 1.535834901002726682e-01
3.179999999999999716e+00 1.550482686925427900e-01
3.189999999999999503e+00 1.565408918538393479e-01
3.200000000000001066e+00 1.580380170059443035e-01
3.210000000000000853e+00 1.595159875401869209e-01
3.220000000000000639e+00 1.609514837491844985e-01
3.230000000000000426e+00 1.623221647631048203e-01
3.240000000000000213e+00 1.636072802259340431e-01
3.250000000000000000e+00 1.647882308358348813e-01
3.259999999999999787e+00 1.658490580364270217e-01
3.269999999999999574e+00 1.667768451011388264e-01
3.280000000000001137e+00 1.675620145822553086e-01
3.290000000000000924e+00 1.681985105411293313e-01
3.300000000000000711e+00 1.686838580359193984e-01
3.310000000000000497e+00 1.690190968780745651e-01
3.320000000000000284e+00 1.692085915033912369e-01
3.330000000000000071e+00 1.692597237348112404e-01
3.339999999999999858e+00 1.691824800212720636e-01
3.349999999999999645e+00 1.689889491925163911e-01
3.359999999999999432e+00 1.686927506528321796e-01
3.370000000000000995e+00 1.683084160455195766e-01
3.380000000000000782e+00 1.678507495844217823e-01
3.390000000000000568e+00 1.673341933415760097e-01
3.400000000000000355e+00 1.667722237245765071e-01
3.410000000000000142e+00 1.661768041541445418e-01
3.419999999999999929e+00 1.655579166016441506e-01
3.429999999999999716e+00 1.649231912661771604e-01
3.439999999999999503e+00 1.642776494136014565e-01
3.450000000000001066e+00 1.636235694635433946e-01
3.460000000000000853e+00 1.629604810289923544e-01
3.470000000000000639e+00 1.622852860430294142e-01
3.480000000000000426e+00 1.615925006142811815e-01
3.490000000000000213e+00 1.608746060969352409e-01
3.500000000000000000e+00 1.601224932832807368e-01
3.509999999999999787e+00 1.593259798351700229e-01
3.519999999999999574e+00 1.584743782310113480e-01
3.530000000000001137e+00 1.575570897312902896e-01
3.540000000000000924e+00 1.565641992164462648e-01
3.550000000000000711e+00 1.554870462265802722e-01
3.560000000000000497e+00 1.543187490770338011e-01
3.570000000000000284e+00 1.530546614298310681e-01
3.580000000000000071e+00 1.516927440167811225e-01
3.589999999999999858e+00 1.502338381498080078e-01
3.599999999999999645e+00 1.486818320090438905e-01
3.609999999999999432e+00 1.470437152499052547e-01
3.620000000000000995e+00 1.453295219989413911e-01
3.630000000000000782e+00 1.435521666101966520e-01
3.640000000000000568e+00 1.417271804482620190e-01
3.650000000000000355e+00 1.398723613023066248e-01
3.660000000000000142e+00 1.380073497063423749e-01
3.669999999999999929e+00 1.361531483755017979e-01
3.679999999999999716e+00 1.343316021389691084e-01
3.689999999999999503e+00 1.325648561704002026e-01
3.700000000000001066e+00 1.308748100351010968e-01
3.710000000000000853e+00 1.292825841685603383e-01
3.720000000000000639e+00 1.278080139739902477e-01
3.730000000000000426e+00 1.264691848921290496e-01
3.740000000000000213e+00 1.252820196749779291e-01
3.750000000000000000e+00 1.242599268044490557e-01
3.759999999999999787e+00 1.234135166459413152e-01
3.769999999999999574e+00 1.227503896101143910e-01
3.780000000000001137e+00 1.222749983900537629e-01
3.790000000000000924e+00 1.219885843024100525e-01
3.800000000000000711e+00 1.218891859272508427e-01
3.810000000000000497e+00 1.219717166318634582e-01
3.820000000000000284e+00 1.222281061835080174e-01
3.830000000000000071e+00 1.226475004993335394e-01
3.839999999999999858e+00 1.232165126360476315e-01
3.849999999999999645e+00 1.239195173728634969e-01
3.859999999999999432e+00 1.247389811753689126e-01
3.870000000000000995e+00 1.256558189357655508e-01
3.880000000000000782e+00 1.266497686622283236e-01
3.890000000000000568e+00 1.276997752382550977e-01
3.900000000000000355e+00 1.287843744975575855e-01
3.910000000000000142e+00 1.298820691694079210e-01
3.919999999999999929e+00 1.309716887510064542e-01
3.929999999999999716e+00 1.320327260612725873e-01
3.939999999999999503e+00 1.330456441215668861e-01
3.950000000000001066e+00 1.339921480807216847e-01
3.960000000000000853e+00 1.348554181305655075e-01
3.970000000000000639e+00 1.356203007079112843e-01
3.980000000000000426e+00 1.362734567022531595e-01
3.990000000000000213e+00 1.368034668280455890e-01
4.000000000000000000e+00 1.372008957126711892e-01
4.009999999999999787e+00 1.374583175297950655e-01
4.019999999999999574e+00 1.375703071086655238e-01
4.030000000000001137e+00 1.375334013160509072e-01
4.040000000000000924e+00 1.373460360937085734e-01
4.050000000000000711e+00 1.370084648111926096e-01
4.060000000000000497e+00 1.365226635509041442e-01
4.070000000000000284e+00 1.358922285895353688e-01
4.080000000000000071e+00 1.351222707080001473e-01
4.089999999999999858e+00 1.342193101002021050e-01
4.099999999999999645e+00 1.331911746251936979e-01
4.109999999999999432e+00 1.320469030346612671e-01
4.120000000000000995e+00 1.307966536916422284e-01
4.130000000000000782e+00 1.294516182604541488e-01
4.140000000000000568e+00 1.280239389693630936e-01
4.150000000000000355e+00 1.265266273918796980e-01
4.160000000000000142e+00 1.249734823078121337e-01
4.169999999999999929e+00 1.233790041182422359e-01
4.179999999999999716e+00 1.217583035026217758e-01
4.189999999999999503e+00 1.201270025000114594e-01
4.200000000000001066e+00 1.185011269255557831e-01
4.210000000000000853e+00 1.168969899325981721e-01
4.220000000000000639e+00 1.153310675194027524e-01
4.230000000000000426e+00 1.138198677661967223e-01
4.240000000000000213e+00 1.123797964787123377e-01
4.250000000000000000e+00 1.110270226181874903e-01
4.259999999999999787e+00 1.097773473356363494e-01
4.269999999999999574e+00 1.086460805389001250e-01
4.280000000000001137e+00 1.076479286669763114e-01
4.290000000000000924e+00 1.067968967176832484e-01
4.300000000000000711e+00 1.061062065923849551e-01
4.310000000000000497e+00 1.055882325362820784e-01
4.320000000000000284e+00 1.052544529442010351e-01
4.330000000000000071e+00 1.051154161738695331e-01
4.339999999999999858e+00 1.051807163836272485e-01
4.349999999999999645e+00 1.054589739222390188e-01
4.359999999999999432e+00 1.059578135794081027e-01
4.370000000000000995e+00 1.066838331831671538e-01
4.380000000000000782e+00 1.076425547133871563e-01
4.390000000000000568e+00 1.088383503714187989e-01
4.400000000000000355e+00 1.102743369523234290e-01
4.410000000000000142e+00 1.119522334161689586e-01
4.419999999999999929e+00 1.138721787128599561e-01
4.429999999999999716e+00 1.160325096011836921e-01
4.439999999999999503e+00 1.184295012954593856e-01
4.450000000000001066e+00 1.210570771138219787e-01
4.460000000000000853e+00 1.239064967032014603e-01
4.470000000000000639e+00 1.269660356710875515e-01
4.480000000000000426e+00 1.302206723498115504e-01
4.490000000000000213e+00 1.336517997480449194e-01
4.500000000000000000e+00 1.372369823182975901e-01
4.509999999999999787e+00 1.409497778320899231e-01
4.519999999999999574e+00 1.447596442927550631e-01
4.530000000000001137e+00 1.486319503680436638e-01
4.540000000000000924e+00 1.525281052874050136e-01
4.550000000000000711e+00 1.564058205794278122e-01
4.560000000000000497e+00 1.602195115407919479e-01
4.570000000000000284e+00 1.639208411023064804e-01
4.580000000000000071e+00 1.674594030107983411e-01
4.589999999999999858e+00 1.707835352353404279e-01
4.599999999999999645e+00 1.738412485135509278e-01
4.609999999999999432e+00 1.765812492680373103e-01
4.620000000000000995e+00 1.789540310269996659e-01
4.630000000000000782e+00 1.809130042365471591e-01
4.640000000000000568e+00 1.824156311786198637e-01
4.650000000000000355e+00 1.834245307816750603e-01
4.660000000000000142e+00 1.839085175471099343e-01
4.669999999999999929e+00 1.838435396634973129e-01
4.679999999999999716e+00 1.832134836265896793e-01
4.689999999999999503e+00 1.820108162429967535e-01
4.700000000000001066e+00 1.802370396254731055e-01
4.710000000000000853e+00 1.779029404907424561e-01
4.720000000000000639e+00 1.750286215073042495e-01
4.730000000000000426e+00 1.716433093420143274e-01
4.740000000000000213e+00 1.677849411364480958e-01
4.750000000000000000e+00 1.634995381226069244e-01
4.759999999999999787e+00 1.588403816911695410e-01
4.769999999999999574e+00 1.538670132090543263e-01
4.780000000000001137e+00 1.486440840381021977e-01
4.790000000000000924e+00 1.432400863696701165e-01
4.800000000000000711e+00 1.377259985473774373e-01
4.810000000000000497e+00 1.321738804411467516e-01
4.820000000000000284e+00 1.266554551503003001e-01
4.830000000000000071e+00 1.212407128902651399e-01
4.839999999999999858e+00 1.159965714366537892e-01
4.849999999999999645e+00 1.109856250767845831e-01
4.859999999999999432e+00 1.062650107920787013e-01
4.870000000000000995e+00 1.018854165212285667e-01
4.880000000000000782e+00 9.789025199635903451e-02
4.890000000000000568e+00 9.431499796367735777e-02
4.900000000000000355e+00 9.118674474865852420e-02
4.910000000000000142e+00 8.852392624144397870e-02
4.919999999999999929e+00 8.633625058084767878e-02
4.929999999999999716e+00 8.462482420527270288e-02
4.939999999999999503e+00 8.338246159653700529e-02
4.950000000000001066e+00 8.259416903067934301e-02
4.960000000000000853e+00 8.223778701579811945e-02
4.970000000000000639e+00 8.228477287692428921e-02
4.980000000000000426e+00 8.270110217035395173e-02
4.990000000000000213e+00 8.344826529935102377e-02
5.000000000000000000e+00 8.448433388339883499e-02
5.009999999999999787e+00 8.576507012904172056e-02
5.019999999999999574e+00 8.724505168847719594e-02
5.030000000000001137e+00 8.887878430031814769e-02
5.040000000000000924e+00 9.062177491246764527e-02
5.050000000000000711e+00 9.243153901310088849e-02
5.060000000000000497e+00 9.426851755766629815e-02
5.070000000000000284e+00 9.609688118062964524e-02
5.080000000000000071e+00 9.788520230644716380e-02
5.089999999999999858e+00 9.960697929012234109e-02
5.099999999999999645e+00 1.012410007646816767e-01
5.109999999999999432e+00 1.027715428660843922e-01
5.120000000000000995e+00 1.041883968344254896e-01
5.130000000000000782e+00 1.054867295183415515e-01
5.140000000000000568e+00 1.066667843809827321e-01
5.150000000000000355e+00 1.077334355490240370e-01
5.160000000000000142e+00 1.086956120808344195e-01
5.169999999999999929e+00 1.095656137757617804e-01
5.179999999999999716e+00 1.103583433320613760e-01
5.189999999999999503e+00 1.110904823328478369e-01
5.200000000000001066e+00 1.117796402710369286e-01
5.210000000000000853e+00 1.124435065237351233e-01
5.220000000000000639e+00 1.130990348032231974e-01
5.230000000000000426e+00 1.137616881403185898e-01
5.240000000000000213e+00 1.144447699388170536e-01
5.250000000000000000e+00 1.151588631663155171e-01
5.259999999999999787e+00 1.159113954505250621e-01
5.269999999999999574e+00 1.167063429033113331e-01
5.280000000000001137e+00 1.175440801002383961e-01
5.290000000000000924e+00 1.184213780259281978e-01
5.300000000000000711e+00 1.193315461904798647e-01
5.310000000000000497e+00 1.202647097643095575e-01
5.320000000000000284e+00 1.212082076908572170e-01
5.330000000000000071e+00 1.221470935185576534e-01
5.339999999999999858e+00 1.230647173126932226e-01
5.349999999999999645e+00 1.239433645911633131e-01
5.359999999999999432e+00 1.247649268565203112e-01
5.370000000000000995e+00 1.255115780008767556e-01
5.380000000000000782e+00 1.261664316211202896e-01
5.390000000000000568e+00 1.267141560312968207e-01
5.400000000000000355e+00 1.271415263846701338e-01
5.410000000000000142e+00 1.274378966696182724e-01
5.419999999999999929e+00 1.275955782413117912e-01
5.429999999999999716e+00 1.276101157952663212e-01
5.439999999999999503e+00 1.274804560701481848e-01
5.450000000000001066e+00 1.272090088777855232e-01
5.460000000000000853e+00 1.268016041022383411e-01
5.470000000000000639e+00 1.262673519126395749e-01
5.480000000000000426e+00 1.256184164519848767e-01
5.490000000000000213e+00 1.248697155884403442e-01
5.500000000000000000e+00 1.240385608806829076e-01
5.509999999999999787e+00 1.231442526915509927e-01
5.519999999999999574e+00 1.222076454056770234e-01
5.530000000000001137e+00 1.212506970287288433e-01
5.540000000000000924e+00 1.202960161667009642e-01
5.550000000000000711e+00 1.193664176313388170e-01
5.560000000000000497e+00 1.184844958415276761e-01
5.570000000000000284e+00 1.176722229513667839e-01
5.580000000000000071e+00 1.169505763963473027e-01
5.589999999999999858e+00 1.163391984635975401e-01
5.599999999999999645e+00 1.158560886963403702e-01
5.610000000000001208e+00 1.155173285455287774e-01
5.620000000000000995e+00 1.153368367585124454e-01
5.630000000000000782e+00 1.153261535826653195e-01
5.640000000000000568e+00 1.154942519578390087e-01
5.650000000000000355e+00 1.158473744318765375e-01
5.660000000000000142e+00 1.163888954779202511e-01
5.669999999999999929e+00 1.171192101092306537e-01
5.679999999999999716e+00 1.180356510416353810e-01
5.689999999999999503e+00 1.191324379965419261e-01
5.700000000000001066e+00 1.204006639164477699e-01
5.710000000000000853e+00 1.218283237356264925e-01
5.720000000000000639e+00 1.234003917853129240e-01
5.730000000000000426e+00 1.250989538175804605e-01
5.740000000000000213e+00 1.269033989437438059e-01
5.750000000000000000e+00 1.287906754817490229e-01
5.759999999999999787e+00 1.307356128175377608e-01
5.769999999999999574e+00 1.327113089771608523e-01
5.780000000000001137e+00 1.346895807902386277e-01
5.790000000000000924e+00 1.366414704473674913e-01
5.800000000000000711e+00 1.385377990873409848e-01
5.810000000000000497e+00 1.403497549841198622e-01
5.820000000000000284e+00 1.420495011327232993e-01
5.830000000000000071e+00 1.436107847444304531e-01
5.839999999999999858e+00 1.450095295222863512e-01
5.849999999999999645e+00 1.462243907348615424e-01
5.860000000000001208e+00 1.472372531368764670e-01
5.870000000000000995e+00 1.480336527505420330e-01
5.880000000000000782e+00 1.486031054215962155e-01
5.890000000000000568e+00 1.489393278476659477e-01
5.900000000000000355e+00 1.490403403427902340e-01
5.910000000000000142e+00 1.489084448049976805e-01
5.919999999999999929e+00 1.485500760109493557e-01
5.929999999999999716e+00 1.479755292626187546e-01
5.939999999999999503e+00 1.471985723293846859e-01
5.950000000000001066e+00 1.462359543343090540e-01
5.960000000000000853e+00 1.451068285034163852e-01
5.970000000000000639e+00 1.438321093289198216e-01
5.980000000000000426e+00 1.424337875191205582e-01
5.990000000000000213e+00 1.409342279853764424e-01
6.000000000000000000e+00 1.393554769613536970e-01
6.010000000000001563e+00 1.377186041217119405e-01
6.019999999999999574e+00 1.360431042762552112e-01
6.030000000000001137e+00 1.343463809194970215e-01
6.039999999999999147e+00 1.326433307169712361e-01
6.050000000000000711e+00 1.309460440490086974e-01
6.059999999999998721e+00 1.292636321812515310e-01
6.070000000000000284e+00 1.276021866813195627e-01
6.080000000000001847e+00 1.259648715574926137e-01
6.089999999999999858e+00 1.243521434648530710e-01
6.100000000000001421e+00 1.227620904074550601e-01
6.109999999999999432e+00 1.211908748470476027e-01
6.120000000000000995e+00 1.196332631732443808e-01
6.129999999999999005e+00 1.180832202331871944e-01
6.140000000000000568e+00 1.165345451659112463e-01
6.149999999999998579e+00 1.149815232101784462e-01
6.160000000000000142e+00 1.134195674930129905e-01
6.170000000000001705e+00 1.118458250656584052e-01
6.179999999999999716e+00 1.102597226093357807e-01
6.190000000000001279e+00 1.086634292327083445e-01
6.199999999999999289e+00 1.070622165496334932e-01
6.210000000000000853e+00 1.054646996625632493e-01
6.219999999999998863e+00 1.038829466703778681e-01
6.230000000000000426e+00 1.023324487431253038e-01
6.240000000000001990e+00 1.008319475248109776e-01
6.250000000000000000e+00 9.940312149756257154e-02
6.260000000000001563e+00 9.807013782201033647e-02
6.269999999999999574e+00 9.685908091502408446e-02
6.280000000000001137e+00 9.579727349494229771e-02
6.289999999999999147e+00 9.491250987908790571e-02
6.300000000000000711e+00 9.423222482915509512e-02
6.309999999999998721e+00 9.378262408816678830e-02
6.320000000000000284e+00 9.358780483270459638e-02
6.330000000000001847e+00 9.366889548763675244e-02
6.339999999999999858e+00 9.404324464940091999e-02
6.350000000000001421e+00 9.472368819374074600e-02
6.359999999999999432e+00 9.571792198736112089e-02
6.370000000000000995e+00 9.702800499308353310e-02
6.379999999999999005e+00 9.865001399982084584e-02
6.390000000000000568e+00 1.005738668009401038e-01
6.399999999999998579e+00 1.027833255000033530e-01
6.410000000000000142e+00 1.052561858870801059e-01
6.420000000000001705e+00 1.079646526772245485e-01
6.429999999999999716e+00 1.108758940367076395e-01
6.440000000000001279e+00 1.139527624630724267e-01
6.449999999999999289e+00 1.171546629654796057e-01
6.460000000000000853e+00 1.204385438491596683e-01
6.469999999999998863e+00 1.237599804729585945e-01
6.480000000000000426e+00 1.270743183370557361e-01
6.490000000000001990e+00 1.303378389571986928e-01
6.500000000000000000e+00 1.335089103450265435e-01
6.510000000000001563e+00 1.365490836487555093e-01
6.519999999999999574e+00 1.394240986708201735e-01
6.530000000000001137e+00 1.421047635680282029e-01
6.539999999999999147e+00 1.445676779947832613e-01
6.550000000000000711e+00 1.467957741511536629e-01
6.559999999999998721e+00 1.487786564681028989e-01
6.570000000000000284e+00 1.505127277747394521e-01
6.580000000000001847e+00 1.520010974766942413e-01
6.589999999999999858e+00 1.532532752291425604e-01
6.600000000000001421e+00 1.542846614916609238e-01
6.609999999999999432e+00 1.551158538795270880e-01
6.620000000000000995e+00 1.557717950614709856e-01
6.629999999999999005e+00 1.562807938061198665e-01
6.640000000000000568e+00 1.566734553960102416e-01
6.649999999999998579e+00 1.569815608074912328e-01
6.660000000000000142e+00 1.572369356569888743e-01
6.670000000000001705e+00 1.574703498674135116e-01
6.679999999999999716e+00 1.577104873145599440e-01
6.690000000000001279e+00 1.579830214473742500e-01
6.699999999999999289e+00 1.583098281839731558e-01
6.710000000000000853e+00 1.587083614776269025e-01
6.719999999999998863e+00 1.591912100883626779e-01
6.730000000000000426e+00 1.597658465931879879e-01
6.740000000000001990e+00 1.604345718549713973e-01
6.750000000000000000e+00 1.611946503914633011e-01
6.760000000000001563e+00 1.620386246804043084e-01
6.769999999999999574e+00 1.629547897202829332e-01
6.780000000000001137e+00 1.639278034173484722e-01
6.789999999999999147e+00 1.649394038151299757e-01
6.800000000000000711e+00 1.659692009888086295e-01
6.809999999999998721e+00 1.669955096905920700e-01
6.820000000000000284e+00 1.679961885795591137e-01
6.830000000000001847e+00 1.689494530550276763e-01
6.839999999999999858e+00 1.698346312249749135e-01
6.850000000000001421e+00 1.706328362107006058e-01
6.859999999999999432e+00 1.713275325991164832e-01
6.870000000000000995e+00 1.719049801542555378e-01
6.879999999999999005e+00 1.723545436202375825e-01
6.890000000000000568e+00 1.726688633154718766e-01
6.899999999999998579e+00 1.728438869692243973e-01
6.910000000000000142e+00 1.728787686474839991e-01
6.920000000000001705e+00 1.727756454503953654e-01
6.929999999999999716e+00 1.725393067761311905e-01
6.940000000000001279e+00 1.721767742211736674e-01
6.949999999999999289e+00 1.716968125589300731e-01
6.960000000000000853e+00 1.711093936893958722e-01
6.969999999999998863e+00 1.704251360074159061e-01
6.980000000000000426e+00 1.696547413578185504e-01
6.990000000000001990e+00 1.688084507226429720e-01
7.000000000000000000e+00 1.678955381285768822e-01
7.010000000000001563e+00 1.669238600918013793e-01
7.019999999999999574e+00 1.658994753550044887e-01
7.030000000000001137e+00 1.648263468346908289e-01
7.039999999999999147e+00 1.637061346932138228e-01
7.050000000000000711e+00 1.625380863724974201e-01
7.059999999999998721e+00 1.613190263536373736e-01
7.070000000000000284e+00 1.600434454021150144e-01
7.080000000000001847e+00 1.587036861733804316e-01
7.089999999999999858e+00 1.572902193293229112e-01
7.100000000000001421e+00 1.557920017878820229e-01
7.109999999999999432e+00 1.541969064280649948e-01
7.120000000000000995e+00 1.524922105334181044e-01
7.129999999999999005e+00 1.506651285132123708e-01
7.140000000000000568e+00 1.487033730295389544e-01
7.150000000000002132e+00 1.465957276200019477e-01
7.160000000000000142e+00 1.443326132796383943e-01
7.170000000000001705e+00 1.419066312897186710e-01
7.179999999999999716e+00 1.393130648863340482e-01
7.190000000000001279e+00 1.365503231690505526e-01
7.199999999999999289e+00 1.336203119662440764e-01
7.210000000000000853e+00 1.305287181879774550e-01
7.219999999999998863e+00 1.272851964789449286e-01
7.230000000000000426e+00 1.239034496811151354e-01
7.240000000000001990e+00 1.204011976562337077e-01
7.250000000000000000e+00 1.168000323110572614e-01
7.260000000000001563e+00 1.131251601069983431e-01
7.269999999999999574e+00 1.094050368034584358e-01
7.280000000000001137e+00 1.056709025578851657e-01
7.289999999999999147e+00 1.019562286634788928e-01
7.300000000000000711e+00 9.829609003136413614e-02
7.309999999999998721e+00 9.472647991433796877e-02
7.320000000000000284e+00 9.128358523654778178e-02
7.330000000000001847e+00 8.800304217150056729e-02
7.339999999999999858e+00 8.491919225617695910e-02
7.350000000000001421e+00 8.206435932349012696e-02
7.359999999999999432e+00 7.946816688494726111e-02
7.370000000000000995e+00 7.715691433000437804e-02
7.379999999999999005e+00 7.515302847969938804e-02
7.390000000000000568e+00 7.347460470938707577e-02
7.400000000000002132e+00 7.213504912400862945e-02
7.410000000000000142e+00 7.114283022542768065e-02
7.420000000000001705e+00 7.050134525895360160e-02
7.429999999999999716e+00 7.020890307268579100e-02
7.440000000000001279e+00 7.025882197653834926e-02
7.449999999999999289e+00 7.063963785242999283e-02
7.460000000000000853e+00 7.133541474181463726e-02
7.469999999999998863e+00 7.232614741162796124e-02
7.480000000000000426e+00 7.358824305407685173e-02
7.490000000000001990e+00 7.509506737583676594e-02
7.500000000000000000e+00 7.681753892991194377e-02
7.510000000000001563e+00 7.872475467419701167e-02
7.519999999999999574e+00 8.078462942299896588e-02
7.530000000000001137e+00 8.296453209166816667e-02
7.539999999999999147e+00 8.523190240172501264e-02
7.550000000000000711e+00 8.755483297813995702e-02
7.559999999999998721e+00 8.990260347769041260e-02
7.570000000000000284e+00 9.224615546811271161e-02
7.580000000000001847e+00 9.455849914871210238e-02
7.589999999999999858e+00 9.681504557079481654e-02
7.600000000000001421e+00 9.899386068024343399e-02
7.609999999999999432e+00 1.010758401620867192e-01
7.620000000000000995e+00 1.030448066173133281e-01
7.629999999999999005e+00 1.048875329513758448e-01
7.640000000000000568e+00 1.065936979191789702e-01
7.650000000000002132e+00 1.081557814849481575e-01
7.660000000000000142e+00 1.095689089679342670e-01
7.670000000000001705e+00 1.108306538272231523e-01
7.679999999999999716e+00 1.119408093833656886e-01
7.690000000000001279e+00 1.129011397944712503e-01
7.699999999999999289e+00 1.137151202326073252e-01
7.710000000000000853e+00 1.143876754924986472e-01
7.719999999999998863e+00 1.149249252711440350e-01
7.730000000000000426e+00 1.153339431554001315e-01
7.740000000000001990e+00 1.156225350197821466e-01
7.750000000000000000e+00 1.157990411428568289e-01
7.760000000000001563e+00 1.158721649661896141e-01
7.769999999999999574e+00 1.158508301042678323e-01
7.780000000000001137e+00 1.157440660143620459e-01
7.789999999999999147e+00 1.155609216853071275e-01
7.800000000000000711e+00 1.153104058226835094e-01
7.809999999999998721e+00 1.150014513001726413e-01
7.820000000000000284e+00 1.146429011062893022e-01
7.830000000000001847e+00 1.142435126263119383e-01
7.839999999999999858e+00 1.138119768389486419e-01
7.850000000000001421e+00 1.133569488514212242e-01
7.859999999999999432e+00 1.128870861213044363e-01
7.870000000000000995e+00 1.124110906985255481e-01
7.879999999999999005e+00 1.119377518524536236e-01
7.890000000000000568e+00 1.114759855205827432e-01
7.900000000000002132e+00 1.110348671286095767e-01
7.910000000000000142e+00 1.106236544957555357e-01
7.920000000000001705e+00 1.102517977689692341e-01
7.929999999999999716e+00 1.099289336436260756e-01
7.940000000000001279e+00 1.096648615456310011e-01
7.949999999999999289e+00 1.094694999870243213e-01
7.960000000000000853e+00 1.093528219751632169e-01
7.969999999999998863e+00 1.093247691568169089e-01
7.980000000000000426e+00 1.093951453049231415e-01
7.990000000000001990e+00 1.095734907873420066e-01
8.000000000000000000e+00 1.098689407615056624e-01
8.010000000000001563e+00 1.102900709727707568e-01
8.019999999999999574e+00 1.108447361442089912e-01
8.030000000000001137e+00 1.115399069711796309e-01
8.039999999999999147e+00 1.123815126113195673e-01
8.050000000000000711e+00 1.133742962258304510e-01
8.059999999999998721e+00 1.145216915216214493e-01
8.070000000000000284e+00 1.158257283148126926e-01
8.080000000000001847e+00 1.172869748448949062e-01
8.089999999999999858e+00 1.189045238911131952e-01
8.100000000000001421e+00 1.206760286710047980e-01
8.109999999999999432e+00 1.225977930467119087e-01
8.120000000000000995e+00 1.246649187577918982e-01
8.129999999999999005e+00 1.268715102880932921e-01
8.140000000000000568e+00 1.292109356242775453e-01
8.150000000000002132e+00 1.316761386545970969e-01
8.160000000000000142e+00 1.342599963806263008e-01
8.170000000000001705e+00 1.369557115720982376e-01
8.179999999999999716e+00 1.397572290913942084e-01
8.190000000000001279e+00 1.426596619562732204e-01
8.199999999999999289e+00 1.456597114012027072e-01
8.210000000000000853e+00 1.487560638372519561e-01
8.219999999999998863e+00 1.519497467857529038e-01
8.230000000000000426e+00 1.552444256468089590e-01
8.240000000000001990e+00 1.586466236181474088e-01
8.250000000000000000e+00 1.621658482416751257e-01
8.260000000000001563e+00 1.658146099404962659e-01
8.269999999999999574e+00 1.696083205098967706e-01
8.280000000000001137e+00 1.735650628068781121e-01
8.289999999999999147e+00 1.777052267810455000e-01
8.300000000000000711e+00 1.820510114135137081e-01
8.309999999999998721e+00 1.866257969594344868e-01
8.320000000000000284e+00 1.914533969767927835e-01
8.330000000000001847e+00 1.965572047971200775e-01
8.339999999999999858e+00 2.019592541610097935e-01
8.350000000000001421e+00 2.076792184957185761e-01
8.359999999999999432e+00 2.137333775396136892e-01
8.370000000000000995e+00 2.201335835056777990e-01
8.379999999999999005e+00 2.268862615211146294e-01
8.390000000000000568e+00 2.339914805018271926e-01
8.400000000000002132e+00 2.414421307699219366e-01
8.410000000000000142e+00 2.492232434939157248e-01
8.420000000000001705e+00 2.573114843706382771e-01
8.429999999999999716e+00 2.656748498812083747e-01
8.440000000000001279e+00 2.742725890121659460e-01
8.449999999999999289e+00 2.830553666751138842e-01
8.460000000000000853e+00 2.919656773894973023e-01
8.469999999999998863e+00 3.009385093785275078e-01
8.480000000000000426e+00 3.099022503864181655e-01
8.490000000000001990e+00 3.187798176125258842e-01
8.500000000000000000e+00 3.274899855561620443e-01
8.510000000000001563e+00 3.359488776599532378e-01
8.519999999999999574e+00 3.440715808011391985e-01
8.530000000000001137e+00 3.517738362451549028e-01
8.539999999999999147e+00 3.589737569256500338e-01
8.550000000000000711e+00 3.655935190605399399e-01
8.559999999999998721e+00 3.715609762790068604e-01
8.570000000000000284e+00 3.768111466503948348e-01
8.580000000000001847e+00 3.812875272031170937e-01
8.589999999999999858e+00 3.849431965341861828e-01
8.600000000000001421e+00 3.877416736802122843e-01
8.609999999999999432e+00 3.896575102141294211e-01
8.620000000000000995e+00 3.906766021528114141e-01
8.629999999999999005e+00 3.907962182739310730e-01
8.640000000000000568e+00 3.900247513950840794e-01
8.650000000000002132e+00 3.883812086215938653e-01
8.660000000000000142e+00 3.858944651118119129e-01
8.670000000000001705e+00 3.826023131844130676e-01
8.679999999999999716e+00 3.785503443184871086e-01
8.690000000000001279e+00 3.737907055776401588e-01
8.699999999999999289e+00 3.683807741223752430e-01
8.710000000000000853e+00 3.623817937557911040e-01
8.719999999999998863e+00 3.558575159652277442e-01
8.730000000000000426e+00 3.488728848495865065e-01
8.740000000000001990e+00 3.414928009026452216e-01
8.750000000000000000e+00 3.337809931526980467e-01
8.760000000000001563e+00 3.257990229681397287e-01
8.769999999999999574e+00 3.176054362684193055e-01
8.780000000000001137e+00 3.092550742633284888e-01
8.789999999999999147e+00 3.007985464876757331e-01
8.800000000000000711e+00 2.922818640665252321e-01
8.809999999999998721e+00 2.837462260490651866e-01
8.820000000000000284e+00 2.752279474346920329e-01
8.830000000000001847e+00 2.667585142683972510e-01
8.839999999999999858e+00 2.583647489254669583e-01
8.850000000000001421e+00 2.500690674041369244e-01
8.859999999999999432e+00 2.418898100167419241e-01
8.870000000000000995e+00 2.338416271966669013e-01
8.879999999999999005e+00 2.259359030781557809e-01
8.890000000000000568e+00 2.181812009048264278e-01
8.900000000000002132e+00 2.105837160288528409e-01
8.910000000000000142e+00 2.031477241343450091e-01
8.920000000000001705e+00 1.958760142342979571e-01
8.929999999999999716e+00 1.887702978532318498e-01
8.940000000000001279e+00 1.818315875477743149e-01
8.949999999999999289e+00 1.750605394930429548e-01
8.960000000000000853e+00 1.684577562559081698e-01
8.969999999999998863e+00 1.620240470908873576e-01
8.980000000000000426e+00 1.557606441481244330e-01
8.990000000000001990e+00 1.496693739032924075e-01
9.000000000000000000e+00 1.437527839355975390e-01
9.010000000000001563e+00 1.380142259202280786e-01
9.019999999999999574e+00 1.324578963860170155e-01
9.030000000000001137e+00 1.270888374293266398e-01
9.039999999999999147e+00 1.219129001727641548e-01
9.050000000000000711e+00 1.169366743036436007e-01
9.059999999999998721e+00 1.121673875068001369e-01
9.070000000000000284e+00 1.076127789986882910e-01
9.080000000000001847e+00 1.032809516540895978e-01
9.089999999999999858e+00 9.918020737473148829e-02
9.100000000000001421e+00 9.531887036949412972e-02
9.109999999999999432e+00 9.170510289600264375e-02
9.120000000000000995e+00 8.834671776159970513e-02
9.129999999999999005e+00 8.525099151742152048e-02
9.140000000000000568e+00 8.242448183152349672e-02
9.150000000000002132e+00 7.987285203288843616e-02
9.160000000000000142e+00 7.760070531857396481e-02
9.170000000000001705e+00 7.561143065294897991e-02
9.179999999999999716e+00 7.390706199832722256e-02
9.190000000000001279e+00 7.248815222994903218e-02
9.199999999999999289e+00 7.135366292346248529e-02
9.210000000000000853e+00 7.050087116405256982e-02
9.219999999999998863e+00 6.992529460278551490e-02
9.230000000000000426e+00 6.962063615227229163e-02
9.240000000000001990e+00 6.957874993254710427e-02
9.250000000000000000e+00 6.978963030129234357e-02
9.260000000000001563e+00 7.024142597706256597e-02
9.269999999999999574e+00 7.092048133608765126e-02
9.280000000000001137e+00 7.181140688338324973e-02
9.289999999999999147e+00 7.289718062766634143e-02
9.300000000000000711e+00 7.415928160146205428e-02
9.309999999999998721e+00 7.557785605459177436e-02
9.320000000000000284e+00 7.713191592221234349e-02
9.330000000000001847e+00 7.879956805859526792e-02
9.339999999999999858e+00 8.055827148443615859e-02
9.350000000000001421e+00 8.238511858371574959e-02
9.359999999999999432e+00 8.425713488266901863e-02
9.370000000000000995e+00 8.615159083116744054e-02
9.379999999999999005e+00 8.804631796896872364e-02
9.390000000000000568e+00 8.992002107358122720e-02
9.400000000000002132e+00 9.175257741895583019e-02
9.410000000000000142e+00 9.352531417475551390e-02
9.420000000000001705e+00 9.522125527382466204e-02
9.429999999999999716e+00 9.682532977735683333e-02
9.440000000000001279e+00 9.832453485599401688e-02
9.449999999999999289e+00 9.970804794048550301e-02
9.460000000000000853e+00 1.009672843169084899e-01
9.469999999999998863e+00 1.020958983708147444e-01
9.480000000000000426e+00 1.030897287320143574e-01
9.490000000000001990e+00 1.039466896399146995e-01
9.500000000000000000e+00 1.046666128404296348e-01
9.510000000000001563e+00 1.052510461458939228e-01
9.519999999999999574e+00 1.057030163555548880e-01
9.530000000000001137e+00 1.060267654766695045e-01
9.539999999999999147e+00 1.062274700532446908e-01
9.550000000000000711e+00 1.063109538691904554e-01
9.559999999999998721e+00 1.062834043339593998e-01
9.570000000000000284e+00 1.061511024909685963e-01
9.580000000000001847e+00 1.059201758404881705e-01
9.589999999999999858e+00 1.055963820839373041e-01
9.600000000000001421e+00 1.051849305335864904e-01
9.609999999999999432e+00 1.046903463578876814e-01
9.620000000000000995e+00 1.041163811208856427e-01
9.629999999999999005e+00 1.034659712987391900e-01
9.640000000000000568e+00 1.027412446893328224e-01
9.650000000000002132e+00 1.019435729388472045e-01
9.660000000000000142e+00 1.010736668502085905e-01
9.670000000000001705e+00 1.001317097606371775e-01
9.679999999999999716e+00 9.911752311560964590e-02
9.690000000000001279e+00 9.803075744904705957e-02
9.699999999999999289e+00 9.687110131736786922e-02
9.710000000000000853e+00 9.563850033017390340e-02
9.719999999999998863e+00 9.433337826538543136e-02
9.730000000000000426e+00 9.295685233635259115e-02
9.740000000000001990e+00 9.151093497201584492e-02
9.750000000000000000e+00 8.999871495388468701e-02
9.760000000000001563e+00 8.842451139921364556e-02
9.769999999999999574e+00 8.679399486195621405e-02
9.780000000000001137e+00 8.511427071699653735e-02
9.789999999999999147e+00 8.339392097640649371e-02
9.800000000000000711e+00 8.164300173932352578e-02
9.809999999999998721e+00 7.987299458286978293e-02
9.820000000000000284e+00 7.809671134575627005e-02
9.830000000000001847e+00 7.632815292601079216e-02
9.839999999999999858e+00 7.458232389677320329e-02
9.850000000000001421e+00 7.287500592567609792e-02
9.859999999999999432e+00 7.122249414775569387e-02
9.870000000000000995e+00 6.964130176948252204e-02
9.879999999999999005e+00 6.814783924853365371e-02
9.890000000000000568e+00 6.675807537173204798e-02
9.900000000000002132e+00 6.548718840952778841e-02
9.910000000000000142e+00 6.434921622321575219e-02
9.920000000000001705e+00 6.335671470295239915e-02
9.929999999999999716e+00 6.252043418288083521e-02
9.940000000000001279e+00 6.184902347962289298e-02
9.949999999999999289e+00 6.134877090318588411e-02
9.960000000000000853e+00 6.102339097466456114e-02
9.969999999999998863e+00 6.087386464428749117e-02
9.980000000000000426e+00 6.089833954123168025e-02
9.990000000000001990e+00 6.109209522359058259e-02
1.000000000000000000e+01 6.144757656940845469e-02
