# Energy - EF (eV)   s-PDOS (avg over atoms)
-1.000000000000000000e+01 6.684184560831842037e-02
-9.990000000000000213e+00 6.672847131646560126e-02
-9.980000000000000426e+00 6.665275127180136927e-02
-9.970000000000000639e+00 6.661717605232325701e-02
-9.960000000000000853e+00 6.662456956297251043e-02
-9.949999999999999289e+00 6.667799781890523803e-02
-9.939999999999999503e+00 6.678064732226736411e-02
-9.929999999999999716e+00 6.693567660400687180e-02
-9.919999999999999929e+00 6.714604600079476793e-02
-9.910000000000000142e+00 6.741433205232387482e-02
-9.900000000000000355e+00 6.774253396512662506e-02
-9.890000000000000568e+00 6.813188033681460976e-02
-9.880000000000000782e+00 6.858264472600075767e-02
-9.869999999999999218e+00 6.909397866268926491e-02
-9.859999999999999432e+00 6.966377031532464126e-02
-9.849999999999999645e+00 7.028853627700248907e-02
-9.839999999999999858e+00 7.096335283592056231e-02
-9.830000000000000071e+00 7.168183170173672569e-02
-9.820000000000000284e+00 7.243614353136870743e-02
-9.810000000000000497e+00 7.321709080628711896e-02
-9.800000000000000711e+00 7.401422973609478317e-02
-9.789999999999999147e+00 7.481603897996405572e-02
-9.779999999999999361e+00 7.561013116649833998e-02
-9.769999999999999574e+00 7.638350152679185268e-02
-9.759999999999999787e+00 7.712280649968117352e-02
-9.750000000000000000e+00 7.781466397665789958e-02
-9.740000000000000213e+00 7.844596596860517468e-02
-9.730000000000000426e+00 7.900419392621349512e-02
-9.720000000000000639e+00 7.947772674588585162e-02
-9.710000000000000853e+00 7.985613164523958085e-02
-9.699999999999999289e+00 8.013042858661791057e-02
-9.689999999999999503e+00 8.029331974174658271e-02
-9.679999999999999716e+00 8.033937659433720846e-02
-9.669999999999999929e+00 8.026517863021770394e-02
-9.660000000000000142e+00 8.006939911984187197e-02
-9.650000000000000355e+00 7.975283520391976411e-02
-9.640000000000000568e+00 7.931838129383025904e-02
-9.630000000000000782e+00 7.877094663655956341e-02
-9.619999999999999218e+00 7.811731971045363099e-02
-9.609999999999999432e+00 7.736598385495410679e-02
-9.599999999999999645e+00 7.652689013855770717e-02
-9.589999999999999858e+00 7.561119488181089476e-02
-9.580000000000000071e+00 7.463097042838309769e-02
-9.570000000000000284e+00 7.359889865570742873e-02
-9.560000000000000497e+00 7.252795730361331905e-02
-9.550000000000000711e+00 7.143110945018354974e-02
-9.539999999999999147e+00 7.032100636433698260e-02
-9.529999999999999361e+00 6.920971351109068970e-02
-9.519999999999999574e+00 6.810846868648864905e-02
-9.509999999999999787e+00 6.702748013511022895e-02
-9.500000000000000000e+00 6.597577108580651717e-02
-9.490000000000000213e+00 6.496107547377644176e-02
-9.480000000000000426e+00 6.398978775201046021e-02
-9.470000000000000639e+00 6.306696769352898579e-02
-9.460000000000000853e+00 6.219639901517598490e-02
-9.449999999999999289e+00 6.138069858568359627e-02
-9.439999999999999503e+00 6.062147098890480895e-02
-9.429999999999999716e+00 5.991950137054732894e-02
-9.419999999999999929e+00 5.927497787347699165e-02
-9.410000000000000142e+00 5.868773362727746495e-02
-9.400000000000000355e+00 5.815749725921266766e-02
-9.390000000000000568e+00 5.768414028319825138e-02
-9.380000000000000782e+00 5.726790953644315257e-02
-9.369999999999999218e+00 5.690963309247656920e-02
-9.359999999999999432e+00 5.661088879229637244e-02
-9.349999999999999645e+00 5.637412569491975778e-02
-9.339999999999999858e+00 5.620273033127863582e-02
-9.330000000000000071e+00 5.610103161160878704e-02
-9.320000000000000284e+00 5.607424053082697701e-02
-9.310000000000000497e+00 5.612832336841500069e-02
-9.300000000000000711e+00 5.626980980493929280e-02
-9.289999999999999147e+00 5.650554018080580082e-02
-9.279999999999999361e+00 5.684235889948717479e-02
-9.269999999999999574e+00 5.728676361693068458e-02
-9.259999999999999787e+00 5.784452224907618567e-02
-9.250000000000000000e+00 5.852027186101188549e-02
-9.240000000000000213e+00 5.931711507237603237e-02
-9.230000000000000426e+00 6.023623063475574968e-02
-9.220000000000000639e+00 6.127651523599307593e-02
-9.210000000000000853e+00 6.243427331337585151e-02
-9.199999999999999289e+00 6.370297068843006061e-02
-9.189999999999999503e+00 6.507306617507553625e-02
-9.179999999999999716e+00 6.653193299555967832e-02
-9.169999999999999929e+00 6.806387893116210008e-02
-9.160000000000000142e+00 6.965027073335183783e-02
-9.150000000000000355e+00 7.126976454898015234e-02
-9.140000000000000568e+00 7.289864011585109327e-02
-9.130000000000000782e+00 7.451123242481899611e-02
-9.119999999999999218e+00 7.608045059300919122e-02
-9.109999999999999432e+00 7.757837002281706140e-02
-9.099999999999999645e+00 7.897688069886389661e-02
-9.089999999999999858e+00 8.024837185032329678e-02
-9.080000000000000071e+00 8.136643130574944260e-02
-9.070000000000000284e+00 8.230653678798560691e-02
-9.060000000000000497e+00 8.304671619825453044e-02
-9.050000000000000711e+00 8.356815464183389719e-02
-9.039999999999999147e+00 8.385572753228220932e-02
-9.029999999999999361e+00 8.389844151586151044e-02
-9.019999999999999574e+00 8.368976808364020359e-02
-9.009999999999999787e+00 8.322785845380722969e-02
-9.000000000000000000e+00 8.251563245270804314e-02
-8.990000000000000213e+00 8.156073852341577668e-02
-8.980000000000000426e+00 8.037538645927201630e-02
-8.970000000000000639e+00 7.897605881070687839e-02
-8.960000000000000853e+00 7.738311096977502912e-02
-8.949999999999999289e+00 7.562027353877777414e-02
-8.939999999999999503e+00 7.371407360246301499e-02
-8.929999999999999716e+00 7.169319384356409586e-02
-8.919999999999999929e+00 6.958778999931519715e-02
-8.910000000000000142e+00 6.742878791887324530e-02
-8.900000000000000355e+00 6.524718145144453585e-02
-8.890000000000000568e+00 6.307335160974177068e-02
-8.879999999999999005e+00 6.093642598115794895e-02
-8.869999999999999218e+00 5.886369529315643723e-02
-8.859999999999999432e+00 5.688010149261177317e-02
-8.849999999999999645e+00 5.500780879664235457e-02
-8.839999999999999858e+00 5.326586604603845976e-02
-8.830000000000000071e+00 5.166996547215684660e-02
-8.820000000000000284e+00 5.023229979768188691e-02
-8.810000000000000497e+00 4.896151654261135522e-02
-8.800000000000000711e+00 4.786276559495646760e-02
-8.789999999999999147e+00 4.693783360802028515e-02
-8.779999999999999361e+00 4.618535665968931392e-02
-8.769999999999999574e+00 4.560110089049075610e-02
-8.759999999999999787e+00 4.517829954331926967e-02
-8.750000000000000000e+00 4.490803395806643172e-02
-8.740000000000000213e+00 4.477964561313621528e-02
-8.730000000000000426e+00 4.478116622504724198e-02
-8.720000000000000639e+00 4.489975318020367895e-02
-8.710000000000000853e+00 4.512211813700572893e-02
-8.699999999999999289e+00 4.543493745676392692e-02
-8.689999999999999503e+00 4.582523415348287860e-02
-8.679999999999999716e+00 4.628072225289835834e-02
-8.669999999999999929e+00 4.679010578145446908e-02
-8.660000000000000142e+00 4.734332603228683101e-02
-8.650000000000000355e+00 4.793175224890608432e-02
-8.640000000000000568e+00 4.854831240414776705e-02
-8.629999999999999005e+00 4.918756231203292445e-02
-8.619999999999999218e+00 4.984569287621378603e-02
-8.609999999999999432e+00 5.052047683467476846e-02
-8.599999999999999645e+00 5.121115789002560204e-02
-8.589999999999999858e+00 5.191828659990830458e-02
-8.580000000000000071e+00 5.264350882137952548e-02
-8.570000000000000284e+00 5.338931383111539253e-02
-8.560000000000000497e+00 5.415875044976566077e-02
-8.550000000000000711e+00 5.495512054911569355e-02
-8.539999999999999147e+00 5.578166017655777909e-02
-8.529999999999999361e+00 5.664121915217258663e-02
-8.519999999999999574e+00 5.753595033883619758e-02
-8.509999999999999787e+00 5.846701981711677210e-02
-8.500000000000000000e+00 5.943434888190760046e-02
-8.490000000000000213e+00 6.043639809322579742e-02
-8.480000000000000426e+00 6.147000254800740610e-02
-8.470000000000000639e+00 6.253026609667122759e-02
-8.460000000000000853e+00 6.361052042866718881e-02
-8.449999999999999289e+00 6.470235283491496125e-02
-8.439999999999999503e+00 6.579570408091392486e-02
-8.429999999999999716e+00 6.687903526965166545e-02
-8.419999999999999929e+00 6.793955993171096885e-02
-8.410000000000000142e+00 6.896353495740184525e-02
-8.400000000000000355e+00 6.993660149658123548e-02
-8.390000000000000568e+00 7.084416471280435834e-02
-8.379999999999999005e+00 7.167179940242807135e-02
-8.369999999999999218e+00 7.240566707864837248e-02
-8.359999999999999432e+00 7.303292926066562440e-02
-8.349999999999999645e+00 7.354214146189747003e-02
-8.339999999999999858e+00 7.392361277346648496e-02
-8.330000000000000071e+00 7.416971699409123653e-02
-8.320000000000000284e+00 7.427514293634480957e-02
-8.310000000000000497e+00 7.423707378089483555e-02
-8.300000000000000711e+00 7.405528806349562232e-02
-8.289999999999999147e+00 7.373217794681893866e-02
-8.279999999999999361e+00 7.327268371318323981e-02
-8.269999999999999574e+00 7.268414676440436428e-02
-8.259999999999999787e+00 7.197608667608572375e-02
-8.250000000000000000e+00 7.115991087410562799e-02
-8.240000000000000213e+00 7.024856814132891814e-02
-8.230000000000000426e+00 6.925615930282155719e-02
-8.220000000000000639e+00 6.819751998434453455e-02
-8.210000000000000853e+00 6.708779122881779189e-02
-8.199999999999999289e+00 6.594199395975074152e-02
-8.189999999999999503e+00 6.477462280492332636e-02
-8.179999999999999716e+00 6.359927367683468336e-02
-8.169999999999999929e+00 6.242831781779555056e-02
-8.160000000000000142e+00 6.127263285150232053e-02
-8.150000000000000355e+00 6.014139885326243162e-02
-8.140000000000000568e+00 5.904196468370938311e-02
-8.129999999999999005e+00 5.797978695681890726e-02
-8.119999999999999218e+00 5.695844116107315336e-02
-8.109999999999999432e+00 5.597970174272572097e-02
-8.099999999999999645e+00 5.504368549800799093e-02
-8.089999999999999858e+00 5.414905049382563035e-02
-8.080000000000000071e+00 5.329324100961978228e-02
-8.070000000000000284e+00 5.247276770929951151e-02
-8.060000000000000497e+00 5.168351143143473658e-02
-8.050000000000000711e+00 5.092103862674197262e-02
-8.039999999999999147e+00 5.018091655386278105e-02
-8.029999999999999361e+00 4.945901683131265214e-02
-8.019999999999999574e+00 4.875179678697789953e-02
-8.009999999999999787e+00 4.805654919012639081e-02
-8.000000000000000000e+00 4.737161233347043227e-02
-7.990000000000000213e+00 4.669653399209250377e-02
-7.980000000000000426e+00 4.603218446129232755e-02
-7.969999999999999751e+00 4.538081560967743844e-02
-7.959999999999999964e+00 4.474606462534072571e-02
-7.950000000000000178e+00 4.413290283602798458e-02
-7.939999999999999503e+00 4.354753160935201373e-02
-7.929999999999999716e+00 4.299722885296280994e-02
-7.919999999999999929e+00 4.249015100928411892e-02
-7.910000000000000142e+00 4.203509665194275075e-02
-7.900000000000000355e+00 4.164123882241959479e-02
-7.890000000000000568e+00 4.131783408027810828e-02
-7.879999999999999893e+00 4.107391686609600939e-02
-7.870000000000000107e+00 4.091798818321425169e-02
-7.859999999999999432e+00 4.085770778564098982e-02
-7.849999999999999645e+00 4.089959901089617461e-02
-7.839999999999999858e+00 4.104877511760476883e-02
-7.830000000000000071e+00 4.130869548148025788e-02
-7.820000000000000284e+00 4.168095927763897091e-02
-7.810000000000000497e+00 4.216514334452994839e-02
-7.799999999999999822e+00 4.275868980303254574e-02
-7.790000000000000036e+00 4.345684771681949943e-02
-7.779999999999999361e+00 4.425267165570184735e-02
-7.769999999999999574e+00 4.513707849624935126e-02
-7.759999999999999787e+00 4.609896220193276939e-02
-7.750000000000000000e+00 4.712536471038797359e-02
-7.740000000000000213e+00 4.820169946274169281e-02
-7.730000000000000426e+00 4.931202258503604441e-02
-7.719999999999999751e+00 5.043934532020945272e-02
-7.709999999999999964e+00 5.156598005460100165e-02
-7.699999999999999289e+00 5.267391122601434994e-02
-7.689999999999999503e+00 5.374518157661883899e-02
-7.679999999999999716e+00 5.476228365282223565e-02
-7.669999999999999929e+00 5.570854617770672895e-02
-7.660000000000000142e+00 5.656850494330740997e-02
-7.650000000000000355e+00 5.732824819443116393e-02
-7.640000000000000568e+00 5.797572709789182432e-02
-7.629999999999999893e+00 5.850102279642147018e-02
-7.620000000000000107e+00 5.889656271127548248e-02
-7.609999999999999432e+00 5.915728014913396171e-02
-7.599999999999999645e+00 5.928071284701341703e-02
-7.589999999999999858e+00 5.926703780664958898e-02
-7.580000000000000071e+00 5.911904157520701114e-02
-7.570000000000000284e+00 5.884202696674433603e-02
-7.560000000000000497e+00 5.844365903150914449e-02
-7.549999999999999822e+00 5.793375481093099300e-02
-7.540000000000000036e+00 5.732402301034381087e-02
-7.529999999999999361e+00 5.662776112815730289e-02
-7.519999999999999574e+00 5.585951875429223668e-02
-7.509999999999999787e+00 5.503473665433887552e-02
-7.500000000000000000e+00 5.416937185989072201e-02
-7.490000000000000213e+00 5.327951927034434154e-02
-7.480000000000000426e+00 5.238104022817510752e-02
-7.469999999999999751e+00 5.148920816026220093e-02
-7.459999999999999964e+00 5.061838069526742451e-02
-7.449999999999999289e+00 4.978170669513565239e-02
-7.439999999999999503e+00 4.899087541134163060e-02
-7.429999999999999716e+00 4.825591353643367276e-02
-7.419999999999999929e+00 4.758503431926418281e-02
-7.410000000000000142e+00 4.698454120445340332e-02
-7.400000000000000355e+00 4.645878670342885874e-02
-7.390000000000000568e+00 4.601018546775299811e-02
-7.379999999999999893e+00 4.563927887659176286e-02
-7.370000000000000107e+00 4.534484692707741599e-02
-7.359999999999999432e+00 4.512406188137650653e-02
-7.349999999999999645e+00 4.497267702205538092e-02
-7.339999999999999858e+00 4.488524303261992587e-02
-7.330000000000000071e+00 4.485534397635689008e-02
-7.320000000000000284e+00 4.487584460488499433e-02
-7.310000000000000497e+00 4.493914078637577247e-02
-7.299999999999999822e+00 4.503740518779425495e-02
-7.290000000000000036e+00 4.516282094949237991e-02
-7.279999999999999361e+00 4.530779691747535698e-02
-7.269999999999999574e+00 4.546515900377194608e-02
-7.259999999999999787e+00 4.562831337791401626e-02
-7.250000000000000000e+00 4.579137839894922152e-02
-7.240000000000000213e+00 4.594928342405193294e-02
-7.230000000000000426e+00 4.609783382594186130e-02
-7.219999999999999751e+00 4.623374267178186059e-02
-7.209999999999999964e+00 4.635463052356478264e-02
-7.199999999999999289e+00 4.645899568611368269e-02
-7.189999999999999503e+00 4.654615793585255984e-02
-7.179999999999999716e+00 4.661617930397468634e-02
-7.169999999999999929e+00 4.666976586380185837e-02
-7.160000000000000142e+00 4.670815469468724002e-02
-7.150000000000000355e+00 4.673299028099360541e-02
-7.140000000000000568e+00 4.674619457597599392e-02
-7.129999999999999893e+00 4.674983484010611368e-02
-7.120000000000000107e+00 4.674599317417409139e-02
-7.109999999999999432e+00 4.673664142929528920e-02
-7.099999999999999645e+00 4.672352490416999127e-02
-7.089999999999999858e+00 4.670805794447135950e-02
-7.080000000000000071e+00 4.669123424402166211e-02
-7.070000000000000284e+00 4.667355431082544082e-02
-7.060000000000000497e+00 4.665497219690003389e-02
-7.049999999999999822e+00 4.663486319009518127e-02
-7.040000000000000036e+00 4.661201371875545174e-02
-7.029999999999999361e+00 4.658463421750463906e-02
-7.019999999999999574e+00 4.655039513947799301e-02
-7.009999999999999787e+00 4.650648567726263505e-02
-7.000000000000000000e+00 4.644969407871800404e-02
-6.990000000000000213e+00 4.637650772942396998e-02
-6.980000000000000426e+00 4.628323044303155054e-02
-6.969999999999999751e+00 4.616611368338452426e-02
-6.959999999999999964e+00 4.602149777233066619e-02
-6.949999999999999289e+00 4.584595855215391202e-02
-6.939999999999999503e+00 4.563645450948934645e-02
-6.929999999999999716e+00 4.539046906395392822e-02
-6.919999999999999929e+00 4.510614260972929668e-02
-6.910000000000000142e+00 4.478238899417355534e-02
-6.900000000000000355e+00 4.441899143628660201e-02
-6.890000000000000568e+00 4.401667342992507392e-02
-6.879999999999999893e+00 4.357714093015804813e-02
-6.870000000000000107e+00 4.310309306201321605e-02
-6.859999999999999432e+00 4.259819968393548095e-02
-6.849999999999999645e+00 4.206704533913940836e-02
-6.839999999999999858e+00 4.151504038546332404e-02
-6.830000000000000071e+00 4.094830135323894449e-02
-6.820000000000000284e+00 4.037350378526460837e-02
-6.810000000000000497e+00 3.979771190983637241e-02
-6.799999999999999822e+00 3.922819043891200008e-02
-6.790000000000000036e+00 3.867220452865477442e-02
-6.779999999999999361e+00 3.813681445835985506e-02
-6.769999999999999574e+00 3.762867185660137559e-02
-6.759999999999999787e+00 3.715382432231414955e-02
-6.750000000000000000e+00 3.671753505667974676e-02
-6.740000000000000213e+00 3.632412365279792665e-02
-6.730000000000000426e+00 3.597683350699047711e-02
-6.719999999999999751e+00 3.567773044839001734e-02
-6.709999999999999964e+00 3.542763616788511399e-02
-6.699999999999999289e+00 3.522609890269071120e-02
-6.689999999999999503e+00 3.507140263956103066e-02
-6.679999999999999716e+00 3.496061487862812955e-02
-6.669999999999999929e+00 3.488967179017803122e-02
-6.660000000000000142e+00 3.485349843486464788e-02
-6.650000000000000355e+00 3.484616063698024735e-02
-6.640000000000000568e+00 3.486104412957215237e-02
-6.629999999999999893e+00 3.489105575434776896e-02
-6.620000000000000107e+00 3.492884081906835053e-02
-6.609999999999999432e+00 3.496701020683627703e-02
-6.599999999999999645e+00 3.499837050741901046e-02
-6.589999999999999858e+00 3.501615030838709647e-02
-6.580000000000000071e+00 3.501421584698012623e-02
-6.570000000000000284e+00 3.498726948151396898e-02
-6.560000000000000497e+00 3.493102488858267768e-02
-6.549999999999999822e+00 3.484235351943484882e-02
-6.540000000000000036e+00 3.471939764110161530e-02
-6.529999999999999361e+00 3.456164622572452383e-02
-6.519999999999999574e+00 3.436997101098920177e-02
-6.509999999999999787e+00 3.414662120715116628e-02
-6.500000000000000000e+00 3.389517653950703535e-02
-6.490000000000000213e+00 3.362045955387832352e-02
-6.480000000000000426e+00 3.332840933917252668e-02
-6.469999999999999751e+00 3.302591999687691515e-02
-6.459999999999999964e+00 3.272064827435007539e-02
-6.449999999999999289e+00 3.242079574078284704e-02
-6.439999999999999503e+00 3.213487168879417682e-02
-6.429999999999999716e+00 3.187144356258377054e-02
-6.419999999999999929e+00 3.163888212311096598e-02
-6.410000000000000142e+00 3.144510874659232208e-02
-6.400000000000000355e+00 3.129735220712685784e-02
-6.390000000000000568e+00 3.120192201803944146e-02
-6.379999999999999893e+00 3.116400490839546511e-02
-6.370000000000000107e+00 3.118749030788363005e-02
-6.359999999999999432e+00 3.127482982905642472e-02
-6.349999999999999645e+00 3.142693470137596090e-02
-6.339999999999999858e+00 3.164311396250849701e-02
-6.330000000000000071e+00 3.192105498854574952e-02
-6.320000000000000284e+00 3.225684668828983359e-02
-6.310000000000000497e+00 3.264504444001134487e-02
-6.299999999999999822e+00 3.307877465372955489e-02
-6.290000000000000036e+00 3.354987573695977776e-02
-6.279999999999999361e+00 3.404907126179432253e-02
-6.269999999999999574e+00 3.456617030546142028e-02
-6.259999999999999787e+00 3.509028928803989422e-02
-6.250000000000000000e+00 3.561008917546089336e-02
-6.240000000000000213e+00 3.611402166136488956e-02
-6.230000000000000426e+00 3.659057788814525092e-02
-6.219999999999999751e+00 3.702853340850954800e-02
-6.209999999999999964e+00 3.741718341019403815e-02
-6.199999999999999289e+00 3.774656270819388981e-02
-6.189999999999999503e+00 3.800764562632313187e-02
-6.179999999999999716e+00 3.819252161492248804e-02
-6.169999999999999929e+00 3.829454325384651359e-02
-6.160000000000000142e+00 3.830844413866288378e-02
-6.150000000000000355e+00 3.823042501326437415e-02
-6.140000000000000568e+00 3.805820736589361070e-02
-6.129999999999999893e+00 3.779105452311368185e-02
-6.120000000000000107e+00 3.742976103668153864e-02
-6.109999999999999432e+00 3.697661184519100697e-02
-6.099999999999999645e+00 3.643531329400541419e-02
-6.089999999999999858e+00 3.581089860616699233e-02
-6.080000000000000071e+00 3.510961081059899014e-02
-6.070000000000000284e+00 3.433876645248408466e-02
-6.060000000000000497e+00 3.350660363749961845e-02
-6.049999999999999822e+00 3.262211810185591809e-02
-6.040000000000000036e+00 3.169489106020223490e-02
-6.029999999999999361e+00 3.073491257018293871e-02
-6.019999999999999574e+00 2.975240407228384176e-02
-6.009999999999999787e+00 2.875764362245981920e-02
-6.000000000000000000e+00 2.776079713792831832e-02
-5.990000000000000213e+00 2.677175872762132397e-02
-5.979999999999999538e+00 2.580000288172171891e-02
-5.969999999999999751e+00 2.485445095284380401e-02
-5.959999999999999964e+00 2.394335397842181634e-02
-5.950000000000000178e+00 2.307419347424573622e-02
-5.939999999999999503e+00 2.225360137864125509e-02
-5.929999999999999716e+00 2.148729985308271001e-02
-5.919999999999999929e+00 2.078006115754639505e-02
-5.910000000000000142e+00 2.013568732913414983e-02
-5.900000000000000355e+00 1.955700891365157179e-02
-5.889999999999999680e+00 1.904590154646155012e-02
-5.879999999999999893e+00 1.860331876624206002e-02
-5.870000000000000107e+00 1.822933908826832733e-02
-5.860000000000000320e+00 1.792322507641865709e-02
-5.849999999999999645e+00 1.768349194709209482e-02
-5.839999999999999858e+00 1.750798312248579014e-02
-5.830000000000000071e+00 1.739395013032433296e-02
-5.820000000000000284e+00 1.733813432298515755e-02
-5.809999999999999609e+00 1.733684805726076403e-02
-5.799999999999999822e+00 1.738605322840071007e-02
-5.790000000000000036e+00 1.748143537598988162e-02
-5.780000000000000249e+00 1.761847195840995570e-02
-5.769999999999999574e+00 1.779249380809572872e-02
-5.759999999999999787e+00 1.799873921083271905e-02
-5.750000000000000000e+00 1.823240047772736044e-02
-5.740000000000000213e+00 1.848866327768906859e-02
-5.729999999999999538e+00 1.876273935263576484e-02
-5.719999999999999751e+00 1.904989353137758606e-02
-5.709999999999999964e+00 1.934546617915798919e-02
-5.700000000000000178e+00 1.964489236028075375e-02
-5.689999999999999503e+00 1.994371904778573928e-02
-5.679999999999999716e+00 2.023762168789164026e-02
-5.669999999999999929e+00 2.052242132321653936e-02
-5.660000000000000142e+00 2.079410330657177966e-02
-5.649999999999999467e+00 2.104883840828471187e-02
-5.639999999999999680e+00 2.128300684851148344e-02
-5.629999999999999893e+00 2.149322548704918692e-02
-5.620000000000000107e+00 2.167637809230563498e-02
-5.610000000000000320e+00 2.182964830349386903e-02
-5.599999999999999645e+00 2.195055460988847712e-02
-5.589999999999999858e+00 2.203698641066185321e-02
-5.580000000000000071e+00 2.208723999906774677e-02
-5.570000000000000284e+00 2.210005314412909205e-02
-5.559999999999999609e+00 2.207463682794549853e-02
-5.549999999999999822e+00 2.201070264158206530e-02
-5.540000000000000036e+00 2.190848434953889673e-02
-5.530000000000000249e+00 2.176875220243841558e-02
-5.519999999999999574e+00 2.159281870842855861e-02
-5.509999999999999787e+00 2.138253476280928961e-02
-5.500000000000000000e+00 2.114027527781531940e-02
-5.490000000000000213e+00 2.086891374397052690e-02
-5.479999999999999538e+00 2.057178548296539899e-02
-5.469999999999999751e+00 2.025263970998522622e-02
-5.459999999999999964e+00 1.991558089965347195e-02
-5.450000000000000178e+00 1.956500033165288477e-02
-5.439999999999999503e+00 1.920549906586279179e-02
-5.429999999999999716e+00 1.884180394791425822e-02
-5.419999999999999929e+00 1.847867855951228558e-02
-5.410000000000000142e+00 1.812083128912451296e-02
-5.399999999999999467e+00 1.777282289414014796e-02
-5.389999999999999680e+00 1.743897604364384041e-02
-5.379999999999999893e+00 1.712328936240093205e-02
-5.370000000000000107e+00 1.682935843572844897e-02
-5.360000000000000320e+00 1.656030607975655933e-02
-5.349999999999999645e+00 1.631872393465313986e-02
-5.339999999999999858e+00 1.610662710667955244e-02
-5.330000000000000071e+00 1.592542317989146042e-02
-5.320000000000000284e+00 1.577589645535430740e-02
-5.309999999999999609e+00 1.565820777374395817e-02
-5.299999999999999822e+00 1.557190975743857203e-02
-5.290000000000000036e+00 1.551597679330711695e-02
-5.280000000000000249e+00 1.548884859007701453e-02
-5.269999999999999574e+00 1.548848570593135479e-02
-5.259999999999999787e+00 1.551243507190359742e-02
-5.250000000000000000e+00 1.555790325020461190e-02
-5.240000000000000213e+00 1.562183497488195058e-02
-5.229999999999999538e+00 1.570099443117211821e-02
-5.219999999999999751e+00 1.579204674024465779e-02
-5.209999999999999964e+00 1.589163722320136030e-02
-5.200000000000000178e+00 1.599646621284184569e-02
-5.189999999999999503e+00 1.610335745045148731e-02
-5.179999999999999716e+00 1.620931843127474889e-02
-5.169999999999999929e+00 1.631159142810979443e-02
-5.160000000000000142e+00 1.640769430867706352e-02
-5.149999999999999467e+00 1.649545065077684391e-02
-5.139999999999999680e+00 1.657300903318149887e-02
-5.129999999999999893e+00 1.663885172577370467e-02
-5.120000000000000107e+00 1.669179330898853258e-02
-5.110000000000000320e+00 1.673097001310288462e-02
-5.099999999999999645e+00 1.675582077892023847e-02
-5.089999999999999858e+00 1.676606120281907975e-02
-5.080000000000000071e+00 1.676165164362940566e-02
-5.070000000000000284e+00 1.674276084102628570e-02
-5.059999999999999609e+00 1.670972643086769682e-02
-5.049999999999999822e+00 1.666301374817958508e-02
-5.040000000000000036e+00 1.660317428874822504e-02
-5.030000000000000249e+00 1.653080515973297943e-02
-5.019999999999999574e+00 1.644651079089914925e-02
-5.009999999999999787e+00 1.635086810169344290e-02
-5.000000000000000000e+00 1.624439622441078979e-02
-4.990000000000000213e+00 1.612753176774295999e-02
-4.979999999999999538e+00 1.600061046490704533e-02
-4.969999999999999751e+00 1.586385588316606768e-02
-4.959999999999999964e+00 1.571737567453129758e-02
-4.950000000000000178e+00 1.556116562005693468e-02
-4.939999999999999503e+00 1.539512146399503803e-02
-4.929999999999999716e+00 1.521905825359130826e-02
-4.919999999999999929e+00 1.503273660294710684e-02
-4.910000000000000142e+00 1.483589499564343106e-02
-4.899999999999999467e+00 1.462828694384984106e-02
-4.889999999999999680e+00 1.440972154654436392e-02
-4.879999999999999893e+00 1.418010575243060928e-02
-4.870000000000000107e+00 1.393948645031136205e-02
-4.860000000000000320e+00 1.368809039598879035e-02
-4.849999999999999645e+00 1.342635995271860075e-02
-4.839999999999999858e+00 1.315498268083174424e-02
-4.830000000000000071e+00 1.287491296590677695e-02
-4.820000000000000284e+00 1.258738412331035159e-02
-4.809999999999999609e+00 1.229390975410318831e-02
-4.799999999999999822e+00 1.199627354196371870e-02
-4.790000000000000036e+00 1.169650715666571868e-02
-4.780000000000000249e+00 1.139685644628831568e-02
-4.769999999999999574e+00 1.109973663404798319e-02
-4.759999999999999787e+00 1.080767776077919129e-02
-4.750000000000000000e+00 1.052326210443596706e-02
-4.740000000000000213e+00 1.024905573821139650e-02
-4.729999999999999538e+00 9.987536735934547660e-03
-4.719999999999999751e+00 9.741022777862810844e-03
-4.709999999999999964e+00 9.511601037083036031e-03
-4.700000000000000178e+00 9.301063227248577633e-03
-4.689999999999999503e+00 9.110848563165905786e-03
-4.679999999999999716e+00 8.941997129964591312e-03
-4.669999999999999929e+00 8.795115783585128258e-03
-4.660000000000000142e+00 8.670358230217852999e-03
-4.649999999999999467e+00 8.567420375290651924e-03
-4.639999999999999680e+00 8.485551417894393600e-03
-4.629999999999999893e+00 8.423580521348356803e-03
-4.620000000000000107e+00 8.379958243781886890e-03
-4.610000000000000320e+00 8.352811293258141645e-03
-4.599999999999999645e+00 8.340008608111251776e-03
-4.589999999999999858e+00 8.339236280413227231e-03
-4.580000000000000071e+00 8.348078460819655100e-03
-4.570000000000000284e+00 8.364101123799826815e-03
-4.559999999999999609e+00 8.384935445308289853e-03
-4.549999999999999822e+00 8.408357556141835693e-03
-4.540000000000000036e+00 8.432361583081377648e-03
-4.530000000000000249e+00 8.455223169682085649e-03
-4.519999999999999574e+00 8.475551066507928943e-03
-4.509999999999999787e+00 8.492324878594404575e-03
-4.500000000000000000e+00 8.504917633334838425e-03
-4.490000000000000213e+00 8.513102458764729152e-03
-4.479999999999999538e+00 8.517043312133871016e-03
-4.469999999999999751e+00 8.517270342674226197e-03
-4.459999999999999964e+00 8.514641082162509311e-03
-4.450000000000000178e+00 8.510289205794555750e-03
-4.439999999999999503e+00 8.505563070845264390e-03
-4.429999999999999716e+00 8.501956602757133885e-03
-4.419999999999999929e+00 8.501035344085649398e-03
-4.410000000000000142e+00 8.504360603354218021e-03
-4.399999999999999467e+00 8.513414636652241740e-03
-4.389999999999999680e+00 8.529529669102597217e-03
-4.379999999999999893e+00 8.553823326144609912e-03
-4.370000000000000107e+00 8.587142710921561936e-03
-4.360000000000000320e+00 8.630018952964623596e-03
-4.349999999999999645e+00 8.682633586771473788e-03
-4.339999999999999858e+00 8.744797620367724539e-03
-4.330000000000000071e+00 8.815943647413771594e-03
-4.320000000000000284e+00 8.895130864810538510e-03
-4.309999999999999609e+00 8.981062401847671184e-03
-4.299999999999999822e+00 9.072113964353232390e-03
-4.290000000000000036e+00 9.166372461746842906e-03
-4.280000000000000249e+00 9.261683025643530423e-03
-4.269999999999999574e+00 9.355702650352789446e-03
-4.259999999999999787e+00 9.445958588376166323e-03
-4.250000000000000000e+00 9.529909613767442722e-03
-4.240000000000000213e+00 9.605008315353944295e-03
-4.229999999999999538e+00 9.668762689917950043e-03
-4.219999999999999751e+00 9.718795460223705190e-03
-4.209999999999999964e+00 9.752899731057076624e-03
-4.200000000000000178e+00 9.769089805056099807e-03
-4.189999999999999503e+00 9.765646196770486412e-03
-4.179999999999999716e+00 9.741154097411225052e-03
-4.169999999999999929e+00 9.694534745580477009e-03
-4.160000000000000142e+00 9.625069344800177978e-03
-4.149999999999999467e+00 9.532415333330232152e-03
-4.139999999999999680e+00 9.416614954476217048e-03
-4.129999999999999893e+00 9.278096197377530552e-03
-4.120000000000000107e+00 9.117666281901554148e-03
-4.110000000000000320e+00 8.936497950678155833e-03
-4.099999999999999645e+00 8.736108911007711350e-03
-4.089999999999999858e+00 8.518334843870477638e-03
-4.080000000000000071e+00 8.285296470518309364e-03
-4.070000000000000284e+00 8.039361242116137979e-03
-4.059999999999999609e+00 7.783100296281340869e-03
-4.049999999999999822e+00 7.519241406316257842e-03
-4.040000000000000036e+00 7.250618733085315883e-03
-4.030000000000000249e+00 6.980120273080555812e-03
-4.019999999999999574e+00 6.710633975276625654e-03
-4.009999999999999787e+00 6.444993569069756151e-03
-4.000000000000000000e+00 6.185925200614107895e-03
-3.990000000000000213e+00 5.935996009858737765e-03
-3.979999999999999538e+00 5.697565790560852814e-03
-3.969999999999999751e+00 5.472742856288308547e-03
-3.959999999999999964e+00 5.263345183803969443e-03
-3.950000000000000178e+00 5.070867819491200329e-03
-3.939999999999999503e+00 4.896457414411443422e-03
-3.929999999999999716e+00 4.740894600587736499e-03
-3.919999999999999929e+00 4.604584738200601449e-03
-3.910000000000000142e+00 4.487557355116029989e-03
-3.899999999999999467e+00 4.389474372449768055e-03
-3.889999999999999680e+00 4.309646969758832574e-03
-3.879999999999999893e+00 4.247060698847785615e-03
-3.870000000000000107e+00 4.200408214538297810e-03
-3.859999999999999432e+00 4.168128762736129575e-03
-3.849999999999999645e+00 4.148453359256546250e-03
-3.839999999999999858e+00 4.139454415158068390e-03
-3.830000000000000071e+00 4.139098422970402535e-03
-3.820000000000000284e+00 4.145300219215871350e-03
-3.809999999999999609e+00 4.155977286608063606e-03
-3.799999999999999822e+00 4.169102557183274396e-03
-3.790000000000000036e+00 4.182754226441155222e-03
-3.780000000000000249e+00 4.195161187435661812e-03
-3.769999999999999574e+00 4.204742839764437703e-03
-3.759999999999999787e+00 4.210142216710866317e-03
-3.750000000000000000e+00 4.210251597762280570e-03
-3.740000000000000213e+00 4.204230025168224048e-03
-3.729999999999999538e+00 4.191512412689932243e-03
-3.719999999999999751e+00 4.171810211966745993e-03
-3.709999999999999964e+00 4.145103876344155037e-03
-3.700000000000000178e+00 4.111627623034538534e-03
-3.689999999999999503e+00 4.071847232178085751e-03
-3.679999999999999716e+00 4.026431826877369113e-03
-3.669999999999999929e+00 3.976220744236137923e-03
-3.660000000000000142e+00 3.922186728336352415e-03
-3.649999999999999467e+00 3.865396748536997253e-03
-3.639999999999999680e+00 3.806971769315002033e-03
-3.629999999999999893e+00 3.748046772184361695e-03
-3.620000000000000107e+00 3.689732259251332462e-03
-3.609999999999999432e+00 3.633078356817480165e-03
-3.599999999999999645e+00 3.579042492815767088e-03
-3.589999999999999858e+00 3.528461451587452426e-03
-3.580000000000000071e+00 3.482028422083400208e-03
-3.570000000000000284e+00 3.440275459689885133e-03
-3.559999999999999609e+00 3.403561585936253769e-03
-3.549999999999999822e+00 3.372066562019477784e-03
-3.540000000000000036e+00 3.345790197983600396e-03
-3.530000000000000249e+00 3.324556904784602921e-03
-3.519999999999999574e+00 3.308025065119569487e-03
-3.509999999999999787e+00 3.295700693024251199e-03
-3.500000000000000000e+00 3.286954772580665159e-03
-3.490000000000000213e+00 3.281043612030176953e-03
-3.479999999999999538e+00 3.277131519460385264e-03
-3.469999999999999751e+00 3.274315097510169942e-03
-3.459999999999999964e+00 3.271648464188147386e-03
-3.450000000000000178e+00 3.268168731691919841e-03
-3.439999999999999503e+00 3.262921111886491615e-03
-3.429999999999999716e+00 3.254983062990585759e-03
-3.419999999999999929e+00 3.243486944636543318e-03
-3.410000000000000142e+00 3.227640705980859212e-03
-3.399999999999999467e+00 3.206746192692280437e-03
-3.389999999999999680e+00 3.180214722701715097e-03
-3.379999999999999893e+00 3.147579647243873256e-03
-3.370000000000000107e+00 3.108505682895585688e-03
-3.359999999999999432e+00 3.062794872042707336e-03
-3.349999999999999645e+00 3.010389103414633227e-03
-3.339999999999999858e+00 2.951369200683951789e-03
-3.330000000000000071e+00 2.885950664930354674e-03
-3.320000000000000284e+00 2.814476234846867864e-03
-3.309999999999999609e+00 2.737405505283310031e-03
-3.299999999999999822e+00 2.655301918002316193e-03
-3.290000000000000036e+00 2.568817505956848615e-03
-3.280000000000000249e+00 2.478675831382580463e-03
-3.269999999999999574e+00 2.385653605917858154e-03
-3.259999999999999787e+00 2.290561515387812708e-03
-3.250000000000000000e+00 2.194224790767795256e-03
-3.240000000000000213e+00 2.097464068689497939e-03
-3.229999999999999538e+00 2.001077068894113048e-03
-3.219999999999999751e+00 1.905821582308501148e-03
-3.209999999999999964e+00 1.812400212817491313e-03
-3.200000000000000178e+00 1.721447250071631886e-03
-3.189999999999999503e+00 1.633517972322359475e-03
-3.179999999999999716e+00 1.549080590486598841e-03
-3.169999999999999929e+00 1.468510951061851363e-03
-3.160000000000000142e+00 1.392090020076793867e-03
-3.149999999999999467e+00 1.320004076970018956e-03
-3.139999999999999680e+00 1.252347459986531512e-03
-3.129999999999999893e+00 1.189127626850302894e-03
-3.120000000000000107e+00 1.130272229053657859e-03
-3.109999999999999432e+00 1.075637847356132690e-03
-3.099999999999999645e+00 1.025020001481909398e-03
-3.089999999999999858e+00 9.781640291895272142e-04
-3.080000000000000071e+00 9.347764286780778538e-04
-3.070000000000000284e+00 8.945362727304077312e-04
-3.059999999999999609e+00 8.571063314331698116e-04
-3.049999999999999822e+00 8.221435805550927206e-04
-3.040000000000000036e+00 7.893088221013819369e-04
-3.030000000000000249e+00 7.582751993441813393e-04
-3.019999999999999574e+00 7.287354478295036183e-04
-3.009999999999999787e+00 7.004077836354070030e-04
-3.000000000000000000e+00 6.730403878815354509e-04
-2.990000000000000213e+00 6.464144998838479601e-04
-2.979999999999999538e+00 6.203461785542107232e-04
-2.969999999999999751e+00 5.946868312899425673e-04
-2.959999999999999964e+00 5.693226408161473602e-04
-2.950000000000000178e+00 5.441730428654217248e-04
-2.939999999999999503e+00 5.191884212995287549e-04
-2.929999999999999716e+00 4.943471927963791375e-04
-2.919999999999999929e+00 4.696524513741198118e-04
-2.910000000000000142e+00 4.451283348804131517e-04
-2.899999999999999467e+00 4.208162623742492435e-04
-2.889999999999999680e+00 3.967711743766677004e-04
-2.879999999999999893e+00 3.730578885628377727e-04
-2.870000000000000107e+00 3.497476628315080750e-04
-2.859999999999999432e+00 3.269150369066646240e-04
-2.849999999999999645e+00 3.046350036178031460e-04
-2.839999999999999858e+00 2.829805424925530000e-04
-2.830000000000000071e+00 2.620205318004061360e-04
-2.820000000000000284e+00 2.418180410346515419e-04
-2.809999999999999609e+00 2.224289941585597206e-04
-2.799999999999999822e+00 2.039011847645694599e-04
-2.790000000000000036e+00 1.862736174717251282e-04
-2.780000000000000249e+00 1.695761451964744766e-04
-2.769999999999999574e+00 1.538293690961611262e-04
-2.759999999999999787e+00 1.390447666962022454e-04
-2.750000000000000000e+00 1.252250136607781510e-04
-2.740000000000000213e+00 1.123644655604764248e-04
-2.729999999999999538e+00 1.004497675678227915e-04
-2.719999999999999751e+00 8.946056205316814088e-05
-2.709999999999999964e+00 7.937026638299221008e-05
-2.700000000000000178e+00 7.014689570795400370e-05
-2.689999999999999503e+00 6.175390807535956618e-05
-2.679999999999999716e+00 5.415105174936270629e-05
-2.669999999999999929e+00 4.729519713601118309e-05
-2.660000000000000142e+00 4.114113817028974205e-05
-2.649999999999999467e+00 3.564235041924263610e-05
-2.639999999999999680e+00 3.075169548366045327e-05
-2.629999999999999893e+00 2.642206353428422011e-05
-2.620000000000000107e+00 2.260694798710911397e-05
-2.609999999999999432e+00 1.926094839123485046e-05
-2.599999999999999645e+00 1.634019955226982565e-05
-2.589999999999999858e+00 1.380272672139734469e-05
-2.580000000000000071e+00 1.160872832023700040e-05
-2.570000000000000284e+00 9.720789120630336176e-06
-2.559999999999999609e+00 8.104028035623406072e-06
-2.549999999999999822e+00 6.726185687407501130e-06
-2.540000000000000036e+00 5.557657690663372278e-06
-2.530000000000000249e+00 4.571480124058472044e-06
-2.519999999999999574e+00 3.743273964822979131e-06
-2.509999999999999787e+00 3.051155345197268694e-06
-2.500000000000000000e+00 2.475618375544316835e-06
-2.490000000000000213e+00 1.999396992903110304e-06
-2.479999999999999538e+00 1.607311865373988763e-06
-2.469999999999999751e+00 1.286107843795669747e-06
-2.459999999999999964e+00 1.024286834991593703e-06
-2.450000000000000178e+00 8.119403067053962286e-07
-2.439999999999999503e+00 6.405849521410499378e-07
-2.429999999999999716e+00 5.030043673598538512e-07
-2.419999999999999929e+00 3.930989491866888065e-07
-2.410000000000000142e+00 3.057456218245363794e-07
-2.399999999999999467e+00 2.366684596038136663e-07
-2.389999999999999680e+00 1.823207993540806242e-07
-2.379999999999999893e+00 1.397790329029354616e-07
-2.370000000000000107e+00 1.066479387883015653e-07
-2.359999999999999432e+00 8.097715010508183469e-08
-2.349999999999999645e+00 6.118815791139269977e-08
-2.339999999999999858e+00 4.601111057074621473e-08
-2.330000000000000071e+00 3.443058154386144687e-08
-2.320000000000000284e+00 2.563943369838054226e-08
-2.309999999999999609e+00 1.899989935023242277e-08
-2.299999999999999822e+00 1.401101445998355814e-08
-2.290000000000000036e+00 1.028158572171653276e-08
-2.280000000000000249e+00 7.507924488546704260e-09
-2.269999999999999574e+00 5.455646215992258222e-09
-2.259999999999999787e+00 3.944903898737108511e-09
-2.250000000000000000e+00 2.838495228360891695e-09
-2.240000000000000213e+00 2.032353130347759553e-09
-2.229999999999999538e+00 1.447995909064610249e-09
-2.219999999999999751e+00 1.026575044116903775e-09
-2.209999999999999964e+00 7.242148857762146756e-10
-2.200000000000000178e+00 5.083886741528838493e-10
-2.189999999999999503e+00 3.551193804625239216e-10
-2.179999999999999716e+00 2.468320164196822745e-10
-2.169999999999999929e+00 1.707166339452081395e-10
-2.160000000000000142e+00 1.174887098416099228e-10
-2.149999999999999467e+00 8.045650859564539172e-11
-2.139999999999999680e+00 5.482389266168748779e-11
-2.129999999999999893e+00 3.717244742401023894e-11
-2.120000000000000107e+00 2.507922309947585468e-11
-2.109999999999999432e+00 1.683634197237196567e-11
-2.099999999999999645e+00 1.124660124725153174e-11
-2.089999999999999858e+00 7.475392087235661784e-12
-2.080000000000000071e+00 4.944075003417022136e-12
-2.069999999999999396e+00 3.253672556617915507e-12
-2.059999999999999609e+00 2.130589238918614424e-12
-2.049999999999999822e+00 1.388232221878069417e-12
-2.040000000000000036e+00 9.000372287454530972e-13
-2.030000000000000249e+00 5.806230629757400800e-13
-2.019999999999999574e+00 3.727031601311768943e-13
-2.009999999999999787e+00 2.380490282477880804e-13
-2.000000000000000000e+00 1.512877930895530216e-13
-1.990000000000000213e+00 9.566985577215120797e-14
-1.980000000000000426e+00 6.019768001242270348e-14
-1.970000000000000639e+00 3.768924721245792939e-14
-1.959999999999999076e+00 2.347945111690715638e-14
-1.949999999999999289e+00 1.455428583956457722e-14
-1.939999999999999503e+00 8.976893597936711383e-15
-1.929999999999999716e+00 5.509259458076675869e-15
-1.919999999999999929e+00 3.364279856463344412e-15
-1.910000000000000142e+00 2.044195988778950109e-15
-1.900000000000000355e+00 1.235902686644522291e-15
-1.890000000000000568e+00 7.434934787657521152e-16
-1.879999999999999005e+00 4.450420231501020079e-16
-1.869999999999999218e+00 2.650670156597079382e-16
-1.859999999999999432e+00 1.570872785497004277e-16
-1.849999999999999645e+00 9.263110912814272908e-17
-1.839999999999999858e+00 5.435044493309362329e-17
-1.830000000000000071e+00 3.173069713934540730e-17
-1.820000000000000284e+00 1.843258656396955019e-17
-1.810000000000000497e+00 1.065425295820605702e-17
-1.800000000000000711e+00 6.127589753799246219e-18
-1.789999999999999147e+00 3.506599961951566341e-18
-1.779999999999999361e+00 1.996698752093934754e-18
-1.769999999999999574e+00 1.131275992086192724e-18
-1.759999999999999787e+00 6.377555146190838672e-19
-1.750000000000000000e+00 3.577415908051114579e-19
-1.740000000000000213e+00 1.996706080860609939e-19
-1.730000000000000426e+00 1.108889530332089738e-19
-1.720000000000000639e+00 6.127619730041416417e-20
-1.709999999999999076e+00 3.369183437873209735e-20
-1.699999999999999289e+00 1.843260805797958036e-20
-1.689999999999999503e+00 1.003409376562570256e-20
-1.679999999999999716e+00 5.434989565103377484e-21
-1.669999999999999929e+00 2.929195969951269788e-21
-1.660000000000000142e+00 1.570823025258970019e-21
-1.650000000000000355e+00 8.381759057547493403e-22
-1.640000000000000568e+00 4.450124260767464750e-22
-1.629999999999999005e+00 2.350921490641547657e-22
-1.619999999999999218e+00 1.235757088363505518e-22
-1.609999999999999432e+00 6.463340969139855749e-23
-1.599999999999999645e+00 3.363643642480232409e-23
-1.589999999999999858e+00 1.741774115297759281e-23
-1.580000000000000071e+00 8.974342244359368428e-24
-1.570000000000000284e+00 4.600895689319137958e-24
-1.560000000000000497e+00 2.346989647845014866e-24
-1.550000000000000711e+00 1.191267061350353203e-24
-1.539999999999999147e+00 6.016398208415254879e-25
-1.529999999999999361e+00 3.023389657610165396e-25
-1.519999999999999574e+00 1.511760741427500366e-25
-1.509999999999999787e+00 7.521526429073959882e-26
-1.500000000000000000e+00 3.723643991291936106e-26
-1.490000000000000213e+00 1.834341850405579248e-26
-1.480000000000000426e+00 8.992164821942301681e-27
-1.470000000000000639e+00 4.386974603834659613e-27
-1.459999999999999076e+00 2.130471887794397924e-27
-1.449999999999999289e+00 1.030360214312388066e-27
-1.439999999999999503e+00 4.967134431846605394e-28
-1.429999999999999716e+00 2.391445653422663423e-28
-1.419999999999999929e+00 1.154456840073788977e-28
-1.410000000000000142e+00 5.633198954215937689e-29
-1.400000000000000355e+00 2.822036689193434908e-29
-1.390000000000000568e+00 1.491608509338225109e-29
-1.379999999999999005e+00 8.649545276156304372e-30
-1.369999999999999218e+00 5.712223972783955319e-30
-1.359999999999999432e+00 4.342976947082705467e-30
-1.349999999999999645e+00 3.709627914644640055e-30
-1.339999999999999858e+00 3.420841696827369613e-30
-1.330000000000000071e+00 3.293384810468065168e-30
-1.320000000000000284e+00 3.241735293741681481e-30
-1.310000000000000497e+00 3.225998982111344092e-30
-1.299999999999998934e+00 3.227466461494787382e-30
-1.289999999999999147e+00 3.237204745709016233e-30
-1.279999999999999361e+00 3.250763760062142880e-30
-1.269999999999999574e+00 3.265736479604915741e-30
-1.259999999999999787e+00 3.280643934832124428e-30
-1.250000000000000000e+00 3.294432157356072338e-30
-1.240000000000000213e+00 3.306250310220488992e-30
-1.230000000000000426e+00 3.315357303524374347e-30
-1.220000000000000639e+00 3.321086700688880867e-30
-1.209999999999999076e+00 3.322837736816649108e-30
-1.199999999999999289e+00 3.320077686073660403e-30
-1.189999999999999503e+00 3.312348745485582242e-30
-1.179999999999999716e+00 3.299276193262388103e-30
-1.169999999999999929e+00 3.280576200245753710e-30
-1.160000000000000142e+00 3.256062409035465842e-30
-1.150000000000000355e+00 3.225650741690955900e-30
-1.140000000000000568e+00 3.189362077747606074e-30
-1.129999999999999005e+00 3.147322559998546867e-30
-1.119999999999999218e+00 3.099761379858731504e-30
-1.109999999999999432e+00 3.047005984938915927e-30
-1.099999999999999645e+00 2.989474744414238832e-30
-1.089999999999999858e+00 2.927667202854126885e-30
-1.080000000000000071e+00 2.862152147636332216e-30
-1.070000000000000284e+00 2.793553804899070096e-30
-1.060000000000000497e+00 2.722536559767559543e-30
-1.049999999999998934e+00 2.649788663994429504e-30
-1.039999999999999147e+00 2.576005444314882804e-30
-1.029999999999999361e+00 2.501872554627977881e-30
-1.019999999999999574e+00 2.428049822439205063e-30
-1.009999999999999787e+00 2.355156223822019810e-30
-1.000000000000000000e+00 2.283756481673395865e-30
-9.900000000000002132e-01 2.214349720663789964e-30
-9.800000000000004263e-01 2.147360531591225803e-30
-9.700000000000006395e-01 2.083132701453443924e-30
-9.599999999999990763e-01 2.021925757910898785e-30
-9.499999999999992895e-01 1.963914363000289756e-30
-9.399999999999995026e-01 1.909190476386993603e-30
-9.299999999999997158e-01 1.857768098579634805e-30
-9.199999999999999289e-01 1.809590304586766740e-30
-9.100000000000001421e-01 1.764538193164980663e-30
-9.000000000000003553e-01 1.722441309999815742e-30
-8.900000000000005684e-01 1.683089057802715052e-30
-8.799999999999990052e-01 1.646242584192641862e-30
-8.699999999999992184e-01 1.611646639937260539e-30
-8.599999999999994316e-01 1.579040925002940875e-30
-8.499999999999996447e-01 1.548170486079052631e-30
-8.399999999999998579e-01 1.518794793920348871e-30
-8.300000000000000711e-01 1.490695208240380527e-30
-8.200000000000002842e-01 1.463680627587701643e-30
-8.100000000000004974e-01 1.437591216852725711e-30
-7.999999999999989342e-01 1.412300200873145443e-30
-7.899999999999991473e-01 1.387713804266382886e-30
-7.799999999999993605e-01 1.363769500757464490e-30
-7.699999999999995737e-01 1.340432806152543223e-30
-7.599999999999997868e-01 1.317692904792950034e-30
-7.500000000000000000e-01 1.295557437796504368e-30
-7.400000000000002132e-01 1.274046801621758252e-30
-7.300000000000004263e-01 1.253188307438677457e-30
-7.200000000000006395e-01 1.233010536356208750e-30
-7.099999999999990763e-01 1.213538194479160503e-30
-6.999999999999992895e-01 1.194787727470851673e-30
-6.899999999999995026e-01 1.176763899727399697e-30
-6.799999999999997158e-01 1.159457481693183242e-30
-6.699999999999999289e-01 1.142844123662429891e-30
-6.600000000000001421e-01 1.126884428959904776e-30
-6.500000000000003553e-01 1.111525176789003221e-30
-6.400000000000005684e-01 1.096701588028275598e-30
-6.299999999999990052e-01 1.082340478126808241e-30
-6.199999999999992184e-01 1.068364101734880792e-30
-6.099999999999994316e-01 1.054694464978106282e-30
-5.999999999999996447e-01 1.041257863942609355e-30
-5.899999999999998579e-01 1.027989402052440470e-30
-5.800000000000000711e-01 1.014837244177442411e-30
-5.700000000000002842e-01 1.001766380693108436e-30
-5.600000000000004974e-01 9.887616991823332431e-31
-5.499999999999989342e-01 9.758301936395578579e-31
-5.399999999999991473e-01 9.630021793650284256e-31
-5.299999999999993605e-01 9.503314245825717829e-31
-5.199999999999995737e-01 9.378941555067630150e-31
-5.099999999999997868e-01 9.257869384657637359e-31
-5.000000000000000000e-01 9.141234891444637840e-31
-4.900000000000002132e-01 9.030305035130075678e-31
-4.800000000000004263e-01 8.926426461066675901e-31
-4.700000000000006395e-01 8.830968676930559999e-31
-4.599999999999990763e-01 8.745262547977324381e-31
-4.499999999999992895e-01 8.670536370016583411e-31
-4.399999999999995026e-01 8.607851934863284313e-31
-4.299999999999997158e-01 8.558043072965139137e-31
-4.199999999999999289e-01 8.521659137595428341e-31
-4.100000000000001421e-01 8.498915782533145918e-31
-4.000000000000003553e-01 8.489655181606710938e-31
-3.900000000000005684e-01 8.493317548190833616e-31
-3.799999999999990052e-01 8.508925443486162951e-31
-3.699999999999992184e-01 8.535081925404987503e-31
-3.599999999999994316e-01 8.569983099676508883e-31
-3.499999999999996447e-01 8.611445108886061688e-31
-3.399999999999998579e-01 8.656945053511198181e-31
-3.300000000000000711e-01 8.703674803223172612e-31
-3.200000000000002842e-01 8.748606149152084279e-31
-3.100000000000004974e-01 8.788565290544078521e-31
-2.999999999999989342e-01 8.820314262943276136e-31
-2.899999999999991473e-01 8.840636617867139087e-31
-2.799999999999993605e-01 8.846424470511842476e-31
-2.699999999999995737e-01 8.834763952474976986e-31
-2.599999999999997868e-01 8.803016145839504898e-31
-2.500000000000000000e-01 8.748890732705973182e-31
-2.400000000000002132e-01 8.670509864227638483e-31
-2.300000000000004263e-01 8.566460123803453192e-31
-2.200000000000006395e-01 8.435830913834913955e-31
-2.099999999999990763e-01 8.278238113808456946e-31
-1.999999999999992895e-01 8.093832415885156695e-31
-1.899999999999995026e-01 7.883292317377863305e-31
-1.799999999999997158e-01 7.647802311791550362e-31
-1.699999999999999289e-01 7.389017346773833629e-31
-1.600000000000001421e-01 7.109015085911377712e-31
-1.500000000000003553e-01 6.810237902748493469e-31
-1.400000000000005684e-01 6.495426834953085000e-31
-1.299999999999990052e-01 6.167549924435570353e-31
-1.199999999999992184e-01 5.829727460975075303e-31
-1.099999999999994316e-01 5.485156633396087303e-31
-9.999999999999964473e-02 5.137037979505658769e-31
-8.999999999999985789e-02 4.788505824272465874e-31
-8.000000000000007105e-02 4.442564619258766060e-31
-7.000000000000028422e-02 4.102032762003359007e-31
-6.000000000000049738e-02 3.769495100501319597e-31
-4.999999999999893419e-02 3.447264934344988772e-31
-3.999999999999914735e-02 3.137355929250668973e-31
-2.999999999999936051e-02 2.841463982974171486e-31
-1.999999999999957367e-02 2.560958733210298390e-31
-9.999999999999786837e-03 2.296884094359184102e-31
0.000000000000000000e+00 2.049966959221848365e-31
9.999999999999786837e-03 1.820633009556246501e-31
1.999999999999957367e-02 1.609028448424507834e-31
2.999999999999936051e-02 1.415046396675507123e-31
4.000000000000092371e-02 1.238356682227118983e-31
5.000000000000071054e-02 1.078437788220881171e-31
6.000000000000049738e-02 9.346098070419132945e-32
7.000000000000028422e-02 8.060673628873012869e-32
8.000000000000007105e-02 6.919116066912746333e-32
8.999999999999985789e-02 5.911805444015254515e-32
9.999999999999964473e-02 5.028771238945828510e-32
1.099999999999994316e-01 4.259946690838663774e-32
1.200000000000009948e-01 3.595394049785789749e-32
1.300000000000007816e-01 3.025499588545413143e-32
1.400000000000005684e-01 2.541138459439041920e-32
1.500000000000003553e-01 2.133810501769860336e-32
1.600000000000001421e-01 1.795748898776831852e-32
1.699999999999999289e-01 1.520004144934669405e-32
1.799999999999997158e-01 1.300506120451623367e-32
1.899999999999995026e-01 1.132107194919634309e-32
2.000000000000010658e-01 1.010609217862519343e-32
2.100000000000008527e-01 9.327770270794165109e-33
2.200000000000006395e-01 8.963407462965504919e-33
2.300000000000004263e-01 8.999886838736568026e-33
2.400000000000002132e-01 9.433521172185525452e-33
2.500000000000000000e-01 1.026982686212335753e-32
2.599999999999997868e-01 1.152322555708881429e-32
2.699999999999995737e-01 1.321666973174981221e-32
2.799999999999993605e-01 1.538118372199304859e-32
2.900000000000009237e-01 1.805530783175179020e-32
3.000000000000007105e-01 2.128443033552446982e-32
3.100000000000004974e-01 2.511999073014257169e-32
3.200000000000002842e-01 2.961853761167992689e-32
3.300000000000000711e-01 3.484062619485885333e-32
3.399999999999998579e-01 4.084954382228010788e-32
3.499999999999996447e-01 4.770985683227561458e-32
3.599999999999994316e-01 5.548577879441750217e-32
3.700000000000009948e-01 6.423936822450898260e-32
3.800000000000007816e-01 7.402857321119658869e-32
3.900000000000005684e-01 8.490515058876573663e-32
4.000000000000003553e-01 9.691249795222694480e-32
4.100000000000001421e-01 1.100834474301867552e-31
4.199999999999999289e-01 1.244380801428691907e-31
4.299999999999997158e-01 1.399816290696849123e-31
4.399999999999995026e-01 1.567025450106076936e-31
4.500000000000010658e-01 1.745708048439380155e-31
4.600000000000008527e-01 1.935365428098118245e-31
4.700000000000006395e-01 2.135290836270025711e-31
4.800000000000004263e-01 2.344564505534261022e-31
4.900000000000002132e-01 2.562054118675942185e-31
5.000000000000000000e-01 2.786421157116064775e-31
5.099999999999997868e-01 3.016133460432335319e-31
5.199999999999995737e-01 3.249484120646541884e-31
5.299999999999993605e-01 3.484616606163177001e-31
5.400000000000009237e-01 3.719555765338710286e-31
5.500000000000007105e-01 3.952244109186299331e-31
5.600000000000004974e-01 4.180582528427419559e-31
5.700000000000002842e-01 4.402474374358269913e-31
5.800000000000000711e-01 4.615871638134104481e-31
5.899999999999998579e-01 4.818821810641880602e-31
5.999999999999996447e-01 5.009513905201397698e-31
6.099999999999994316e-01 5.186322085802016961e-31
6.200000000000009948e-01 5.347845369581549282e-31
6.300000000000007816e-01 5.492941965708658398e-31
6.400000000000005684e-01 5.620756972174950328e-31
6.500000000000003553e-01 5.730742372106928092e-31
6.600000000000001421e-01 5.822668543528395916e-31
6.699999999999999289e-01 5.896626809435266572e-31
6.799999999999997158e-01 5.953022894496629997e-31
6.899999999999995026e-01 5.992561504820669202e-31
7.000000000000010658e-01 6.016222591285807604e-31
7.100000000000008527e-01 6.025230178251657471e-31
7.200000000000006395e-01 6.021014922350983225e-31
7.300000000000004263e-01 6.005171796754821540e-31
7.400000000000002132e-01 5.979414463739846269e-31
7.500000000000000000e-01 5.945527994858065613e-31
7.599999999999997868e-01 5.905321619583799510e-31
7.699999999999995737e-01 5.860583130044195181e-31
7.799999999999993605e-01 5.813036445324155923e-31
7.900000000000009237e-01 5.764303651535311349e-31
8.000000000000007105e-01 5.715872594182587589e-31
8.100000000000004974e-01 5.669070820675006170e-31
8.200000000000002842e-01 5.625046368118645509e-31
8.300000000000000711e-01 5.584755580603599858e-31
8.399999999999998579e-01 5.548957836750489126e-31
8.499999999999996447e-01 5.518216787034728365e-31
8.599999999999994316e-01 5.492907454327336517e-31
8.700000000000009948e-01 5.473228350758018157e-31
8.800000000000007816e-01 5.459217617138331922e-31
8.900000000000005684e-01 5.450772102357012307e-31
9.000000000000003553e-01 5.447668270724235304e-31
9.100000000000001421e-01 5.449583853413511900e-31
9.199999999999999289e-01 5.456119241280526421e-31
9.299999999999997158e-01 5.466817743315904760e-31
9.399999999999995026e-01 5.481183998744652723e-31
9.500000000000010658e-01 5.498700020864292550e-31
9.600000000000008527e-01 5.518838555872203253e-31
9.700000000000006395e-01 5.541073648726942069e-31
9.800000000000004263e-01 5.564888509425197389e-31
9.900000000000002132e-01 5.589780956702695373e-31
1.000000000000000000e+00 5.615266873081487082e-31
1.009999999999999787e+00 5.640882227961466518e-31
1.019999999999999574e+00 5.666184308476645762e-31
1.029999999999999361e+00 5.690752837455096795e-31
1.040000000000000924e+00 5.714191652419263426e-31
1.050000000000000711e+00 5.736131569559191650e-31
1.060000000000000497e+00 5.756234964400356900e-31
1.070000000000000284e+00 5.774202470725827392e-31
1.080000000000000071e+00 5.789782037155239388e-31
1.089999999999999858e+00 5.802780394079498601e-31
1.099999999999999645e+00 5.813076781095926100e-31
1.109999999999999432e+00 5.820638576338397703e-31
1.120000000000000995e+00 5.825538264436836938e-31
1.130000000000000782e+00 5.827970989823880404e-31
1.140000000000000568e+00 5.828271777156174900e-31
1.150000000000000355e+00 5.826931370602139480e-31
1.160000000000000142e+00 5.824609557543869778e-31
1.169999999999999929e+00 5.822144807293648329e-31
1.179999999999999716e+00 5.820559077334511679e-31
1.189999999999999503e+00 5.821056721731093883e-31
1.200000000000001066e+00 5.825016579555547453e-31
1.210000000000000853e+00 5.833976523501676559e-31
1.220000000000000639e+00 5.849610005503046220e-31
1.230000000000000426e+00 5.873694439436769026e-31
1.240000000000000213e+00 5.908071600463711575e-31
1.250000000000000000e+00 5.954600583368417267e-31
1.259999999999999787e+00 6.015104233551699084e-31
1.269999999999999574e+00 6.091310327786532364e-31
1.279999999999999361e+00 6.184789120397722464e-31
1.290000000000000924e+00 6.296889167090213009e-31
1.300000000000000711e+00 6.428673576966087759e-31
1.310000000000000497e+00 6.580859008720110130e-31
1.320000000000000284e+00 6.753759807418710494e-31
1.330000000000000071e+00 6.947239664667522204e-31
1.339999999999999858e+00 7.160673072172351665e-31
1.349999999999999645e+00 7.392918625785571455e-31
1.359999999999999432e+00 7.642305927732604535e-31
1.370000000000000995e+00 7.906637437070125019e-31
1.380000000000000782e+00 8.183206145219938995e-31
1.390000000000000568e+00 8.468829421378007167e-31
1.400000000000000355e+00 8.759898801859017393e-31
1.410000000000000142e+00 9.052444910747802469e-31
1.419999999999999929e+00 9.342216120916596457e-31
1.429999999999999716e+00 9.624769019340385949e-31
1.439999999999999503e+00 9.895568252787772463e-31
1.450000000000001066e+00 1.015009292155542096e-30
1.460000000000000853e+00 1.038394637907432535e-30
1.470000000000000639e+00 1.059296609901072687e-30
1.480000000000000426e+00 1.077333019909023689e-30
1.490000000000000213e+00 1.092165726700688764e-30
1.500000000000000000e+00 1.103509631736992132e-30
1.509999999999999787e+00 1.111140401285072426e-30
1.519999999999999574e+00 1.114900669519982735e-30
1.529999999999999361e+00 1.114704527541582162e-30
1.540000000000000924e+00 1.110540160585668125e-30
1.550000000000000711e+00 1.102470557634574207e-30
1.560000000000000497e+00 1.090632281548864025e-30
1.570000000000000284e+00 1.075232351123390429e-30
1.580000000000000071e+00 1.056543346583538763e-30
1.589999999999999858e+00 1.034896904660875993e-30
1.599999999999999645e+00 1.010675816523673118e-30
1.609999999999999432e+00 9.843049798986038041e-31
1.620000000000000995e+00 9.562414845883013173e-31
1.630000000000000782e+00 9.269641276528561131e-31
1.640000000000000568e+00 8.969626606774366371e-31
1.650000000000000355e+00 8.667270671731928523e-31
1.660000000000000142e+00 8.367371540679742352e-31
1.669999999999999929e+00 8.074527186159277214e-31
1.679999999999999716e+00 7.793045223476339817e-31
1.689999999999999503e+00 7.526862685397417979e-31
1.700000000000001066e+00 7.279477408465602370e-31
1.710000000000000853e+00 7.053892199682951109e-31
1.720000000000000639e+00 6.852572542718547765e-31
1.730000000000000426e+00 6.677418208749129570e-31
1.740000000000000213e+00 6.529748777679544203e-31
1.750000000000000000e+00 6.410302776472914005e-31
1.759999999999999787e+00 6.319249946273196047e-31
1.769999999999999574e+00 6.256216147102490738e-31
1.779999999999999361e+00 6.220320791080575504e-31
1.790000000000000924e+00 6.210227895386087444e-31
1.800000000000000711e+00 6.224214840449084455e-31
1.810000000000000497e+00 6.260269899387574632e-31
1.820000000000000284e+00 6.316245470816823082e-31
1.830000000000000071e+00 6.390129587435335559e-31
1.839999999999999858e+00 6.480577752544971080e-31
1.849999999999999645e+00 6.588023372515609437e-31
1.859999999999999432e+00 6.717073642846659261e-31
1.870000000000000995e+00 6.881750138261020912e-31
1.880000000000000782e+00 7.116993280482189261e-31
1.890000000000000568e+00 7.503886796693365730e-31
1.900000000000000355e+00 8.224774055238040971e-31
1.910000000000000142e+00 9.683155831075402756e-31
1.919999999999999929e+00 1.276324302773257697e-30
1.929999999999999716e+00 1.938899618302416324e-30
1.939999999999999503e+00 3.372204320466351848e-30
1.950000000000001066e+00 6.471534518011933321e-30
1.960000000000000853e+00 1.315288012392899936e-29
1.970000000000000639e+00 2.749546735979806309e-29
1.980000000000000426e+00 5.813969830240066943e-29
1.990000000000000213e+00 1.232937525605962704e-28
2.000000000000000000e+00 2.611324402491975006e-28
2.009999999999999787e+00 5.512836239290562990e-28
2.019999999999999574e+00 1.158993163589941637e-27
2.030000000000001137e+00 2.425432632924786145e-27
2.040000000000000924e+00 5.051397225869791212e-27
2.050000000000000711e+00 1.046902437198683881e-26
2.060000000000000497e+00 2.159005577480028857e-26
2.070000000000000284e+00 4.430421379668165432e-26
2.080000000000000071e+00 9.046399573819023365e-26
2.089999999999999858e+00 1.837993721800708091e-25
2.099999999999999645e+00 3.715771253592202986e-25
2.109999999999999432e+00 7.474640316755373997e-25
2.120000000000000995e+00 1.496125258730992258e-24
2.130000000000000782e+00 2.979764961822818082e-24
2.140000000000000568e+00 5.905172569680447230e-24
2.150000000000000355e+00 1.164447396192596134e-23
2.160000000000000142e+00 2.284778132818650782e-23
2.169999999999999929e+00 4.460723116974161708e-23
2.179999999999999716e+00 8.665702528580306240e-23
2.189999999999999503e+00 1.675096274041963524e-22
2.200000000000001066e+00 3.221910481893164665e-22
2.210000000000000853e+00 6.166306232631043752e-22
2.220000000000000639e+00 1.174288632299517370e-21
2.230000000000000426e+00 2.225169020846286055e-21
2.240000000000000213e+00 4.195558408587936496e-21
2.250000000000000000e+00 7.871461938175189112e-21
2.259999999999999787e+00 1.469468021238872587e-20
2.269999999999999574e+00 2.729632910882138170e-20
2.280000000000001137e+00 5.045311453846991656e-20
2.290000000000000924e+00 9.279223032039834336e-20
2.300000000000000711e+00 1.698147531109870920e-19
2.310000000000000497e+00 3.092286160958738451e-19
2.320000000000000284e+00 5.603052331389682421e-19
2.330000000000000071e+00 1.010207805697867892e-18
2.339999999999999858e+00 1.812333441185063692e-18
2.349999999999999645e+00 3.235244762471471102e-18
2.359999999999999432e+00 5.746695096743989111e-18
2.370000000000000995e+00 1.015714071882214415e-17
2.380000000000000782e+00 1.786353564024316570e-17
2.390000000000000568e+00 3.126125108960691308e-17
2.400000000000000355e+00 5.443630326876058461e-17
2.410000000000000142e+00 9.432234613439267484e-17
2.419999999999999929e+00 1.626239992409229450e-16
2.429999999999999716e+00 2.789967439773571993e-16
2.439999999999999503e+00 4.762757632909063172e-16
2.450000000000001066e+00 8.090271227777778230e-16
2.460000000000000853e+00 1.367455965203183230e-15
2.470000000000000639e+00 2.299904028571970289e-15
2.480000000000000426e+00 3.849041665334471127e-15
2.490000000000000213e+00 6.409770745525456194e-15
2.500000000000000000e+00 1.062135272494696806e-14
2.509999999999999787e+00 1.751318338337235247e-14
2.519999999999999574e+00 2.873417814629287890e-14
2.530000000000001137e+00 4.691172391592507062e-14
2.540000000000000924e+00 7.621026221813569249e-14
2.550000000000000711e+00 1.231956881999655251e-13
2.560000000000000497e+00 1.981655258514221637e-13
2.570000000000000284e+00 3.171843982175590487e-13
2.580000000000000071e+00 5.051812668260645306e-13
2.589999999999999858e+00 8.006357464930761889e-13
2.599999999999999645e+00 1.262628720039200274e-12
2.609999999999999432e+00 1.981389927143639223e-12
2.620000000000000995e+00 3.093987191733192325e-12
2.630000000000000782e+00 4.807530437709418527e-12
2.640000000000000568e+00 7.433293229089654426e-12
2.650000000000000355e+00 1.143659986126775562e-11
2.660000000000000142e+00 1.750934097739053374e-11
2.669999999999999929e+00 2.667477034225316199e-11
2.679999999999999716e+00 4.043807050867102968e-11
2.689999999999999503e+00 6.100140988538742697e-11
2.700000000000001066e+00 9.156930731253568729e-11
2.710000000000000853e+00 1.367796620650053233e-10
2.720000000000000639e+00 2.033085461858635232e-10
2.730000000000000426e+00 3.007137338419458812e-10
2.740000000000000213e+00 4.426041297213528318e-10
2.750000000000000000e+00 6.482511937240670379e-10
2.759999999999999787e+00 9.447958872220756033e-10
2.769999999999999574e+00 1.370252674892370695e-09
2.780000000000001137e+00 1.977573166772740037e-09
2.790000000000000924e+00 2.840108931265298910e-09
2.800000000000000711e+00 4.058909098265396589e-09
2.810000000000000497e+00 5.772407218033524450e-09
2.820000000000000284e+00 8.169197369921628717e-09
2.830000000000000071e+00 1.150477585142544558e-08
2.839999999999999858e+00 1.612333608481962221e-08
2.849999999999999645e+00 2.248595461928783264e-08
2.859999999999999432e+00 3.120679872676695232e-08
2.870000000000000995e+00 4.309932360616815175e-08
2.880000000000000782e+00 5.923481069854704558e-08
2.890000000000000568e+00 8.101602709531298556e-08
2.900000000000000355e+00 1.102692557458798937e-07
2.910000000000000142e+00 1.493584498331805115e-07
2.919999999999999929e+00 2.013257905665797477e-07
2.929999999999999716e+00 2.700634587468783635e-07
2.939999999999999503e+00 3.605219436895920305e-07
2.950000000000001066e+00 4.789606785385726313e-07
2.960000000000000853e+00 6.332471714260205585e-07
2.970000000000000639e+00 8.332110525742000208e-07
2.980000000000000426e+00 1.091059526212641221e-06
2.990000000000000213e+00 1.421860544476285266e-06
3.000000000000000000e+00 1.844099544480185826e-06
3.009999999999999787e+00 2.380314742787920431e-06
3.019999999999999574e+00 3.057814696773094301e-06
3.030000000000001137e+00 3.909480057063739633e-06
3.040000000000000924e+00 4.974649095074944297e-06
3.050000000000000711e+00 6.300083654310096470e-06
3.060000000000000497e+00 7.941008623373920487e-06
3.070000000000000284e+00 9.962213868565320804e-06
3.080000000000000071e+00 1.243920283309082550e-05
3.089999999999999858e+00 1.545936678524979156e-05
3.099999999999999645e+00 1.912315809921968972e-05
3.109999999999999432e+00 2.354523014518658514e-05
3.120000000000000995e+00 2.885550556330963466e-05
3.130000000000000782e+00 3.520012915621007496e-05
3.140000000000000568e+00 4.274225665516594971e-05
3.150000000000000355e+00 5.166262652500508835e-05
3.160000000000000142e+00 6.215985912002951067e-05
3.169999999999999929e+00 7.445042623921419218e-05
3.179999999999999716e+00 8.876823478862844120e-05
3.189999999999999503e+00 1.053637711401179077e-04
3.200000000000001066e+00 1.245027581149414512e-04
3.210000000000000853e+00 1.464642844729863310e-04
3.220000000000000639e+00 1.715383774013312657e-04
3.230000000000000426e+00 2.000230016956375733e-04
3.240000000000000213e+00 2.322204849037193329e-04
3.250000000000000000e+00 2.684333852982583014e-04
3.259999999999999787e+00 3.089598386694541229e-04
3.269999999999999574e+00 3.540884399509529627e-04
3.280000000000001137e+00 4.040927358745411997e-04
3.290000000000000924e+00 4.592254243686085674e-04
3.300000000000000711e+00 5.197123744046285845e-04
3.310000000000000497e+00 5.857465955839656624e-04
3.320000000000000284e+00 6.574822991207301699e-04
3.330000000000000071e+00 7.350292002841218603e-04
3.339999999999999858e+00 8.184472162279623261e-04
3.349999999999999645e+00 9.077417120499900374e-04
3.359999999999999432e+00 1.002859441698533693e-03
3.370000000000000995e+00 1.103685319024668744e-03
3.380000000000000782e+00 1.210040138151075549e-03
3.390000000000000568e+00 1.321679341915893251e-03
3.400000000000000355e+00 1.438292913178893049e-03
3.410000000000000142e+00 1.559506437150206225e-03
3.419999999999999929e+00 1.684883354635172224e-03
3.429999999999999716e+00 1.813928397262281906e-03
3.439999999999999503e+00 1.946092167447495067e-03
3.450000000000001066e+00 2.080776799051790339e-03
3.460000000000000853e+00 2.217342610285878875e-03
3.470000000000000639e+00 2.355115639106447091e-03
3.480000000000000426e+00 2.493395933616247059e-03
3.490000000000000213e+00 2.631466456083481585e-03
3.500000000000000000e+00 2.768602449153424738e-03
3.509999999999999787e+00 2.904081106447083116e-03
3.519999999999999574e+00 3.037191386655627937e-03
3.530000000000001137e+00 3.167243809943503900e-03
3.540000000000000924e+00 3.293580077394131847e-03
3.550000000000000711e+00 3.415582357790250025e-03
3.560000000000000497e+00 3.532682090689948269e-03
3.570000000000000284e+00 3.644368160132226749e-03
3.580000000000000071e+00 3.750194299129689865e-03
3.589999999999999858e+00 3.849785591324734503e-03
3.599999999999999645e+00 3.942843942945116649e-03
3.609999999999999432e+00 4.029152405838364905e-03
3.620000000000000995e+00 4.108578241406106793e-03
3.630000000000000782e+00 4.181074626335325520e-03
3.640000000000000568e+00 4.246680914833900547e-03
3.650000000000000355e+00 4.305521389309303198e-03
3.660000000000000142e+00 4.357802452681708988e-03
3.669999999999999929e+00 4.403808241221709649e-03
3.679999999999999716e+00 4.443894667132431212e-03
3.689999999999999503e+00 4.478481934930726022e-03
3.700000000000001066e+00 4.508045614543352425e-03
3.710000000000000853e+00 4.533106396063272744e-03
3.720000000000000639e+00 4.554218695070664721e-03
3.730000000000000426e+00 4.571958321720949459e-03
3.740000000000000213e+00 4.586909469547722877e-03
3.750000000000000000e+00 4.599651319010301422e-03
3.759999999999999787e+00 4.610744584006567018e-03
3.769999999999999574e+00 4.620718354650267708e-03
3.780000000000001137e+00 4.630057604496891702e-03
3.790000000000000924e+00 4.639191733294533576e-03
3.800000000000000711e+00 4.648484505854487241e-03
3.810000000000000497e+00 4.658225722943538580e-03
3.820000000000000284e+00 4.668624921004949947e-03
3.830000000000000071e+00 4.679807344547051717e-03
3.839999999999999858e+00 4.691812369479970990e-03
3.849999999999999645e+00 4.704594479561893111e-03
3.859999999999999432e+00 4.718026814154547763e-03
3.870000000000000995e+00 4.731907216989839765e-03
3.880000000000000782e+00 4.745966626360786055e-03
3.890000000000000568e+00 4.759879561070936085e-03
3.900000000000000355e+00 4.773276377648546023e-03
3.910000000000000142e+00 4.785756906609421601e-03
3.919999999999999929e+00 4.796905022371188848e-03
3.929999999999999716e+00 4.806303665583282550e-03
3.939999999999999503e+00 4.813549820121429401e-03
3.950000000000001066e+00 4.818268950818861696e-03
3.960000000000000853e+00 4.820128432134042004e-03
3.970000000000000639e+00 4.818849541276946924e-03
3.980000000000000426e+00 4.814217649694332163e-03
3.990000000000000213e+00 4.806090321193320913e-03
4.000000000000000000e+00 4.794403109562871829e-03
4.009999999999999787e+00 4.779172939016319496e-03
4.019999999999999574e+00 4.760499042549670018e-03
4.030000000000001137e+00 4.738561521836402723e-03
4.040000000000000924e+00 4.713617673308879812e-03
4.050000000000000711e+00 4.685996294919406169e-03
4.060000000000000497e+00 4.656090243823985189e-03
4.070000000000000284e+00 4.624347554931681342e-03
4.080000000000000071e+00 4.591261453007109382e-03
4.089999999999999858e+00 4.557359596975720135e-03
4.099999999999999645e+00 4.523192885466879171e-03
4.109999999999999432e+00 4.489324129556819531e-03
4.120000000000000995e+00 4.456316864995060918e-03
4.130000000000000782e+00 4.424724535270286099e-03
4.140000000000000568e+00 4.395080232295608957e-03
4.150000000000000355e+00 4.367887136840782614e-03
4.160000000000000142e+00 4.343609759388071534e-03
4.169999999999999929e+00 4.322666046587265477e-03
4.179999999999999716e+00 4.305420390957956020e-03
4.189999999999999503e+00 4.292177563100627209e-03
4.200000000000001066e+00 4.283177576677036844e-03
4.210000000000000853e+00 4.278591496132652314e-03
4.220000000000000639e+00 4.278518204050656831e-03
4.230000000000000426e+00 4.282982156945029303e-03
4.240000000000000213e+00 4.291932172520480579e-03
4.250000000000000000e+00 4.305241304992050294e-03
4.259999999999999787e+00 4.322707875008050676e-03
4.269999999999999574e+00 4.344057724356644237e-03
4.280000000000001137e+00 4.368947760757930371e-03
4.290000000000000924e+00 4.396970843152924260e-03
4.300000000000000711e+00 4.427662032356478351e-03
4.310000000000000497e+00 4.460506196043987834e-03
4.320000000000000284e+00 4.494946912050274378e-03
4.330000000000000071e+00 4.530396562031789934e-03
4.339999999999999858e+00 4.566247451609104988e-03
4.349999999999999645e+00 4.601883736674951264e-03
4.359999999999999432e+00 4.636693882473741542e-03
4.370000000000000995e+00 4.670083336251026375e-03
4.380000000000000782e+00 4.701487059440689203e-03
4.390000000000000568e+00 4.730381544716900574e-03
4.400000000000000355e+00 4.756295939258855382e-03
4.410000000000000142e+00 4.778821909785667746e-03
4.419999999999999929e+00 4.797621917751956205e-03
4.429999999999999716e+00 4.812435623824320649e-03
4.439999999999999503e+00 4.823084207497601618e-03
4.450000000000001066e+00 4.829472467491824350e-03
4.460000000000000853e+00 4.831588657507589549e-03
4.470000000000000639e+00 4.829502105417446747e-03
4.480000000000000426e+00 4.823358757007816487e-03
4.490000000000000213e+00 4.813374872805507160e-03
4.500000000000000000e+00 4.799829183357248903e-03
4.509999999999999787e+00 4.783053870113447223e-03
4.519999999999999574e+00 4.763424782117335783e-03
4.530000000000001137e+00 4.741351320365050012e-03
4.540000000000000924e+00 4.717266420536395978e-03
4.550000000000000711e+00 4.691617040674400836e-03
4.560000000000000497e+00 4.664855514535151335e-03
4.570000000000000284e+00 4.637432066252413637e-03
4.580000000000000071e+00 4.609788701338596653e-03
4.589999999999999858e+00 4.582354597501914553e-03
4.599999999999999645e+00 4.555543021611617449e-03
4.609999999999999432e+00 4.529749702074487537e-03
4.620000000000000995e+00 4.505352494616384970e-03
4.630000000000000782e+00 4.482712099403516476e-03
4.640000000000000568e+00 4.462173523364237199e-03
4.650000000000000355e+00 4.444067937331779364e-03
4.660000000000000142e+00 4.428714555907160844e-03
4.669999999999999929e+00 4.416422170098846176e-03
4.679999999999999716e+00 4.407489988778789426e-03
4.689999999999999503e+00 4.402207493341137035e-03
4.700000000000001066e+00 4.400853077877413429e-03
4.710000000000000853e+00 4.403691330754744282e-03
4.720000000000000639e+00 4.410968907852814980e-03
4.730000000000000426e+00 4.422909047409757585e-03
4.740000000000000213e+00 4.439704875681829178e-03
4.750000000000000000e+00 4.461511745717679917e-03
4.759999999999999787e+00 4.488438933145507022e-03
4.769999999999999574e+00 4.520541078313570355e-03
4.780000000000001137e+00 4.557809809693843563e-03
4.790000000000000924e+00 4.600166006570486493e-03
4.800000000000000711e+00 4.647453158359066486e-03
4.810000000000000497e+00 4.699432253406530917e-03
4.820000000000000284e+00 4.755778583037703622e-03
4.830000000000000071e+00 4.816080779331596146e-03
4.839999999999999858e+00 4.879842321011203417e-03
4.849999999999999645e+00 4.946485645070920756e-03
4.859999999999999432e+00 5.015358897030289601e-03
4.870000000000000995e+00 5.085745244940952092e-03
4.880000000000000782e+00 5.156874576436373120e-03
4.890000000000000568e+00 5.227937298911120023e-03
4.900000000000000355e+00 5.298099874597336084e-03
4.910000000000000142e+00 5.366521648487866669e-03
4.919999999999999929e+00 5.432372470585704501e-03
4.929999999999999716e+00 5.494850576837741543e-03
4.939999999999999503e+00 5.553200176449517647e-03
4.950000000000001066e+00 5.606728197309829992e-03
4.960000000000000853e+00 5.654819665379290893e-03
4.970000000000000639e+00 5.696951236757565387e-03
4.980000000000000426e+00 5.732702460724256599e-03
4.990000000000000213e+00 5.761764425793058746e-03
5.000000000000000000e+00 5.783945525754037933e-03
5.009999999999999787e+00 5.799174175545771318e-03
5.019999999999999574e+00 5.807498404176886751e-03
5.030000000000001137e+00 5.809082350347389255e-03
5.040000000000000924e+00 5.804199782524125696e-03
5.050000000000000711e+00 5.793224855806159909e-03
5.060000000000000497e+00 5.776620400061076820e-03
5.070000000000000284e+00 5.754924104976246249e-03
5.080000000000000071e+00 5.728733025746161889e-03
5.089999999999999858e+00 5.698686876507600557e-03
5.099999999999999645e+00 5.665450606286781890e-03
5.109999999999999432e+00 5.629696763662958396e-03
5.120000000000000995e+00 5.592088151693664841e-03
5.130000000000000782e+00 5.553261254575974325e-03
5.140000000000000568e+00 5.513810883262703494e-03
5.150000000000000355e+00 5.474276440523566552e-03
5.160000000000000142e+00 5.435130148849790822e-03
5.169999999999999929e+00 5.396767519562305736e-03
5.179999999999999716e+00 5.359500271098592908e-03
5.189999999999999503e+00 5.323551831382221031e-03
5.200000000000001066e+00 5.289055486012817636e-03
5.210000000000000853e+00 5.256055163146686193e-03
5.220000000000000639e+00 5.224508779454161041e-03
5.230000000000000426e+00 5.194294011121524182e-03
5.240000000000000213e+00 5.165216300725883683e-03
5.250000000000000000e+00 5.137018865664588763e-03
5.259999999999999787e+00 5.109394436882226317e-03
5.269999999999999574e+00 5.081998427668152525e-03
5.280000000000001137e+00 5.054463210675647425e-03
5.290000000000000924e+00 5.026413166144363433e-03
5.300000000000000711e+00 4.997480154546480105e-03
5.310000000000000497e+00 4.967319061469875618e-03
5.320000000000000284e+00 4.935623060570938983e-03
5.330000000000000071e+00 4.902138241202098554e-03
5.339999999999999858e+00 4.866677250524337195e-03
5.349999999999999645e+00 4.829131605652580567e-03
5.359999999999999432e+00 4.789482340194516075e-03
5.370000000000000995e+00 4.747808662391531445e-03
5.380000000000000782e+00 4.704294320258718340e-03
5.390000000000000568e+00 4.659231394179078056e-03
5.400000000000000355e+00 4.613021270932937679e-03
5.410000000000000142e+00 4.566172596616921084e-03
5.419999999999999929e+00 4.519296060494204167e-03
5.429999999999999716e+00 4.473095928174851063e-03
5.439999999999999503e+00 4.428358320624602683e-03
5.450000000000001066e+00 4.385936324492458946e-03
5.460000000000000853e+00 4.346732117372878630e-03
5.470000000000000639e+00 4.311676396184212570e-03
5.480000000000000426e+00 4.281705504270273341e-03
5.490000000000000213e+00 4.257736758763846704e-03
5.500000000000000000e+00 4.240642579253926271e-03
5.509999999999999787e+00 4.231224106599991430e-03
5.519999999999999574e+00 4.230185071523575278e-03
5.530000000000001137e+00 4.238106721351176873e-03
5.540000000000000924e+00 4.255424635573603134e-03
5.550000000000000711e+00 4.282408253255873438e-03
5.560000000000000497e+00 4.319143895535667438e-03
5.570000000000000284e+00 4.365521993698186914e-03
5.580000000000000071e+00 4.421229128430462924e-03
5.589999999999999858e+00 4.485745351329213301e-03
5.599999999999999645e+00 4.558347099692456467e-03
5.610000000000001208e+00 4.638115835699370762e-03
5.620000000000000995e+00 4.723952348182966846e-03
5.630000000000000782e+00 4.814596457194319709e-03
5.640000000000000568e+00 4.908651666888003140e-03
5.650000000000000355e+00 5.004614129517681413e-03
5.660000000000000142e+00 5.100905120799298711e-03
5.669999999999999929e+00 5.195906092106216886e-03
5.679999999999999716e+00 5.287995264263318021e-03
5.689999999999999503e+00 5.375584665935908071e-03
5.700000000000001066e+00 5.457156499790867879e-03
5.710000000000000853e+00 5.531297742785674237e-03
5.720000000000000639e+00 5.596731952110148289e-03
5.730000000000000426e+00 5.652347352455142603e-03
5.740000000000000213e+00 5.697220418560142510e-03
5.750000000000000000e+00 5.730634332961203822e-03
5.759999999999999787e+00 5.752091884857552656e-03
5.769999999999999574e+00 5.761322573558899304e-03
5.780000000000001137e+00 5.758283880228408716e-03
5.790000000000000924e+00 5.743156865874376668e-03
5.800000000000000711e+00 5.716336433610412146e-03
5.810000000000000497e+00 5.678416751925338332e-03
5.820000000000000284e+00 5.630172467234429226e-03
5.830000000000000071e+00 5.572536434069814276e-03
5.839999999999999858e+00 5.506574757410493889e-03
5.849999999999999645e+00 5.433459973165096109e-03
5.860000000000001208e+00 5.354443190778818487e-03
5.870000000000000995e+00 5.270825989029682621e-03
5.880000000000000782e+00 5.183932796372162262e-03
5.890000000000000568e+00 5.095084405812388625e-03
5.900000000000000355e+00 5.005573177100115095e-03
5.910000000000000142e+00 4.916640372172918251e-03
5.919999999999999929e+00 4.829455959406665951e-03
5.929999999999999716e+00 4.745101114023379113e-03
5.939999999999999503e+00 4.664553540970261744e-03
5.950000000000001066e+00 4.588675656727910293e-03
5.960000000000000853e+00 4.518205590706292005e-03
5.970000000000000639e+00 4.453750906789925509e-03
5.980000000000000426e+00 4.395784901620338955e-03
5.990000000000000213e+00 4.344645307631603628e-03
6.000000000000000000e+00 4.300535213981270498e-03
6.010000000000001563e+00 4.263526014874774277e-03
6.019999999999999574e+00 4.233562199394379222e-03
6.030000000000001137e+00 4.210467806617339617e-03
6.039999999999999147e+00 4.193954381404752137e-03
6.050000000000000711e+00 4.183630276940023679e-03
6.059999999999998721e+00 4.179011157611498342e-03
6.070000000000000284e+00 4.179531558581716690e-03
6.080000000000001847e+00 4.184557355581728331e-03
6.089999999999999858e+00 4.193398990148314992e-03
6.100000000000001421e+00 4.205325282498506567e-03
6.109999999999999432e+00 4.219577647984181466e-03
6.120000000000000995e+00 4.235384515560394747e-03
6.129999999999999005e+00 4.251975730190283957e-03
6.140000000000000568e+00 4.268596707911884863e-03
6.149999999999998579e+00 4.284522104548323801e-03
6.160000000000000142e+00 4.299068758511066096e-03
6.170000000000001705e+00 4.311607676023700847e-03
6.179999999999999716e+00 4.321574843900156254e-03
6.190000000000001279e+00 4.328480680521867158e-03
6.199999999999999289e+00 4.331917968916437767e-03
6.210000000000000853e+00 4.331568155227139352e-03
6.219999999999998863e+00 4.327205939231493562e-03
6.230000000000000426e+00 4.318702128424219827e-03
6.240000000000001990e+00 4.306024770895121485e-03
6.250000000000000000e+00 4.289238622265358070e-03
6.260000000000001563e+00 4.268503036063117650e-03
6.269999999999999574e+00 4.244068393387834606e-03
6.280000000000001137e+00 4.216271205444419024e-03
6.289999999999999147e+00 4.185528031181238139e-03
6.300000000000000711e+00 4.152328352260464990e-03
6.309999999999998721e+00 4.117226540084652220e-03
6.320000000000000284e+00 4.080833036381990159e-03
6.330000000000001847e+00 4.043804852176586043e-03
6.339999999999999858e+00 4.006835472371775633e-03
6.350000000000001421e+00 3.970644237245352440e-03
6.359999999999999432e+00 3.935965260309478436e-03
6.370000000000000995e+00 3.903535936251422388e-03
6.379999999999999005e+00 3.874085094500389053e-03
6.390000000000000568e+00 3.848320864104015464e-03
6.399999999999998579e+00 3.826918334005760883e-03
6.410000000000000142e+00 3.810507118641243834e-03
6.420000000000001705e+00 3.799658970416646374e-03
6.429999999999999716e+00 3.794875615841863687e-03
6.440000000000001279e+00 3.796577028128057373e-03
6.449999999999999289e+00 3.805090382893298352e-03
6.460000000000000853e+00 3.820639972153816455e-03
6.469999999999998863e+00 3.843338372071610463e-03
6.480000000000000426e+00 3.873179169413594296e-03
6.490000000000001990e+00 3.910031548345606345e-03
6.500000000000000000e+00 3.953637021738500186e-03
6.510000000000001563e+00 4.003608559110711368e-03
6.519999999999999574e+00 4.059432317031196405e-03
6.530000000000001137e+00 4.120472118455526661e-03
6.539999999999999147e+00 4.185976757029754095e-03
6.550000000000000711e+00 4.255090123497919791e-03
6.559999999999998721e+00 4.326864067113094306e-03
6.570000000000000284e+00 4.400273818839174969e-03
6.580000000000001847e+00 4.474235718728521161e-03
6.589999999999999858e+00 4.547626910713486320e-03
6.600000000000001421e+00 4.619306597457024065e-03
6.609999999999999432e+00 4.688138388783361088e-03
6.620000000000000995e+00 4.753013231942249638e-03
6.629999999999999005e+00 4.812872382315819784e-03
6.640000000000000568e+00 4.866729860253082504e-03
6.649999999999998579e+00 4.913693843901701351e-03
6.660000000000000142e+00 4.952986468915116305e-03
6.670000000000001705e+00 4.983961542809806078e-03
6.679999999999999716e+00 5.006119733039923747e-03
6.690000000000001279e+00 5.019120851566197944e-03
6.699999999999999289e+00 5.022792932481856369e-03
6.710000000000000853e+00 5.017137880518840638e-03
6.719999999999998863e+00 5.002333554253403022e-03
6.730000000000000426e+00 4.978732235797081115e-03
6.740000000000001990e+00 4.946855526014070845e-03
6.750000000000000000e+00 4.907385788344128044e-03
6.760000000000001563e+00 4.861154342888208621e-03
6.769999999999999574e+00 4.809126683614642697e-03
6.780000000000001137e+00 4.752385053824592816e-03
6.789999999999999147e+00 4.692108767241353305e-03
6.800000000000000711e+00 4.629552703532527694e-03
6.809999999999998721e+00 4.566024437421982440e-03
6.820000000000000284e+00 4.502860479853496370e-03
6.830000000000001847e+00 4.441402118326552226e-03
6.839999999999999858e+00 4.382971342201353454e-03
6.850000000000001421e+00 4.328847328352936237e-03
6.859999999999999432e+00 4.280243944069303183e-03
6.870000000000000995e+00 4.238288698644816256e-03
6.879999999999999005e+00 4.204003543847355598e-03
6.890000000000000568e+00 4.178287887430409686e-03
6.899999999999998579e+00 4.161904144158030255e-03
6.910000000000000142e+00 4.155466106361898476e-03
6.920000000000001705e+00 4.159430371734331236e-03
6.929999999999999716e+00 4.174091020689787122e-03
6.940000000000001279e+00 4.199577689984284462e-03
6.949999999999999289e+00 4.235857144153290857e-03
6.960000000000000853e+00 4.282738402546277037e-03
6.969999999999998863e+00 4.339881438203905747e-03
6.980000000000000426e+00 4.406809426537695168e-03
6.990000000000001990e+00 4.482924487805616323e-03
7.000000000000000000e+00 4.567526838857921198e-03
7.010000000000001563e+00 4.659837247659580350e-03
7.019999999999999574e+00 4.759022669674919589e-03
7.030000000000001137e+00 4.864224939087249261e-03
7.039999999999999147e+00 4.974592390399200717e-03
7.050000000000000711e+00 5.089314297077247515e-03
7.059999999999998721e+00 5.207658032732708463e-03
7.070000000000000284e+00 5.329008885244790328e-03
7.080000000000001847e+00 5.452912482678113487e-03
7.089999999999999858e+00 5.579119818341138348e-03
7.100000000000001421e+00 5.707634886429489331e-03
7.109999999999999432e+00 5.838764954119323239e-03
7.120000000000000995e+00 5.973173494755459716e-03
7.129999999999999005e+00 6.111935783521205146e-03
7.140000000000000568e+00 6.256597105209710762e-03
7.150000000000002132e+00 6.409233437267436093e-03
7.160000000000000142e+00 6.572514344783309329e-03
7.170000000000001705e+00 6.749767653461044223e-03
7.179999999999999716e+00 6.945045249578895262e-03
7.190000000000001279e+00 7.163189092581364811e-03
7.199999999999999289e+00 7.409896219126237138e-03
7.210000000000000853e+00 7.691781173216422941e-03
7.219999999999998863e+00 8.016433925028619567e-03
7.230000000000000426e+00 8.392470954436438701e-03
7.240000000000001990e+00 8.829576790819240392e-03
7.250000000000000000e+00 9.338532938802455996e-03
7.260000000000001563e+00 9.931230803265127249e-03
7.269999999999999574e+00 1.062066498178364585e-02
7.280000000000001137e+00 1.142090314556064648e-02
7.289999999999999147e+00 1.234702870795370902e-02
7.300000000000000711e+00 1.341505260911891526e-02
7.309999999999998721e+00 1.464179084949113890e-02
7.320000000000000284e+00 1.604470490323480630e-02
7.330000000000001847e+00 1.764170284877655120e-02
7.339999999999999858e+00 1.945089997305507815e-02
7.350000000000001421e+00 2.149033873591630131e-02
7.359999999999999432e+00 2.377766930757849173e-02
7.370000000000000995e+00 2.632979339031383398e-02
7.379999999999999005e+00 2.916247566839855199e-02
7.390000000000000568e+00 3.228992894924513635e-02
7.400000000000002132e+00 3.572438080306057639e-02
7.410000000000000142e+00 3.947563120839980844e-02
7.420000000000001705e+00 4.355061228829927578e-02
7.429999999999999716e+00 4.795296259309800302e-02
7.440000000000001279e+00 5.268262946659621471e-02
7.449999999999999289e+00 5.773551373890810356e-02
7.460000000000000853e+00 6.310317124644829190e-02
7.469999999999998863e+00 6.877258542177427936e-02
7.480000000000000426e+00 7.472602437500452943e-02
7.490000000000001990e+00 8.094099447511059198e-02
7.500000000000000000e+00 8.739030042927220521e-02
7.510000000000001563e+00 9.404221927340782050e-02
7.519999999999999574e+00 1.008607925779407277e-01
7.530000000000001137e+00 1.078062376196768923e-01
7.539999999999999147e+00 1.148354743808603917e-01
7.550000000000000711e+00 1.219027611436702685e-01
7.559999999999998721e+00 1.289604273062435746e-01
7.570000000000000284e+00 1.359596880248703510e-01
7.580000000000001847e+00 1.428515215633869018e-01
7.589999999999999858e+00 1.495875869834331073e-01
7.600000000000001421e+00 1.561211572067982556e-01
7.609999999999999432e+00 1.624080406754777051e-01
7.620000000000000995e+00 1.684074639516209837e-01
7.629999999999999005e+00 1.740828877291722698e-01
7.640000000000000568e+00 1.794027299225905703e-01
7.650000000000002132e+00 1.843409717598087916e-01
7.660000000000000142e+00 1.888776260934110773e-01
7.670000000000001705e+00 1.929990513628360438e-01
7.679999999999999716e+00 1.966980996521520697e-01
7.690000000000001279e+00 1.999740929109116716e-01
7.699999999999999289e+00 2.028326274226997794e-01
7.710000000000000853e+00 2.052852127744670130e-01
7.719999999999998863e+00 2.073487576407243016e-01
7.730000000000000426e+00 2.090449203885197949e-01
7.740000000000001990e+00 2.103993475786380407e-01
7.750000000000000000e+00 2.114408276545450827e-01
7.760000000000001563e+00 2.122003902749650672e-01
7.769999999999999574e+00 2.127103837042852164e-01
7.780000000000001137e+00 2.130035633247357452e-01
7.789999999999999147e+00 2.131122236309666851e-01
7.800000000000000711e+00 2.130674040278899561e-01
7.809999999999998721e+00 2.128981954542143729e-01
7.820000000000000284e+00 2.126311704330956509e-01
7.830000000000001847e+00 2.122899537961555616e-01
7.839999999999999858e+00 2.118949452700599756e-01
7.850000000000001421e+00 2.114631986211010228e-01
7.859999999999999432e+00 2.110084554085367992e-01
7.870000000000000995e+00 2.105413248944362770e-01
7.879999999999999005e+00 2.100695955821727523e-01
7.890000000000000568e+00 2.095986584726697854e-01
7.900000000000002132e+00 2.091320176693262922e-01
7.910000000000000142e+00 2.086718606177868085e-01
7.920000000000001705e+00 2.082196581718106509e-01
7.929999999999999716e+00 2.077767639098375974e-01
7.940000000000001279e+00 2.073449827059338224e-01
7.949999999999999289e+00 2.069270804403426367e-01
7.960000000000000853e+00 2.065272098177914351e-01
7.969999999999998863e+00 2.061512313930368989e-01
7.980000000000000426e+00 2.058069138860859348e-01
7.990000000000001990e+00 2.055040034736045351e-01
8.000000000000000000e+00 2.052541577153355612e-01
8.010000000000001563e+00 2.050707458517310178e-01
8.019999999999999574e+00 2.049685231301149324e-01
8.030000000000001137e+00 2.049631923336237005e-01
8.039999999999999147e+00 2.050708705760013739e-01
8.050000000000000711e+00 2.053074834950084915e-01
8.059999999999998721e+00 2.056881120767325988e-01
8.070000000000000284e+00 2.062263193663799732e-01
8.080000000000001847e+00 2.069334852097064470e-01
8.089999999999999858e+00 2.078181769128101264e-01
8.100000000000001421e+00 2.088855823426707947e-01
8.109999999999999432e+00 2.101370295957755152e-01
8.120000000000000995e+00 2.115696140545262616e-01
8.129999999999999005e+00 2.131759495796000381e-01
8.140000000000000568e+00 2.149440559243323556e-01
8.150000000000002132e+00 2.168573893944840958e-01
8.160000000000000142e+00 2.188950185125781434e-01
8.170000000000001705e+00 2.210319411806105916e-01
8.179999999999999716e+00 2.232395347628433613e-01
8.190000000000001279e+00 2.254861258133995794e-01
8.199999999999999289e+00 2.277376620148378605e-01
8.210000000000000853e+00 2.299584654139080198e-01
8.219999999999998863e+00 2.321120433516974113e-01
8.230000000000000426e+00 2.341619316697369779e-01
8.240000000000001990e+00 2.360725438808947418e-01
8.250000000000000000e+00 2.378100000406101477e-01
8.260000000000001563e+00 2.393429100230269058e-01
8.269999999999999574e+00 2.406430877485917774e-01
8.280000000000001137e+00 2.416861755448968530e-01
8.289999999999999147e+00 2.424521611436300517e-01
8.300000000000000711e+00 2.429257736925996558e-01
8.309999999999998721e+00 2.430967494427617726e-01
8.320000000000000284e+00 2.429599622923629965e-01
8.330000000000001847e+00 2.425154189620630785e-01
8.339999999999999858e+00 2.417681230633804135e-01
8.350000000000001421e+00 2.407278165401853798e-01
8.359999999999999432e+00 2.394086107533789920e-01
8.370000000000000995e+00 2.378285227044201200e-01
8.379999999999999005e+00 2.360089344400935762e-01
8.390000000000000568e+00 2.339739954635230157e-01
8.400000000000002132e+00 2.317499889423401405e-01
8.410000000000000142e+00 2.293646826363636149e-01
8.420000000000001705e+00 2.268466847824564259e-01
8.429999999999999716e+00 2.242248237269304501e-01
8.440000000000001279e+00 2.215275679722952251e-01
8.449999999999999289e+00 2.187825006208141410e-01
8.460000000000000853e+00 2.160158590909133092e-01
8.469999999999998863e+00 2.132521476099772939e-01
8.480000000000000426e+00 2.105138265133378317e-01
8.490000000000001990e+00 2.078210789709023509e-01
8.500000000000000000e+00 2.051916525789848622e-01
8.510000000000001563e+00 2.026407704401476662e-01
8.519999999999999574e+00 2.001811040303859701e-01
8.530000000000001137e+00 1.978227984148848706e-01
8.539999999999999147e+00 1.955735392821534857e-01
8.550000000000000711e+00 1.934386508468785570e-01
8.559999999999998721e+00 1.914212139132319690e-01
8.570000000000000284e+00 1.895221942453336750e-01
8.580000000000001847e+00 1.877405727803753144e-01
8.589999999999999858e+00 1.860734710343375786e-01
8.600000000000001421e+00 1.845162671605580507e-01
8.609999999999999432e+00 1.830627003833503463e-01
8.620000000000000995e+00 1.817049637922703575e-01
8.629999999999999005e+00 1.804337876000360608e-01
8.640000000000000568e+00 1.792385168021158326e-01
8.650000000000002132e+00 1.781071886115819791e-01
8.660000000000000142e+00 1.770266159876079659e-01
8.670000000000001705e+00 1.759824839701208676e-01
8.679999999999999716e+00 1.749594653513450726e-01
8.690000000000001279e+00 1.739413614683510967e-01
8.699999999999999289e+00 1.729112726358858487e-01
8.710000000000000853e+00 1.718518010349454894e-01
8.719999999999998863e+00 1.707452868370332166e-01
8.730000000000000426e+00 1.695740761053245449e-01
8.740000000000001990e+00 1.683208167141430345e-01
8.750000000000000000e+00 1.669687763139820758e-01
8.760000000000001563e+00 1.655021743833246517e-01
8.769999999999999574e+00 1.639065187800565482e-01
8.780000000000001137e+00 1.621689360424976578e-01
8.789999999999999147e+00 1.602784840733997851e-01
8.800000000000000711e+00 1.582264358170548668e-01
8.809999999999998721e+00 1.560065231218436543e-01
8.820000000000000284e+00 1.536151311434641453e-01
8.830000000000001847e+00 1.510514353287357170e-01
8.839999999999999858e+00 1.483174751362832389e-01
8.850000000000001421e+00 1.454181610840126759e-01
8.859999999999999432e+00 1.423612143317998235e-01
8.870000000000000995e+00 1.391570406698675877e-01
8.879999999999999005e+00 1.358185433474198567e-01
8.890000000000000568e+00 1.323608815087149171e-01
8.900000000000002132e+00 1.288011829881492987e-01
8.910000000000000142e+00 1.251582217576769351e-01
8.920000000000001705e+00 1.214520713529643470e-01
8.929999999999999716e+00 1.177037460934265423e-01
8.940000000000001279e+00 1.139348418517555639e-01
8.949999999999999289e+00 1.101671875473080459e-01
8.960000000000000853e+00 1.064225174879173674e-01
8.969999999999998863e+00 1.027221732424283274e-01
8.980000000000000426e+00 9.908684198318611080e-02
8.990000000000001990e+00 9.553633629587818255e-02
9.000000000000000000e+00 9.208941841775204751e-02
9.010000000000001563e+00 8.876366983562816726e-02
9.019999999999999574e+00 8.557540524407176996e-02
9.030000000000001137e+00 8.253962811007956035e-02
9.039999999999999147e+00 7.967002357588888473e-02
9.050000000000000711e+00 7.697898319996522576e-02
9.059999999999998721e+00 7.447765511448457831e-02
9.070000000000000284e+00 7.217601257516344238e-02
9.080000000000001847e+00 7.008293359185122084e-02
9.089999999999999858e+00 6.820628433978545568e-02
9.100000000000001421e+00 6.655299933806629875e-02
9.109999999999999432e+00 6.512915191462453901e-02
9.120000000000000995e+00 6.394000922445640389e-02
9.129999999999999005e+00 6.299006701857069734e-02
9.140000000000000568e+00 6.228306044393342594e-02
9.150000000000002132e+00 6.182194836002600363e-02
9.160000000000000142e+00 6.160886995611769557e-02
9.170000000000001705e+00 6.164507381537204234e-02
9.179999999999999716e+00 6.193082096580908996e-02
9.190000000000001279e+00 6.246526484905703946e-02
9.199999999999999289e+00 6.324631248646120363e-02
9.210000000000000853e+00 6.427047238427455178e-02
9.219999999999998863e+00 6.553269584655505020e-02
9.230000000000000426e+00 6.702621930398640349e-02
9.240000000000001990e+00 6.874241596592993442e-02
9.250000000000000000e+00 7.067066551057538115e-02
9.260000000000001563e+00 7.279825059873773485e-02
9.269999999999999574e+00 7.511028869530725349e-02
9.280000000000001137e+00 7.758970698721597004e-02
9.289999999999999147e+00 8.021726709409843226e-02
9.300000000000000711e+00 8.297164479421284544e-02
9.309999999999998721e+00 8.582956817176357056e-02
9.320000000000000284e+00 8.876601549293555715e-02
9.330000000000001847e+00 9.175447181702542365e-02
9.339999999999999858e+00 9.476724094393976228e-02
9.350000000000001421e+00 9.777580689998810470e-02
9.359999999999999432e+00 1.007512368871723574e-01
9.370000000000000995e+00 1.036646155836596639e-01
9.379999999999999005e+00 1.064874989940303024e-01
9.390000000000000568e+00 1.091923748026421004e-01
9.400000000000002132e+00 1.117531154565991197e-01
9.410000000000000142e+00 1.141454100459639714e-01
9.420000000000001705e+00 1.163471614781636521e-01
9.429999999999999716e+00 1.183388364508522334e-01
9.440000000000001279e+00 1.201037572721057878e-01
9.449999999999999289e+00 1.216283265897953048e-01
9.460000000000000853e+00 1.229021784804689710e-01
9.469999999999998863e+00 1.239182520002294480e-01
9.480000000000000426e+00 1.246727860923279030e-01
9.490000000000001990e+00 1.251652375496984382e-01
9.500000000000000000e+00 1.253981264192414735e-01
9.510000000000001563e+00 1.253768156911845288e-01
9.519999999999999574e+00 1.251092342395893064e-01
9.530000000000001137e+00 1.246055536873590525e-01
9.539999999999999147e+00 1.238778311027904366e-01
9.550000000000000711e+00 1.229396301619452986e-01
9.559999999999998721e+00 1.218056336245292859e-01
9.570000000000000284e+00 1.204912596872917546e-01
9.580000000000001847e+00 1.190122940366078602e-01
9.589999999999999858e+00 1.173845482770734250e-01
9.600000000000001421e+00 1.156235539356281344e-01
9.609999999999999432e+00 1.137442995097935616e-01
9.620000000000000995e+00 1.117610161272896141e-01
9.629999999999999005e+00 1.096870153958551392e-01
9.640000000000000568e+00 1.075345810257012646e-01
9.650000000000002132e+00 1.053149138750563707e-01
9.660000000000000142e+00 1.030381282643702545e-01
9.670000000000001705e+00 1.007132957789322603e-01
9.679999999999999716e+00 9.834853137303173343e-02
9.690000000000001279e+00 9.595111542983023045e-02
9.699999999999999289e+00 9.352764453731310379e-02
9.710000000000000853e+00 9.108420311917839185e-02
9.719999999999998863e+00 8.862654770905767365e-02
9.730000000000000426e+00 8.616029556811835577e-02
9.740000000000001990e+00 8.369110950561653439e-02
9.750000000000000000e+00 8.122487115030063709e-02
9.760000000000001563e+00 7.876783551595718802e-02
9.769999999999999574e+00 7.632676048267809932e-02
9.780000000000001137e+00 7.390900575122863470e-02
9.789999999999999147e+00 7.152259689507686757e-02
9.800000000000000711e+00 6.917625130621901652e-02
9.809999999999998721e+00 6.687936407979101772e-02
9.820000000000000284e+00 6.464195318049148486e-02
9.830000000000001847e+00 6.247456455266142683e-02
9.839999999999999858e+00 6.038813914579383574e-02
9.850000000000001421e+00 5.839384509803122181e-02
9.859999999999999432e+00 5.650287952041055384e-02
9.870000000000000995e+00 5.472624542222476185e-02
9.879999999999999005e+00 5.307451028075316213e-02
9.890000000000000568e+00 5.155755355489185371e-02
9.900000000000002132e+00 5.018431104182342894e-02
9.910000000000000142e+00 4.896252435110404894e-02
9.920000000000001705e+00 4.789850389813186948e-02
9.929999999999999716e+00 4.699691368104033651e-02
9.940000000000001279e+00 4.626058569107130425e-02
9.949999999999999289e+00 4.569037111455122313e-02
9.960000000000000853e+00 4.528503452261035261e-02
9.969999999999998863e+00 4.504119603158497631e-02
9.980000000000000426e+00 4.495332498251394804e-02
9.990000000000001990e+00 4.501378707337393842e-02
1.000000000000000000e+01 4.521294513398912973e-02
