# Energy-EF (eV)   pdos_atom0_s.dat
-2.027400040302726936e+01 1.348495033183815561e-13
-2.025655966579307687e+01 3.216657544919855372e-13
-2.023911892855888439e+01 7.558420553258750858e-13
-2.022167819132469191e+01 1.749570579217389153e-12
-2.020423745409049943e+01 3.989419737058416849e-12
-2.018679671685630694e+01 8.961273854512778388e-12
-2.016935597962211446e+01 1.982967890553419670e-11
-2.015191524238792198e+01 4.322668918582109416e-11
-2.013447450515372950e+01 9.282893611524486825e-11
-2.011703376791954057e+01 1.963880061870552171e-10
-2.009959303068534808e+01 4.093098297991421152e-10
-2.008215229345115560e+01 8.404286310434386703e-10
-2.006471155621696312e+01 1.700071550940331249e-09
-2.004727081898277063e+01 3.388113547258097783e-09
-2.002983008174857815e+01 6.652429813487877501e-09
-2.001238934451438567e+01 1.286891577999497496e-08
-1.999494860728019319e+01 2.452738399883562601e-08
-1.997750787004600070e+01 4.605926906522706127e-08
-1.996006713281180822e+01 8.522146429774820926e-08
-1.994262639557761574e+01 1.553665099633460920e-07
-1.992518565834342326e+01 2.790958711341585394e-07
-1.990774492110923077e+01 4.940250402009048243e-07
-1.989030418387503829e+01 8.617016879150048252e-07
-1.987286344664084581e+01 1.481123340946034221e-06
-1.985542270940665333e+01 2.508804054466101168e-06
-1.983798197217246084e+01 4.187931525122802063e-06
-1.982054123493826836e+01 6.889806446361613152e-06
-1.980310049770407588e+01 1.117140300707223486e-05
-1.978565976046988695e+01 1.785343180456063395e-05
-1.976821902323569446e+01 2.812357660867570807e-05
-1.975077828600150198e+01 4.366942043095425001e-05
-1.973333754876730950e+01 6.684474262297224341e-05
-1.971589681153311702e+01 1.008711095511895212e-04
-1.969845607429892453e+01 1.500737696223903650e-04
-1.968101533706473205e+01 2.201466442948988211e-04
-1.966357459983053957e+01 3.184356613721409687e-04
-1.964613386259634709e+01 4.542229898453219216e-04
-1.962869312536215460e+01 6.389873534779600501e-04
-1.961125238812796212e+01 8.866082661050008742e-04
-1.959381165089376964e+01 1.213475776504246420e-03
-1.957637091365957716e+01 1.638463389450511279e-03
-1.955893017642538467e+01 2.182721590601063594e-03
-1.954148943919119219e+01 2.869254096531147127e-03
-1.952404870195699971e+01 3.722249493619890579e-03
-1.950660796472280722e+01 4.766157653862546605e-03
-1.948916722748861829e+01 6.024522755573823163e-03
-1.947172649025442581e+01 7.518611489737491577e-03
-1.945428575302023333e+01 9.265903748636093035e-03
-1.943684501578604085e+01 1.127854061949045208e-02
-1.941940427855184836e+01 1.356184719116303519e-02
-1.940196354131765588e+01 1.611306181985529620e-02
-1.938452280408346340e+01 1.892040585461380112e-02
-1.936708206684927092e+01 2.196261616767017713e-02
-1.934964132961507843e+01 2.520903640952565708e-02
-1.933220059238088595e+01 2.862032272999902316e-02
-1.931475985514669347e+01 3.214976865253266897e-02
-1.929731911791250099e+01 3.574519644054634238e-02
-1.927987838067830850e+01 3.935130452933260220e-02
-1.926243764344411602e+01 4.291230897710588549e-02
-1.924499690620992354e+01 4.637467790557581876e-02
-1.922755616897573105e+01 4.968973715953454995e-02
-1.921011543174153857e+01 5.281592685611704446e-02
-1.919267469450734609e+01 5.572051373966777077e-02
-1.917523395727315361e+01 5.838061217918411039e-02
-1.915779322003896468e+01 6.078343322761216999e-02
-1.914035248280477219e+01 6.292575972363589898e-02
-1.912291174557057971e+01 6.481272720431012491e-02
-1.910547100833638723e+01 6.645606554179867009e-02
-1.908803027110219475e+01 6.787201496490594121e-02
-1.907058953386800226e+01 6.907916420234085086e-02
-1.905314879663380978e+01 7.009646240402686579e-02
-1.903570805939961730e+01 7.094162858797796456e-02
-1.901826732216542482e+01 7.163012530177761961e-02
-1.900082658493123233e+01 7.217478390155905588e-02
-1.898338584769703985e+01 7.258607770602416853e-02
-1.896594511046284737e+01 7.287294868385896240e-02
-1.894850437322865488e+01 7.304401590582410009e-02
-1.893106363599446240e+01 7.310894066115573853e-02
-1.891362289876026992e+01 7.307970143035036337e-02
-1.889618216152607744e+01 7.297154479987956466e-02
-1.887874142429188495e+01 7.280342390669157504e-02
-1.886130068705769602e+01 7.259780753299371892e-02
-1.884385994982350354e+01 7.237983046024251688e-02
-1.882641921258931106e+01 7.217584714268401869e-02
-1.880897847535511858e+01 7.201153403672480580e-02
-1.879153773812092609e+01 7.190975040813644970e-02
-1.877409700088673361e+01 7.188840536604779174e-02
-1.875665626365254113e+01 7.195858614380627738e-02
-1.873921552641834865e+01 7.212317911708494844e-02
-1.872177478918415616e+01 7.237616430063845141e-02
-1.870433405194996368e+01 7.270269276682114756e-02
-1.868689331471577120e+01 7.307997340390023910e-02
-1.866945257748157871e+01 7.347891053741457956e-02
-1.865201184024738623e+01 7.386635687436989006e-02
-1.863457110301319375e+01 7.420778539000255636e-02
-1.861713036577900127e+01 7.447014524819008108e-02
-1.859968962854480878e+01 7.462465370492808725e-02
-1.858224889131061630e+01 7.464928795352512858e-02
-1.856480815407642382e+01 7.453077467525916211e-02
-1.854736741684223134e+01 7.426592487851953195e-02
-1.852992667960804241e+01 7.386222033075942606e-02
-1.851248594237384992e+01 7.333761836851979132e-02
-1.849504520513965744e+01 7.271959817089182487e-02
-1.847760446790546496e+01 7.204351984397652786e-02
-1.846016373067127248e+01 7.135040642963962065e-02
-1.844272299343707999e+01 7.068428882950227032e-02
-1.842528225620288751e+01 7.008927641366399786e-02
-1.840784151896869503e+01 6.960653354526714909e-02
-1.839040078173450254e+01 6.927135503803782957e-02
-1.837296004450031006e+01 6.911054045512396438e-02
-1.835551930726611758e+01 6.914026502999495727e-02
-1.833807857003192510e+01 6.936462952710127639e-02
-1.832063783279773261e+01 6.977503838249649037e-02
-1.830319709556354013e+01 7.035050255239647110e-02
-1.828575635832934765e+01 7.105889145907556825e-02
-1.826831562109515517e+01 7.185907217707976358e-02
-1.825087488386096268e+01 7.270378255227590014e-02
-1.823343414662677375e+01 7.354300034197318314e-02
-1.821599340939258127e+01 7.432750588796659119e-02
-1.819855267215838879e+01 7.501230316692789057e-02
-1.818111193492419631e+01 7.555957143462296854e-02
-1.816367119769000382e+01 7.594086953078731106e-02
-1.814623046045581134e+01 7.613840299065746664e-02
-1.812878972322161886e+01 7.614527967622418403e-02
-1.811134898598742637e+01 7.596480686536703775e-02
-1.809390824875323389e+01 7.560900308501095068e-02
-1.807646751151904141e+01 7.509659315967472104e-02
-1.805902677428484893e+01 7.445080994681407827e-02
-1.804158603705065644e+01 7.369733184200692733e-02
-1.802414529981646396e+01 7.286263964495089118e-02
-1.800670456258227148e+01 7.197298605929908222e-02
-1.798926382534807900e+01 7.105404948255365782e-02
-1.797182308811388651e+01 7.013120971510490576e-02
-1.795438235087969403e+01 6.923025827083054140e-02
-1.793694161364550510e+01 6.837826096108105822e-02
-1.791950087641130906e+01 6.760424231471345857e-02
-1.790206013917712013e+01 6.693937046170712890e-02
-1.788461940194292765e+01 6.641638900144974933e-02
-1.786717866470873517e+01 6.606816141485660765e-02
-1.784973792747454269e+01 6.592534740448179054e-02
-1.783229719024035020e+01 6.601339617941628934e-02
-1.781485645300615772e+01 6.634919277216017042e-02
-1.779741571577196524e+01 6.693780422325852630e-02
-1.777997497853777276e+01 6.776982193791006304e-02
-1.776253424130358027e+01 6.881977225517348085e-02
-1.774509350406938779e+01 7.004596788361464044e-02
-1.772765276683519531e+01 7.139200888858679428e-02
-1.771021202960100283e+01 7.278993475218689668e-02
-1.769277129236681034e+01 7.416480791232196723e-02
-1.767533055513261786e+01 7.544030676114128753e-02
-1.765788981789842538e+01 7.654475316244155336e-02
-1.764044908066423289e+01 7.741692007026870770e-02
-1.762300834343004041e+01 7.801097187097723318e-02
-1.760556760619585148e+01 7.829998366236644303e-02
-1.758812686896165900e+01 7.827765284895725484e-02
-1.757068613172746652e+01 7.795803339574067237e-02
-1.755324539449327403e+01 7.737335922622645690e-02
-1.753580465725908155e+01 7.657024606428887437e-02
-1.751836392002488907e+01 7.560474113189337431e-02
-1.750092318279069659e+01 7.453680553460824421e-02
-1.748348244555650410e+01 7.342485306521992494e-02
-1.746604170832231162e+01 7.232093084679157291e-02
-1.744860097108811914e+01 7.126702136232926366e-02
-1.743116023385392666e+01 7.029278966537456930e-02
-1.741371949661973417e+01 6.941491645043514069e-02
-1.739627875938554169e+01 6.863797100761635794e-02
-1.737883802215134921e+01 6.795660977486785159e-02
-1.736139728491715672e+01 6.735875364733145965e-02
-1.734395654768296424e+01 6.682931179623764761e-02
-1.732651581044877176e+01 6.635398633446758232e-02
-1.730907507321458283e+01 6.592270944243736053e-02
-1.729163433598038679e+01 6.553232618494650441e-02
-1.727419359874619786e+01 6.518823230033024552e-02
-1.725675286151200538e+01 6.490479487153068272e-02
-1.723931212427781290e+01 6.470451265349659586e-02
-1.722187138704362042e+01 6.461600025481767373e-02
-1.720443064980942793e+01 6.467099609142072658e-02
-1.718698991257523545e+01 6.490068957300636210e-02
-1.716954917534104297e+01 6.533173175625876794e-02
-1.715210843810685049e+01 6.598233094887911987e-02
-1.713466770087265800e+01 6.685883753389540440e-02
-1.711722696363846552e+01 6.795318957602554388e-02
-1.709978622640427304e+01 6.924152371443438592e-02
-1.708234548917008055e+01 7.068415811046478703e-02
-1.706490475193588807e+01 7.222703231496749310e-02
-1.704746401470169559e+01 7.380455227385544770e-02
-1.703002327746750311e+01 7.534364931311911262e-02
-1.701258254023331062e+01 7.676873358497351973e-02
-1.699514180299911814e+01 7.800711925113293366e-02
-1.697770106576492921e+01 7.899443343215376001e-02
-1.696026032853073673e+01 7.967950330384712676e-02
-1.694281959129654425e+01 8.002825051813226842e-02
-1.692537885406235176e+01 8.002620830145890096e-02
-1.690793811682815928e+01 7.967940680979888890e-02
-1.689049737959396680e+01 7.901353352967602217e-02
-1.687305664235977432e+01 7.807145029045206575e-02
-1.685561590512558183e+01 7.690931708619172524e-02
-1.683817516789138935e+01 7.559171586251740849e-02
-1.682073443065719687e+01 7.418626786006679574e-02
-1.680329369342300438e+01 7.275828407541413967e-02
-1.678585295618881190e+01 7.136597445254037886e-02
-1.676841221895461942e+01 7.005666935937727990e-02
-1.675097148172042694e+01 6.886438560979746271e-02
-1.673353074448623445e+01 6.780891358575404093e-02
-1.671609000725204197e+01 6.689643075749961143e-02
-1.669864927001784949e+01 6.612148053508025425e-02
-1.668120853278366056e+01 6.547001327732915321e-02
-1.666376779554946452e+01 6.492308423254210259e-02
-1.664632705831527559e+01 6.446075145700178033e-02
-1.662888632108108311e+01 6.406571895681627271e-02
-1.661144558384689063e+01 6.372632321024515600e-02
-1.659400484661269815e+01 6.343855565140095465e-02
-1.657656410937850566e+01 6.320693609363900456e-02
-1.655912337214431318e+01 6.304418671541972552e-02
-1.654168263491012070e+01 6.296978746672242389e-02
-1.652424189767592821e+01 6.300760797162305304e-02
-1.650680116044173573e+01 6.318289803274841632e-02
-1.648936042320754325e+01 6.351897260640233800e-02
-1.647191968597335077e+01 6.403394555631633511e-02
-1.645447894873915828e+01 6.473785096624563862e-02
-1.643703821150496580e+01 6.563044518971088148e-02
-1.641959747427077332e+01 6.669991270143378614e-02
-1.640215673703658084e+01 6.792261077615394105e-02
-1.638471599980238835e+01 6.926388932057364611e-02
-1.636727526256819587e+01 7.067992064879104197e-02
-1.634983452533400694e+01 7.212037794604385377e-02
-1.633239378809981446e+01 7.353171921088592911e-02
-1.631495305086562198e+01 7.486077392511528150e-02
-1.629751231363142949e+01 7.605829969161527482e-02
-1.628007157639723701e+01 7.708218032903607631e-02
-1.626263083916304453e+01 7.789997656971388296e-02
-1.624519010192885204e+01 7.849061230601875327e-02
-1.622774936469465956e+01 7.884507540549721971e-02
-1.621030862746046708e+01 7.896612068706782006e-02
-1.619286789022627460e+01 7.886706957127782858e-02
-1.617542715299208211e+01 7.856989185915852492e-02
-1.615798641575788963e+01 7.810281796877596716e-02
-1.614054567852369715e+01 7.749775706832880140e-02
-1.612310494128950467e+01 7.678778598408972367e-02
-1.610566420405531218e+01 7.600492974516408207e-02
-1.608822346682111970e+01 7.517838664824334771e-02
-1.607078272958692722e+01 7.433327171164612335e-02
-1.605334199235273829e+01 7.348987623802331892e-02
-1.603590125511854225e+01 7.266338022179162637e-02
-1.601846051788435332e+01 7.186391706982203642e-02
-1.600101978065016084e+01 7.109688000686996412e-02
-1.598357904341596836e+01 7.036337465794618995e-02
-1.596613830618177587e+01 6.966075598212868869e-02
-1.594869756894758339e+01 6.898323013111552771e-02
-1.593125683171339091e+01 6.832254187357421349e-02
-1.591381609447919843e+01 6.766879578885406921e-02
-1.589637535724500594e+01 6.701146700344129403e-02
-1.587893462001081346e+01 6.634064130725675357e-02
-1.586149388277662098e+01 6.564848611289099412e-02
-1.584405314554242850e+01 6.493089844227012408e-02
-1.582661240830823601e+01 6.418921314383378707e-02
-1.580917167107404353e+01 6.343179537028502402e-02
-1.579173093383985105e+01 6.267529805223538697e-02
-1.577429019660565856e+01 6.194534839049622987e-02
-1.575684945937146964e+01 6.127644475251409900e-02
-1.573940872213727360e+01 6.071089958600298792e-02
-1.572196798490308467e+01 6.029675225716873282e-02
-1.570452724766888863e+01 6.008468961977396494e-02
-1.568708651043469970e+01 6.012413831930128738e-02
-1.566964577320050722e+01 6.045881485054453719e-02
-1.565220503596631474e+01 6.112211985719989693e-02
-1.563476429873212226e+01 6.213282644554670581e-02
-1.561732356149792977e+01 6.349152692266213371e-02
-1.559988282426373729e+01 6.517826300935963824e-02
-1.558244208702954481e+01 6.715167300612957801e-02
-1.556500134979535233e+01 6.934985449366622146e-02
-1.554756061256115984e+01 7.169297779303790419e-02
-1.553011987532696736e+01 7.408751241234050322e-02
-1.551267913809277488e+01 7.643176623739879327e-02
-1.549523840085858239e+01 7.862230404459995270e-02
-1.547779766362438991e+01 8.056072288030426132e-02
-1.546035692639019743e+01 8.216022605844117144e-02
-1.544291618915600495e+01 8.335145734915563875e-02
-1.542547545192181602e+01 8.408712805897342046e-02
-1.540803471468761998e+01 8.434508213264153842e-02
-1.539059397745343105e+01 8.412958416093545277e-02
-1.537315324021923857e+01 8.347076645250843530e-02
-1.535571250298504609e+01 8.242231868961225061e-02
-1.533827176575085360e+01 8.105763397638034162e-02
-1.532083102851666112e+01 7.946472872887774819e-02
-1.530339029128246864e+01 7.774032543576916976e-02
-1.528594955404827616e+01 7.598352542424623157e-02
-1.526850881681408367e+01 7.428950521986167621e-02
-1.525106807957989119e+01 7.274364882832448642e-02
-1.523362734234569871e+01 7.141648416061022187e-02
-1.521618660511150622e+01 7.035972969268387833e-02
-1.519874586787731374e+01 6.960368149484147393e-02
-1.518130513064312126e+01 6.915608444572873825e-02
-1.516386439340892878e+01 6.900253780233978063e-02
-1.514642365617473629e+01 6.910838752593916057e-02
-1.512898291894054736e+01 6.942195984927046482e-02
-1.511154218170635133e+01 6.987889774460212533e-02
-1.509410144447216240e+01 7.040728079488645097e-02
-1.507666070723796636e+01 7.093314703911587915e-02
-1.505921997000377743e+01 7.138600034098845082e-02
-1.504177923276958495e+01 7.170388528637085257e-02
-1.502433849553539247e+01 7.183764757127160394e-02
-1.500689775830119999e+01 7.175407141575965153e-02
-1.498945702106700750e+01 7.143769197567811924e-02
-1.497201628383281502e+01 7.089121011377992609e-02
-1.495457554659862254e+01 7.013457479644699677e-02
-1.493713480936443005e+01 6.920292744465494916e-02
-1.491969407213023757e+01 6.814370499103257484e-02
-1.490225333489604509e+01 6.701325894878240597e-02
-1.488481259766185261e+01 6.587335683107710393e-02
-1.486737186042766012e+01 6.478788807774626957e-02
-1.484993112319346764e+01 6.382000665371402592e-02
-1.483249038595927516e+01 6.302982264828213554e-02
-1.481504964872508268e+01 6.247262772981510698e-02
-1.479760891149089375e+01 6.219752879106744264e-02
-1.478016817425669771e+01 6.224629283571074534e-02
-1.476272743702250878e+01 6.265218943946299079e-02
-1.474528669978831630e+01 6.343865981345916949e-02
-1.472784596255412382e+01 6.461773636513923336e-02
-1.471040522531993133e+01 6.618826521600575108e-02
-1.469296448808573885e+01 6.813411992614687440e-02
-1.467552375085154637e+01 7.042270830105927526e-02
-1.465808301361735388e+01 7.300413918619780285e-02
-1.464064227638316140e+01 7.581141457648032933e-02
-1.462320153914896892e+01 7.876193844774387331e-02
-1.460576080191477644e+01 8.176049541919647168e-02
-1.458832006468058395e+01 8.470367000886909470e-02
-1.457087932744639147e+01 8.748547973929698962e-02
-1.455343859021219899e+01 9.000381468989829270e-02
-1.453599785297800651e+01 9.216714143987503327e-02
-1.451855711574381402e+01 9.390086181106918617e-02
-1.450111637850962509e+01 9.515272600109302148e-02
-1.448367564127542906e+01 9.589678258150584333e-02
-1.446623490404124013e+01 9.613549014678895999e-02
-1.444879416680704409e+01 9.589979493647791953e-02
-1.443135342957285516e+01 9.524716990172124587e-02
-1.441391269233866268e+01 9.425778909772791758e-02
-1.439647195510447020e+01 9.302915775055696501e-02
-1.437903121787027771e+01 9.166962121067312452e-02
-1.436159048063608523e+01 9.029123175345828145e-02
-1.434414974340189275e+01 8.900246436770947733e-02
-1.432670900616770027e+01 8.790124959379852498e-02
-1.430926826893350778e+01 8.706874335493385020e-02
-1.429182753169931530e+01 8.656419004902993208e-02
-1.427438679446512282e+01 8.642116280897906011e-02
-1.425694605723093034e+01 8.664538732943488641e-02
-1.423950531999673785e+01 8.721427362937697603e-02
-1.422206458276254537e+01 8.807819264911531665e-02
-1.420462384552835289e+01 8.916344098699205412e-02
-1.418718310829416041e+01 9.037673861572499689e-02
-1.416974237105997148e+01 9.161100535309436854e-02
-1.415230163382577544e+01 9.275206965118854008e-02
-1.413486089659158651e+01 9.368588769836444508e-02
-1.411742015935739403e+01 9.430580231753223075e-02
-1.409997942212320154e+01 9.451935857818749565e-02
-1.408253868488900906e+01 9.425422162697275064e-02
-1.406509794765481658e+01 9.346281190426372620e-02
-1.404765721042062410e+01 9.212537760917245688e-02
-1.403021647318643161e+01 9.025135246579776838e-02
-1.401277573595223913e+01 8.787898310248484779e-02
-1.399533499871804665e+01 8.507333784576355529e-02
-1.397789426148385417e+01 8.192291211454016953e-02
-1.396045352424966168e+01 7.853511382566952248e-02
-1.394301278701546920e+01 7.503094061314397045e-02
-1.392557204978127672e+01 7.153915185523521125e-02
-1.390813131254708424e+01 6.819020195917749327e-02
-1.389069057531289175e+01 6.511015145886767108e-02
-1.387324983807870282e+01 6.241472552541967728e-02
-1.385580910084450679e+01 6.020366006210738780e-02
-1.383836836361031786e+01 5.855547308745154972e-02
-1.382092762637612182e+01 5.752282531747709288e-02
-1.380348688914193289e+01 5.712868169730110635e-02
-1.378604615190774041e+01 5.736354014670569379e-02
-1.376860541467354793e+01 5.818403482022636158e-02
-1.375116467743935544e+01 5.951322755096682265e-02
-1.373372394020516296e+01 6.124285546112814144e-02
-1.371628320297097048e+01 6.323769590788407002e-02
-1.369884246573677800e+01 6.534204441785326778e-02
-1.368140172850258551e+01 6.738809203179731144e-02
-1.366396099126839303e+01 6.920576160597656512e-02
-1.364652025403420055e+01 7.063335137997513169e-02
-1.362907951680000807e+01 7.152817337137906684e-02
-1.361163877956581558e+01 7.177629395998644246e-02
-1.359419804233162310e+01 7.130050385918804134e-02
-1.357675730509743417e+01 7.006576938079280004e-02
-1.355931656786324169e+01 6.808163523262099337e-02
-1.354187583062904920e+01 6.540133519852195376e-02
-1.352443509339485672e+01 6.211768465773594844e-02
-1.350699435616066424e+01 5.835613730540237937e-02
-1.348955361892647176e+01 5.426564918966894635e-02
-1.347211288169227927e+01 5.000817610855012169e-02
-1.345467214445808679e+01 4.574771786486846875e-02
-1.343723140722389431e+01 4.163981151903330818e-02
-1.341979066998970183e+01 3.782227571511421332e-02
-1.340234993275550934e+01 3.440783985220968039e-02
-1.338490919552131686e+01 3.147908166002284097e-02
-1.336746845828712438e+01 2.908587195007970860e-02
-1.335002772105293189e+01 2.724531008059997983e-02
-1.333258698381873941e+01 2.594394609114221081e-02
-1.331514624658454693e+01 2.514193650142576564e-02
-1.329770550935035445e+01 2.477867479249785260e-02
-1.328026477211616196e+01 2.477937404116378403e-02
-1.326282403488197303e+01 2.506205474526407642e-02
-1.324538329764778055e+01 2.554440144307585162e-02
-1.322794256041358807e+01 2.614999361469184935e-02
-1.321050182317939559e+01 2.681348658773230823e-02
-1.319306108594520310e+01 2.748441390020195732e-02
-1.317562034871101062e+01 2.812939994342028571e-02
-1.315817961147681814e+01 2.873270471811856241e-02
-1.314073887424262566e+01 2.929516237186872291e-02
-1.312329813700843317e+01 2.983171035879583766e-02
-1.310585739977424069e+01 3.036782347975913732e-02
-1.308841666254004821e+01 3.093525385166725691e-02
-1.307097592530585572e+01 3.156752357552809751e-02
-1.305353518807166324e+01 3.229561558653656905e-02
-1.303609445083747076e+01 3.314425988685120589e-02
-1.301865371360327828e+01 3.412912347709512462e-02
-1.300121297636908579e+01 3.525509486379889423e-02
-1.298377223913489331e+01 3.651572393156910651e-02
-1.296633150190070083e+01 3.789375246007594539e-02
-1.294889076466651190e+01 3.936256541173746570e-02
-1.293145002743231942e+01 4.088832014714267882e-02
-1.291400929019812693e+01 4.243247610175915341e-02
-1.289656855296393445e+01 4.395445101206651994e-02
-1.287912781572974197e+01 4.541416551874364466e-02
-1.286168707849554949e+01 4.677429559323850045e-02
-1.284424634126135700e+01 4.800211930088681134e-02
-1.282680560402716452e+01 4.907090877905700282e-02
-1.280936486679297204e+01 4.996087025895281503e-02
-1.279192412955877955e+01 5.065966872589781900e-02
-1.277448339232458707e+01 5.116258819334721514e-02
-1.275704265509039459e+01 5.147237661044094109e-02
-1.273960191785620211e+01 5.159881231649728756e-02
-1.272216118062200962e+01 5.155801437948716315e-02
-1.270472044338781714e+01 5.137150948164156267e-02
-1.268727970615362466e+01 5.106506869263222753e-02
-1.266983896891943218e+01 5.066734088704500510e-02
-1.265239823168523969e+01 5.020833456104310116e-02
-1.263495749445105076e+01 4.971783189576430007e-02
-1.261751675721685828e+01 4.922385112273867241e-02
-1.260007601998266580e+01 4.875129739450573957e-02
-1.258263528274847332e+01 4.832095061557838134e-02
-1.256519454551428083e+01 4.794892508269262693e-02
-1.254775380828008835e+01 4.764669753885243664e-02
-1.253031307104589587e+01 4.742173865103156694e-02
-1.251287233381170338e+01 4.727870364490331656e-02
-1.249543159657751090e+01 4.722105056652908112e-02
-1.247799085934331842e+01 4.725287207211408685e-02
-1.246055012210912594e+01 4.738066278343559118e-02
-1.244310938487493345e+01 4.761471232102994222e-02
-1.242566864764074097e+01 4.796982430456599861e-02
-1.240822791040654849e+01 4.846511886148838211e-02
-1.239078717317235601e+01 4.912277871068545382e-02
-1.237334643593816352e+01 4.996573744101506093e-02
-1.235590569870397104e+01 5.101446697653259921e-02
-1.233846496146977856e+01 5.228317796878546864e-02
-1.232102422423558963e+01 5.377587814329368859e-02
-1.230358348700139715e+01 5.548281680689151618e-02
-1.228614274976720466e+01 5.737786113409543837e-02
-1.226870201253301218e+01 5.941729216127586422e-02
-1.225126127529881970e+01 6.154037687921424388e-02
-1.223382053806462721e+01 6.367187993773076871e-02
-1.221637980083043473e+01 6.572644687336159919e-02
-1.219893906359624225e+01 6.761455025266357999e-02
-1.218149832636204977e+01 6.924947344893830903e-02
-1.216405758912785728e+01 7.055464473534217573e-02
-1.214661685189366480e+01 7.147055106792385426e-02
-1.212917611465947232e+01 7.196046996015098562e-02
-1.211173537742527984e+01 7.201436023049656576e-02
-1.209429464019108735e+01 7.165043642144226788e-02
-1.207685390295689487e+01 7.091419474254619104e-02
-1.205941316572270239e+01 6.987493044912244933e-02
-1.204197242848851346e+01 6.862005457395885244e-02
-1.202453169125432098e+01 6.724775038926064652e-02
-1.200709095402012849e+01 6.585868098441842455e-02
-1.198965021678593601e+01 6.454755147353036238e-02
-1.197220947955174353e+01 6.339533509938291567e-02
-1.195476874231755104e+01 6.246289433665525026e-02
-1.193732800508335856e+01 6.178657725698485231e-02
-1.191988726784916608e+01 6.137616394477134890e-02
-1.190244653061497360e+01 6.121530011796139092e-02
-1.188500579338078111e+01 6.126430979320001552e-02
-1.186756505614658863e+01 6.146505006924549847e-02
-1.185012431891239615e+01 6.174728085538658262e-02
-1.183268358167820367e+01 6.203588859681297835e-02
-1.181524284444401118e+01 6.225823818270799503e-02
-1.179780210720981870e+01 6.235093698118651662e-02
-1.178036136997562622e+01 6.226537755121482054e-02
-1.176292063274143374e+01 6.197157161356409844e-02
-1.174547989550724125e+01 6.145998091112212652e-02
-1.172803915827305232e+01 6.074126882599479443e-02
-1.171059842103885984e+01 5.984411522802622618e-02
-1.169315768380466736e+01 5.881143122988016086e-02
-1.167571694657047487e+01 5.769545879748403522e-02
-1.165827620933628239e+01 5.655232712052491589e-02
-1.164083547210208991e+01 5.543665604605668012e-02
-1.162339473486789743e+01 5.439674842731971605e-02
-1.160595399763370494e+01 5.347080801940823358e-02
-1.158851326039951246e+01 5.268447418305281793e-02
-1.157107252316531998e+01 5.204979956687250803e-02
-1.155363178593112750e+01 5.156563325234977957e-02
-1.153619104869693501e+01 5.121922844331969898e-02
-1.151875031146274253e+01 5.098878499943289982e-02
-1.150130957422855005e+01 5.084657139982309837e-02
-1.148386883699435757e+01 5.076225033431263495e-02
-1.146642809976016508e+01 5.070605373291740131e-02
-1.144898736252597260e+01 5.065150903602196053e-02
-1.143154662529178012e+01 5.057749855527469973e-02
-1.141410588805759119e+01 5.046952648039558509e-02
-1.139666515082339870e+01 5.032016238124759760e-02
-1.137922441358920622e+01 5.012871626669392761e-02
-1.136178367635501374e+01 4.990027082169187778e-02
-1.134434293912082126e+01 4.964424626370649019e-02
-1.132690220188662877e+01 4.937269985853350029e-02
-1.130946146465243629e+01 4.909856556525054455e-02
-1.129202072741824381e+01 4.883402187124222249e-02
-1.127457999018405133e+01 4.858914181805509130e-02
-1.125713925294985884e+01 4.837093395883193536e-02
-1.123969851571566636e+01 4.818283251718930710e-02
-1.122225777848147388e+01 4.802464507574757263e-02
-1.120481704124728140e+01 4.789292147680320605e-02
-1.118737630401308891e+01 4.778167153771709780e-02
-1.116993556677889643e+01 4.768333323877640278e-02
-1.115249482954470395e+01 4.758987727040748378e-02
-1.113505409231051146e+01 4.749392724164466090e-02
-1.111761335507631898e+01 4.738977613593602090e-02
-1.110017261784213005e+01 4.727418779105540397e-02
-1.108273188060793757e+01 4.714688711027706369e-02
-1.106529114337374509e+01 4.701066503785859135e-02
-1.104785040613955260e+01 4.687105508303311685e-02
-1.103040966890536012e+01 4.673557792013838946e-02
-1.101296893167116764e+01 4.661259843667986402e-02
-1.099552819443697516e+01 4.650989236201700378e-02
-1.097808745720278267e+01 4.643307146707561367e-02
-1.096064671996859019e+01 4.638405921068829152e-02
-1.094320598273439771e+01 4.635983348439291774e-02
-1.092576524550020522e+01 4.635165139704745113e-02
-1.090832450826601274e+01 4.634493733446769237e-02
-1.089088377103182026e+01 4.631994908493473201e-02
-1.087344303379762778e+01 4.625324283021196164e-02
-1.085600229656343529e+01 4.611984742081198102e-02
-1.083856155932924281e+01 4.589594742794558813e-02
-1.082112082209505033e+01 4.556178105917198240e-02
-1.080368008486085785e+01 4.510440019741118745e-02
-1.078623934762666892e+01 4.451992826311788887e-02
-1.076879861039247643e+01 4.381499286143233224e-02
-1.075135787315828395e+01 4.300710113596286494e-02
-1.073391713592409147e+01 4.212385468104422326e-02
-1.071647639868989899e+01 4.120104918291064150e-02
-1.069903566145570650e+01 4.027984934849924981e-02
-1.068159492422151402e+01 3.940334996651775196e-02
-1.066415418698732154e+01 3.861291098455849058e-02
-1.064671344975312905e+01 3.794467727656810480e-02
-1.062927271251893657e+01 3.742666021320966568e-02
-1.061183197528474409e+01 3.707667512385773995e-02
-1.059439123805055161e+01 3.690131061790209721e-02
-1.057695050081635912e+01 3.689597158250843001e-02
-1.055950976358216664e+01 3.704590782947780880e-02
-1.054206902634797416e+01 3.732803300600141122e-02
-1.052462828911378168e+01 3.771326675118340938e-02
-1.050718755187958919e+01 3.816910376335841404e-02
-1.048974681464539671e+01 3.866212596714306560e-02
-1.047230607741120778e+01 3.916022160133757896e-02
-1.045486534017701530e+01 3.963434656220793384e-02
-1.043742460294282282e+01 4.005974531039797198e-02
-1.041998386570863033e+01 4.041662784820305998e-02
-1.040254312847443785e+01 4.069036469274305012e-02
-1.038510239124024537e+01 4.087130605229009894e-02
-1.036766165400605288e+01 4.095435148908182360e-02
-1.035022091677186040e+01 4.093839332004772791e-02
-1.033278017953766792e+01 4.082573537933430891e-02
-1.031533944230347544e+01 4.062155530548123422e-02
-1.029789870506928295e+01 4.033344089828529155e-02
-1.028045796783509047e+01 3.997099662506777701e-02
-1.026301723060089799e+01 3.954549092806013133e-02
-1.024557649336670551e+01 3.906950232754739100e-02
-1.022813575613251302e+01 3.855652365632134676e-02
-1.021069501889832054e+01 3.802049782756650870e-02
-1.019325428166412806e+01 3.747528188728099091e-02
-1.017581354442993558e+01 3.693406371096134844e-02
-1.015837280719574665e+01 3.640878175639947895e-02
-1.014093206996155416e+01 3.590961707250907298e-02
-1.012349133272736168e+01 3.544463361279437397e-02
-1.010605059549316920e+01 3.501963500037246629e-02
-1.008860985825897671e+01 3.463828290640819096e-02
-1.007116912102478423e+01 3.430248655174937544e-02
-1.005372838379059175e+01 3.401302952219138753e-02
-1.003628764655639927e+01 3.377035604680336117e-02
-1.001884690932220678e+01 3.357540195943352346e-02
-1.000140617208801430e+01 3.343033313246861898e-02
-9.983965434853821819e+00 3.333905179284055165e-02
-9.966524697619629336e+00 3.330735135180652035e-02
-9.949083960385436853e+00 3.334264203983467595e-02
-9.931643223151244371e+00 3.345322780137586355e-02
-9.914202485917051888e+00 3.364718150458777257e-02
-9.896761748682859405e+00 3.393093061275032074e-02
-9.879321011448666923e+00 3.430771886850907809e-02
-9.861880274214474440e+00 3.477614257369179146e-02
-9.844439536980285510e+00 3.532896698854591511e-02
-9.826998799746093027e+00 3.595240741774766158e-02
-9.809558062511900545e+00 3.662601304552233483e-02
-9.792117325277708062e+00 3.732322556519556550e-02
-9.774676588043515579e+00 3.801260778855640454e-02
-9.757235850809323097e+00 3.865965961429816689e-02
-9.739795113575130614e+00 3.922906963366225297e-02
-9.722354376340938131e+00 3.968719837981940501e-02
-9.704913639106745649e+00 4.000455947850750649e-02
-9.687472901872553166e+00 4.015806054168366557e-02
-9.670032164638360683e+00 4.013278646998974519e-02
-9.652591427404168201e+00 3.992315120407965989e-02
-9.635150690169975718e+00 3.953330511186015084e-02
-9.617709952935783235e+00 3.897675784499761431e-02
-9.600269215701590753e+00 3.827525347395754202e-02
-9.582828478467398270e+00 3.745700853047791851e-02
-9.565387741233205787e+00 3.655448701435360520e-02
-9.547947003999013305e+00 3.560193304108968254e-02
-9.530506266764824375e+00 3.463290658731917049e-02
-9.513065529530631892e+00 3.367806761622024747e-02
-9.495624792296439409e+00 3.276342796099585009e-02
-9.478184055062246927e+00 3.190924051808160383e-02
-9.460743317828054444e+00 3.112962592815242749e-02
-9.443302580593861961e+00 3.043295464174445436e-02
-9.425861843359669479e+00 2.982291540307723324e-02
-9.408421106125476996e+00 2.930011895869348570e-02
-9.390980368891284513e+00 2.886401739977083325e-02
-9.373539631657092031e+00 2.851487320338855908e-02
-9.356098894422899548e+00 2.825549412712689834e-02
-9.338658157188707065e+00 2.809246441894206608e-02
-9.321217419954514583e+00 2.803664995983429567e-02
-9.303776682720322100e+00 2.810283209590470552e-02
-9.286335945486129617e+00 2.830842561702193172e-02
-9.268895208251937134e+00 2.867135089145032845e-02
-9.251454471017744652e+00 2.920724623176100196e-02
-9.234013733783552169e+00 2.992631026758004256e-02
-9.216572996549363239e+00 3.083014150210808269e-02
-9.199132259315170757e+00 3.190898112800713560e-02
-9.181691522080978274e+00 3.313975697066167542e-02
-9.164250784846785791e+00 3.448526777971732543e-02
-9.146810047612593308e+00 3.589474108044916900e-02
-9.129369310378400826e+00 3.730585422368519477e-02
-9.111928573144208343e+00 3.864814294376874015e-02
-9.094487835910015860e+00 3.984755470176441772e-02
-9.077047098675823378e+00 4.083175702406396934e-02
-9.059606361441630895e+00 4.153570410080922176e-02
-9.042165624207438412e+00 4.190691361598874315e-02
-9.024724886973245930e+00 4.190991850562310328e-02
-9.007284149739053447e+00 4.152943478530299326e-02
-8.989843412504860964e+00 4.077191766128288042e-02
-8.972402675270668482e+00 3.966534723683245306e-02
-8.954961938036475999e+00 3.825727062873370693e-02
-8.937521200802283516e+00 3.661130585527799103e-02
-8.920080463568091034e+00 3.480246281028016170e-02
-8.902639726333902104e+00 3.291174115093437741e-02
-8.885198989099709621e+00 3.102051409679809982e-02
-8.867758251865517138e+00 2.920519892842044635e-02
-8.850317514631324656e+00 2.753265485446678568e-02
-8.832876777397132173e+00 2.605664836419749331e-02
-8.815436040162939690e+00 2.481560043532844359e-02
-8.797995302928747208e+00 2.383169547027094021e-02
-8.780554565694554725e+00 2.311130384955056502e-02
-8.763113828460362242e+00 2.264656075026585599e-02
-8.745673091226169760e+00 2.241786148984660845e-02
-8.728232353991977277e+00 2.239698184139917239e-02
-8.710791616757784794e+00 2.255051030555878938e-02
-8.693350879523592312e+00 2.284328500699700157e-02
-8.675910142289399829e+00 2.324155571065840073e-02
-8.658469405055207346e+00 2.371563580090125384e-02
-8.641028667821014864e+00 2.424186462744727655e-02
-8.623587930586822381e+00 2.480376296672658770e-02
-8.606147193352629898e+00 2.539233007934351208e-02
-8.588706456118440968e+00 2.600549738097467783e-02
-8.571265718884248486e+00 2.664681883995549325e-02
-8.553824981650056003e+00 2.732353939378142846e-02
-8.536384244415863520e+00 2.804423675232957033e-02
-8.518943507181671038e+00 2.881627481457290849e-02
-8.501502769947478555e+00 2.964333369806457924e-02
-8.484062032713286072e+00 3.052328704194833681e-02
-8.466621295479093590e+00 3.144667759102838522e-02
-8.449180558244901107e+00 3.239599490031275231e-02
-8.431739821010708624e+00 3.334588525311282109e-02
-8.414299083776516142e+00 3.426432841891543374e-02
-8.396858346542323659e+00 3.511470762575617799e-02
-8.379417609308131176e+00 3.585859044962186326e-02
-8.361976872073938694e+00 3.645894354396407577e-02
-8.344536134839746211e+00 3.688343737428001479e-02
-8.327095397605553728e+00 3.710746989135648571e-02
-8.309654660371361246e+00 3.711655698512959095e-02
-8.292213923137168763e+00 3.690780272229830794e-02
-8.274773185902979833e+00 3.649026685154134475e-02
-8.257332448668787350e+00 3.588417759580820460e-02
-8.239891711434594868e+00 3.511907666335001982e-02
-8.222450974200402385e+00 3.423111140414883402e-02
-8.205010236966209902e+00 3.325978836333020466e-02
-8.187569499732017420e+00 3.224455982947931759e-02
-8.170128762497824937e+00 3.122162356738534400e-02
-8.152688025263632454e+00 3.022127640234814963e-02
-8.135247288029439972e+00 2.926608229603531314e-02
-8.117806550795247489e+00 2.837000796882289608e-02
-8.100365813561055006e+00 2.753855983660739165e-02
-8.082925076326862524e+00 2.676984110134466438e-02
-8.065484339092670041e+00 2.605635107898934127e-02
-8.048043601858477558e+00 2.538728006822135036e-02
-8.030602864624285075e+00 2.475101719782873966e-02
-8.013162127390092593e+00 2.413758590111620903e-02
-7.995721390155900998e+00 2.354074817582495205e-02
-7.978280652921708516e+00 2.295956817632217178e-02
-7.960839915687517809e+00 2.239929028802017247e-02
-7.943399178453325327e+00 2.187145896775089318e-02
-7.925958441219132844e+00 2.139328044455425515e-02
-7.908517703984940361e+00 2.098629426730475381e-02
-7.891076966750747879e+00 2.067448138301747340e-02
-7.873636229516555396e+00 2.048198180808707969e-02
-7.856195492282362913e+00 2.043062679819987806e-02
-7.838754755048170431e+00 2.053750623744013057e-02
-7.821314017813977948e+00 2.081279092523665927e-02
-7.803873280579787242e+00 2.125801146003659242e-02
-7.786432543345594759e+00 2.186496133583886586e-02
-7.768991806111402276e+00 2.261534360990362369e-02
-7.751551068877209794e+00 2.348122118715020856e-02
-7.734110331643017311e+00 2.442626466633339433e-02
-7.716669594408824828e+00 2.540772399908180351e-02
-7.699228857174632346e+00 2.637898665596047701e-02
-7.681788119940439863e+00 2.729253132223915385e-02
-7.664347382706247380e+00 2.810304754221416498e-02
-7.646906645472056674e+00 2.877047223769431741e-02
-7.629465908237864191e+00 2.926269606001640280e-02
-7.612025171003671709e+00 2.955771654884063043e-02
-7.594584433769479226e+00 2.964505941551309059e-02
-7.577143696535286743e+00 2.952635027354388875e-02
-7.559702959301094261e+00 2.921499141329275337e-02
-7.542262222066901778e+00 2.873497514481999221e-02
-7.524821484832709295e+00 2.811893960377016485e-02
-7.507380747598516813e+00 2.740563764527867777e-02
-7.489940010364326106e+00 2.663703829799314582e-02
-7.472499273130133624e+00 2.585530846528149088e-02
-7.455058535895941141e+00 2.509992740296490554e-02
-7.437617798661748658e+00 2.440516756597861658e-02
-7.420177061427556175e+00 2.379813472425087312e-02
-7.402736324193363693e+00 2.329750210052545720e-02
-7.385295586959171210e+00 2.291300384742302881e-02
-7.367854849724978727e+00 2.264567985440059036e-02
-7.350414112490786245e+00 2.248879446401496826e-02
-7.332973375256595538e+00 2.242929347999082085e-02
-7.315532638022403056e+00 2.244962275364930163e-02
-7.298091900788210573e+00 2.252971135303449141e-02
-7.280651163554018090e+00 2.264892390144128062e-02
-7.263210426319825608e+00 2.278780839658072280e-02
-7.245769689085633125e+00 2.292950350600981776e-02
-7.228328951851440642e+00 2.306071704596041744e-02
-7.210888214617248160e+00 2.317223839955339509e-02
-7.193447477383055677e+00 2.325899566575534774e-02
-7.176006740148864971e+00 2.331970832302339078e-02
-7.158566002914672488e+00 2.335621510124012701e-02
-7.141125265680480005e+00 2.337257374788001205e-02
-7.123684528446287523e+00 2.337403555457935947e-02
-7.106243791212095040e+00 2.336599526033875801e-02
-7.088803053977902557e+00 2.335300905300664170e-02
-7.071362316743710075e+00 2.333796219726732082e-02
-7.053921579509517592e+00 2.332145464726807435e-02
-7.036480842275325109e+00 2.330145798488530637e-02
-7.019040105041134403e+00 2.327327937946671935e-02
-7.001599367806941920e+00 2.322984693720971799e-02
-6.984158630572749438e+00 2.316230526001145096e-02
-6.966717893338556955e+00 2.306088093310746517e-02
-6.949277156104364472e+00 2.291594724367492994e-02
-6.931836418870171990e+00 2.271918939157491907e-02
-6.914395681635979507e+00 2.246475034919489383e-02
-6.896954944401787024e+00 2.215022784779741016e-02
-6.879514207167596318e+00 2.177739806716470772e-02
-6.862073469933403835e+00 2.135256279500561197e-02
-6.844632732699211353e+00 2.088645285122805659e-02
-6.827191995465018870e+00 2.039366763650354505e-02
-6.809751258230826387e+00 1.989168295852892718e-02
-6.792310520996633905e+00 1.939950996792677920e-02
-6.774869783762441422e+00 1.893613037383686665e-02
-6.757429046528248939e+00 1.851886160253609151e-02
-6.739988309294056457e+00 1.816181674541287108e-02
-6.722547572059865750e+00 1.787461698499620555e-02
-6.705106834825673268e+00 1.766149003824192543e-02
-6.687666097591480785e+00 1.752085030845640032e-02
-6.670225360357288302e+00 1.744540946315406918e-02
-6.652784623123095820e+00 1.742281517740406835e-02
-6.635343885888903337e+00 1.743676583135027325e-02
-6.617903148654710854e+00 1.746850449766474897e-02
-6.600462411420518372e+00 1.749856024003286492e-02
-6.583021674186325889e+00 1.750858126411621724e-02
-6.565580936952135183e+00 1.748309454753603151e-02
-6.548140199717942700e+00 1.741103098551898334e-02
-6.530699462483750217e+00 1.728687359224843900e-02
-6.513258725249557735e+00 1.711131762782575408e-02
-6.495817988015365252e+00 1.689137334719471861e-02
-6.478377250781172769e+00 1.663989104037793404e-02
-6.460936513546980287e+00 1.637453994781103150e-02
-6.443495776312787804e+00 1.611632274329000136e-02
-6.426055039078595321e+00 1.588775073920524125e-02
-6.408614301844404615e+00 1.571083738196672394e-02
-6.391173564610212132e+00 1.560508554298986779e-02
-6.373732827376019650e+00 1.558564557433209791e-02
-6.356292090141827167e+00 1.566180581043055339e-02
-6.338851352907634684e+00 1.583594667896185207e-02
-6.321410615673442202e+00 1.610304700057027527e-02
-6.303969878439249719e+00 1.645078085612030824e-02
-6.286529141205057236e+00 1.686019078319625497e-02
-6.269088403970864753e+00 1.730687337080762112e-02
-6.251647666736674047e+00 1.776257140481812824e-02
-6.234206929502481564e+00 1.819703638777481550e-02
-6.216766192268289082e+00 1.858000887794811554e-02
-6.199325455034096599e+00 1.888316236716787444e-02
-6.181884717799904116e+00 1.908186840523893799e-02
-6.164443980565711634e+00 1.915666402985762712e-02
-6.147003243331519151e+00 1.909433392676114852e-02
-6.129562506097326668e+00 1.888855530104731686e-02
-6.112121768863134186e+00 1.854008942912285449e-02
-6.094681031628943479e+00 1.805653706043105350e-02
-6.077240294394750997e+00 1.745170288769816447e-02
-6.059799557160558514e+00 1.674463583349608889e-02
-6.042358819926366031e+00 1.595842646720234403e-02
-6.024918082692173549e+00 1.511885074052749661e-02
-6.007477345457981066e+00 1.425295110003750934e-02
-5.990036608223788583e+00 1.338764271914779855e-02
-5.972595870989596101e+00 1.254842483119076452e-02
-5.955155133755403618e+00 1.175826552824450928e-02
-5.937714396521212912e+00 1.103671341208018949e-02
-5.920273659287020429e+00 1.039927169899389041e-02
-5.902832922052827946e+00 9.857050588522518059e-03
-5.885392184818635464e+00 9.416693083931934605e-03
-5.867951447584442981e+00 9.080549574022928408e-03
-5.850510710350250498e+00 8.847059196302494224e-03
-5.833069973116058016e+00 8.711283157318804038e-03
-5.815629235881865533e+00 8.665528316043554641e-03
-5.798188498647673050e+00 8.699999307446968852e-03
-5.780747761413482344e+00 8.803424257853279325e-03
-5.763307024179289861e+00 8.963611698570156383e-03
-5.745866286945097379e+00 9.167912727359516650e-03
-5.728425549710904896e+00 9.403580331530266706e-03
-5.710984812476712413e+00 9.658034444811169905e-03
-5.693544075242519931e+00 9.919054421613778677e-03
-5.676103338008327448e+00 1.017492850329003787e-02
-5.658662600774134965e+00 1.041459175589834300e-02
-5.641221863539942483e+00 1.062778007851428001e-02
-5.623781126305751776e+00 1.080521926297312203e-02
-5.606340389071559294e+00 1.093885637216913606e-02
-5.588899651837366811e+00 1.102212781447245438e-02
-5.571458914603174328e+00 1.105024631703301757e-02
-5.554018177368981846e+00 1.102047916217693303e-02
-5.536577440134789363e+00 1.093238375653649182e-02
-5.519136702900596880e+00 1.078796459295105689e-02
-5.501695965666404398e+00 1.059171822480966217e-02
-5.484255228432211915e+00 1.035053986480343434e-02
-5.466814491198021209e+00 1.007347611880796308e-02
-5.449373753963828726e+00 9.771322270637469720e-03
-5.431933016729636243e+00 9.456078182809060997e-03
-5.414492279495443761e+00 9.140292686637680256e-03
-5.397051542261251278e+00 8.836340489237521842e-03
-5.379610805027058795e+00 8.555686260873258606e-03
-5.362170067792866313e+00 8.308196016751258697e-03
-5.344729330558673830e+00 8.101554991963254987e-03
-5.327288593324481347e+00 7.940843500086966142e-03
-5.309847856090290641e+00 7.828308270053549803e-03
-5.292407118856098158e+00 7.763347937371805479e-03
-5.274966381621905676e+00 7.742709996264799353e-03
-5.257525644387713193e+00 7.760875352082668120e-03
-5.240084907153520710e+00 7.810588440486142606e-03
-5.222644169919328228e+00 7.883478057165181629e-03
-5.205203432685135745e+00 7.970708082961189961e-03
-5.187762695450943262e+00 8.063598618472249055e-03
-5.170321958216750780e+00 8.154165961721370620e-03
-5.152881220982560073e+00 8.235542741099489278e-03
-5.135440483748367591e+00 8.302255153630470896e-03
-5.117999746514175108e+00 8.350350339936227911e-03
-5.100559009279982625e+00 8.377381454540446665e-03
-5.083118272045790142e+00 8.382269598915852160e-03
-5.065677534811597660e+00 8.365069873478165816e-03
-5.048236797577405177e+00 8.326673464259012891e-03
-5.030796060343212694e+00 8.268479460605425782e-03
-5.013355323109020212e+00 8.192069699138999905e-03
-4.995914585874829505e+00 8.098917897532521143e-03
-4.978473848640637023e+00 7.990160901822862538e-03
-4.961033111406444540e+00 7.866454897704908827e-03
-4.943592374172252057e+00 7.727932603425627898e-03
-4.926151636938059575e+00 7.574268504743955285e-03
-4.908710899703867092e+00 7.404848197284938718e-03
-4.891270162469674609e+00 7.219025524194265693e-03
-4.873829425235482127e+00 7.016438727595702279e-03
-4.856388688001289644e+00 6.797346068621892140e-03
-4.838947950767098938e+00 6.562934312333478827e-03
-4.821507213532906455e+00 6.315551903803656025e-03
-4.804066476298713972e+00 6.058823713996405042e-03
-4.786625739064521490e+00 5.797616053035419166e-03
-4.769185001830329007e+00 5.537838226996982631e-03
-4.751744264596136524e+00 5.286088157749610668e-03
-4.734303527361944042e+00 5.049171595392626562e-03
-4.716862790127751559e+00 4.833543979971768705e-03
-4.699422052893559076e+00 4.644737986253270369e-03
-4.681981315659368370e+00 4.486845843023435504e-03
-4.664540578425175887e+00 4.362122389481156923e-03
-4.647099841190983405e+00 4.270762576967417415e-03
-4.629659103956790922e+00 4.210887148768858307e-03
-4.612218366722598439e+00 4.178745088421794394e-03
-4.594777629488405957e+00 4.169114457341835216e-03
-4.577336892254213474e+00 4.175858092081770334e-03
-4.559896155020020991e+00 4.192570733225902367e-03
-4.542455417785828509e+00 4.213242243975176722e-03
-4.525014680551637802e+00 4.232859290031541592e-03
-4.507573943317445320e+00 4.247875513435797265e-03
-4.490133206083252837e+00 4.256496791442915782e-03
-4.472692468849060354e+00 4.258751356468752809e-03
-4.455251731614867872e+00 4.256341200144415221e-03
-4.437810994380675389e+00 4.252297695312478101e-03
-4.420370257146482906e+00 4.250487237534619420e-03
-4.402929519912290424e+00 4.255029026986802999e-03
-4.385488782678097941e+00 4.269694992485254664e-03
-4.368048045443907235e+00 4.297360677110067737e-03
-4.350607308209714752e+00 4.339566344915122935e-03
-4.333166570975522269e+00 4.396231459986177197e-03
-4.315725833741329787e+00 4.465545660912056437e-03
-4.298285096507137304e+00 4.544038372953325584e-03
-4.280844359272944821e+00 4.626810084138057062e-03
-4.263403622038752339e+00 4.707893297648922323e-03
-4.245962884804559856e+00 4.780701623348460570e-03
-4.228522147570367373e+00 4.838521757748192459e-03
-4.211081410336174891e+00 4.875004678434855659e-03
-4.193640673101982408e+00 4.884618014381579554e-03
-4.176199935867789925e+00 4.863029659872938025e-03
-4.158759198633597443e+00 4.807401684175007656e-03
-4.141318461399404960e+00 4.716582152332607879e-03
-4.123877724165216030e+00 4.591189798006481936e-03
-4.106436986931023547e+00 4.433592295883441968e-03
-4.088996249696831065e+00 4.247783345509419453e-03
-4.071555512462638582e+00 4.039167362078844963e-03
-4.054114775228446099e+00 3.814263804798995270e-03
-4.036674037994253617e+00 3.580346462492602685e-03
-4.019233300760061134e+00 3.345036493870846579e-03
-4.001792563525868651e+00 3.115871503025459052e-03
-3.984351826291676169e+00 2.899875957830035881e-03
-3.966911089057483686e+00 2.703160202755699841e-03
-3.949470351823291203e+00 2.530575535749428513e-03
-3.932029614589098721e+00 2.385450807355136201e-03
-3.914588877354906238e+00 2.269431517539495340e-03
-3.897148140120713755e+00 2.182435525724078784e-03
-3.879707402886521272e+00 2.122730696575099874e-03
-3.862266665652328790e+00 2.087129831587740143e-03
-3.844825928418136307e+00 2.071288060964796267e-03
-3.827385191183943824e+00 2.070078574622229509e-03
-3.809944453949754894e+00 2.078015212124498853e-03
-3.792503716715562412e+00 2.089685905880025053e-03
-3.775062979481369929e+00 2.100159896187577587e-03
-3.757622242247177446e+00 2.105334252156885588e-03
-3.740181505012984964e+00 2.102191352526102709e-03
-3.722740767778792481e+00 2.088947989421598324e-03
-3.705300030544599998e+00 2.065087669919123386e-03
-3.687859293310407516e+00 2.031279263763501909e-03
-3.670418556076215033e+00 1.989196046100461922e-03
-3.652977818842022550e+00 1.941258167546625838e-03
-3.635537081607830068e+00 1.890327674278246542e-03
-3.618096344373637585e+00 1.839387828486771428e-03
-3.600655607139445102e+00 1.791237554948759683e-03
-3.583214869905252620e+00 1.748227746584466108e-03
-3.565774132671060137e+00 1.712059673110160425e-03
-3.548333395436867654e+00 1.683657866358183840e-03
-3.530892658202675172e+00 1.663121681436225199e-03
-3.513451920968482689e+00 1.649752222852254651e-03
-3.496011183734293759e+00 1.642145202368126182e-03
-3.478570446500101276e+00 1.638335965566474961e-03
-3.461129709265908794e+00 1.635980470070508546e-03
-3.443688972031716311e+00 1.632555240412807010e-03
-3.426248234797523828e+00 1.625559920247948752e-03
-3.408807497563331346e+00 1.612707598850887398e-03
-3.391366760329138863e+00 1.592090257816908012e-03
-3.373926023094946380e+00 1.562309221425562354e-03
-3.356485285860753898e+00 1.522563271530294341e-03
-3.339044548626561415e+00 1.472690061270085166e-03
-3.321603811392368932e+00 1.413159615144051135e-03
-3.304163074158176450e+00 1.345021984964667183e-03
-3.286722336923983967e+00 1.269814409796870018e-03
-3.269281599689791484e+00 1.189436375434441660e-03
-3.251840862455599002e+00 1.106003484122341108e-03
-3.234400125221406519e+00 1.021692707209265367e-03
-3.216959387987214036e+00 9.385921321455156958e-04
-3.199518650753021554e+00 8.585675801294156105e-04
-3.182077913518832624e+00 7.831564790446792716e-04
-3.164637176284640141e+00 7.134963286434790625e-04
-3.147196439050447658e+00 6.502913527148634996e-04
-3.129755701816255176e+00 5.938169634386339336e-04
-3.112314964582062693e+00 5.439579629152119450e-04
-3.094874227347870210e+00 5.002734210520656897e-04
-3.077433490113677728e+00 4.620792216716540740e-04
-3.059992752879485245e+00 4.285385181665478187e-04
-3.042552015645292762e+00 3.987507654133674688e-04
-3.025111278411100280e+00 3.718314142181245742e-04
-3.007670541176907797e+00 3.469764692765630091e-04
-2.990229803942715314e+00 3.235085637671450214e-04
-2.972789066708522832e+00 3.009036382185219108e-04
-2.955348329474330349e+00 2.787994288957998824e-04
-2.937907592240137866e+00 2.569885645108994920e-04
-2.920466855005945384e+00 2.354000405765829492e-04
-2.903026117771752901e+00 2.140731930555798588e-04
-2.885585380537560418e+00 1.931281154646440155e-04
-2.868144643303371488e+00 1.727358979820369607e-04
-2.850703906069179006e+00 1.530912755736696254e-04
-2.833263168834986523e+00 1.343894081406148415e-04
-2.815822431600794040e+00 1.168077026726002356e-04
-2.798381694366601558e+00 1.004929077335742872e-04
-2.780940957132409075e+00 8.555320418379731026e-05
-2.763500219898216592e+00 7.205468651188466460e-05
-2.746059482664024110e+00 6.002145471599641707e-05
-2.728618745429831627e+00 4.943848212512030714e-05
-2.711178008195639144e+00 4.025645186021505929e-05
-2.693737270961446661e+00 3.239783045051999796e-05
-2.676296533727254179e+00 2.576354661517697410e-05
-2.658855796493061696e+00 2.023975068325945095e-05
-2.641415059258869213e+00 1.570423730803303741e-05
-2.623974322024676731e+00 1.203221755456849772e-05
-2.606533584790484248e+00 9.101224724052827436e-06
-2.589092847556291765e+00 6.795030203948154845e-06
-2.571652110322099283e+00 5.006529212571700578e-06
-2.554211373087910353e+00 3.639628777063298294e-06
-2.536770635853717870e+00 2.610228705068510416e-06
-2.519329898619525387e+00 1.846428371128676287e-06
-2.501889161385332905e+00 1.288116828915134877e-06
-2.484448424151140422e+00 8.861117053084545412e-07
-2.467007686916947939e+00 6.010057281471453670e-07
-2.449566949682755457e+00 4.018619611064695463e-07
-2.432126212448562974e+00 2.648738402522941849e-07
-2.414685475214370491e+00 1.720778909106682152e-07
-2.397244737980178009e+00 1.101789962745201577e-07
-2.379804000745985526e+00 6.952288964392976019e-08
-2.362363263511793043e+00 4.322977408350182951e-08
-2.344922526277600561e+00 2.648733150061025978e-08
-2.327481789043408078e+00 1.599080265828628990e-08
-2.310041051809215595e+00 9.511705265286708582e-09
-2.292600314575023113e+00 5.574219872052282507e-09
-2.275159577340830630e+00 3.218332945555910224e-09
-2.257718840106641700e+00 1.830561932936695539e-09
-2.240278102872449217e+00 1.025726378075675082e-09
-2.222837365638256735e+00 5.661881767330860962e-10
-2.205396628404064252e+00 3.078662541559102733e-10
-2.187955891169871769e+00 1.649021856702855516e-10
-2.170515153935679287e+00 8.700532245320237611e-11
-2.153074416701486804e+00 4.521820186616879682e-11
-2.135633679467294321e+00 2.314848676052876781e-11
-2.118192942233101839e+00 1.167261847331916125e-11
-2.100752204998909356e+00 5.797563314960373285e-12
-2.083311467764716873e+00 2.836285606618344488e-12
-2.065870730530524391e+00 1.366714811197281908e-12
-2.048429993296331908e+00 6.486732538988568076e-13
-2.030989256062139425e+00 3.032433571744582412e-13
-2.013548518827946943e+00 1.396275841535876716e-13
-1.996107781593754460e+00 6.332329275135044530e-14
-1.978667044359561977e+00 2.828564440939520741e-14
-1.961226307125369495e+00 1.244449302387211335e-14
-1.943785569891180565e+00 5.392564079113393176e-15
-1.926344832656988082e+00 2.301542563740791680e-15
-1.908904095422795599e+00 9.674913189392014135e-16
-1.891463358188603117e+00 4.005700131409746961e-16
-1.874022620954410634e+00 1.633473650703423945e-16
-1.856581883720218151e+00 6.560657008009155275e-17
-1.839141146486025669e+00 2.595274464740398461e-17
-1.821700409251833186e+00 1.011158785786596246e-17
-1.804259672017640703e+00 3.880207523272490406e-18
-1.786818934783448221e+00 1.466525313915091783e-18
-1.769378197549255738e+00 5.459121239285784714e-19
-1.751937460315063255e+00 2.001493025787999924e-19
-1.734496723080870773e+00 7.227419042662213019e-20
-1.717055985846678290e+00 2.570454320856451720e-20
-1.699615248612485807e+00 9.003964394893858241e-21
-1.682174511378293325e+00 3.106380319223624823e-21
-1.664733774144100842e+00 1.055534042883698876e-21
-1.647293036909908359e+00 3.532534669353379979e-22
-1.629852299675719429e+00 1.164386125159435241e-22
-1.612411562441526947e+00 3.780105024805457262e-23
-1.594970825207334464e+00 1.208667523418975487e-23
-1.577530087973141981e+00 3.806325552795541112e-24
-1.560089350738949499e+00 1.180595751449635507e-24
-1.542648613504757016e+00 3.606561564420570384e-25
-1.525207876270564533e+00 1.085137316032589970e-25
-1.507767139036372050e+00 3.215758758761107297e-26
-1.490326401802179568e+00 9.386807943515482808e-27
-1.472885664567987085e+00 2.699521294818346703e-27
-1.455444927333794602e+00 7.654887268573590725e-28
-1.438004190099602120e+00 2.146465910282956703e-28
-1.420563452865409637e+00 6.013608307231222340e-29
-1.403122715631217154e+00 1.744920526001348414e-29
-1.385681978397024672e+00 5.832497522737083356e-30
-1.368241241162832189e+00 2.719559657282621122e-30
-1.350800503928639706e+00 1.901377357326244579e-30
-1.333359766694447224e+00 1.695443517303657616e-30
-1.315919029460258294e+00 1.652188107405723855e-30
-1.298478292226065811e+00 1.652515493393582492e-30
-1.281037554991873328e+00 1.664439326422532138e-30
-1.263596817757680846e+00 1.678526367859108246e-30
-1.246156080523488363e+00 1.691087935859127150e-30
-1.228715343289295880e+00 1.699923555858840141e-30
-1.211274606055103398e+00 1.703314014280391032e-30
-1.193833868820910915e+00 1.699841242352133913e-30
-1.176393131586718432e+00 1.688410400779435623e-30
-1.158952394352525950e+00 1.668311172822753630e-30
-1.141511657118333467e+00 1.639271799781143997e-30
-1.124070919884140984e+00 1.601488975124362320e-30
-1.106630182649948502e+00 1.555625519335204533e-30
-1.089189445415756019e+00 1.502772337726794880e-30
-1.071748708181563536e+00 1.444375322166154163e-30
-1.054307970947371054e+00 1.382132086016813434e-30
-1.036867233713178571e+00 1.317867333863972389e-30
-1.019426496478986088e+00 1.253398688096237651e-30
-1.001985759244797158e+00 1.190406410395962884e-30
-9.845450220106046757e-01 1.130320347171165320e-30
-9.671042847764121930e-01 1.074235536101328520e-30
-9.496635475422197104e-01 1.022864460176990412e-30
-9.322228103080272277e-01 9.765294006443381381e-31
-9.147820730738347450e-01 9.351933719466612025e-31
-8.973413358396422623e-01 8.985234415101359282e-31
-8.799005986054497797e-01 8.659765193728038408e-31
-8.624598613712572970e-01 8.368954651564797394e-31
-8.450191241370648143e-01 8.106028825996841307e-31
-8.275783869028723316e-01 7.864812564507545448e-31
-8.101376496686798490e-01 7.640308641820920611e-31
-7.926969124344873663e-01 7.429006797502591789e-31
-7.752561752002948836e-01 7.228916632020008111e-31
-7.578154379661024009e-01 7.039357593759522577e-31
-7.403747007319099183e-01 6.860570525687486940e-31
-7.229339634977174356e-01 6.693234470829942137e-31
-7.054932262635249529e-01 6.537977852800330493e-31
-6.880524890293360230e-01 6.394965182347538622e-31
-6.706117517951435403e-01 6.263621479034130766e-31
-6.531710145609510576e-01 6.142530400291963632e-31
-6.357302773267585749e-01 6.029513039271808780e-31
-6.182895400925660923e-01 5.921866785795358202e-31
-6.008488028583736096e-01 5.816721119540096093e-31
-5.834080656241811269e-01 5.711452179036499818e-31
-5.659673283899886442e-01 5.604091606240205541e-31
-5.485265911557961616e-01 5.493667477205206552e-31
-5.310858539216036789e-01 5.380425081105369901e-31
-5.136451166874111962e-01 5.265891199507361561e-31
-4.962043794532187135e-01 5.152765268812188553e-31
-4.787636422190262309e-01 5.044642135251766123e-31
-4.613229049848337482e-01 4.945591814087503069e-31
-4.438821677506412655e-01 4.859639669447811485e-31
-4.264414305164487828e-01 4.790203907722135920e-31
-4.090006932822563002e-01 4.739554741464690173e-31
-3.915599560480638175e-01 4.708360025249129439e-31
-3.741192188138748875e-01 4.695375209753605771e-31
-3.566784815796824049e-01 4.697321490897647028e-31
-3.392377443454899222e-01 4.708976277622894847e-31
-3.217970071112974395e-01 4.723476613401631629e-31
-3.043562698771049568e-01 4.732811662999854997e-31
-2.869155326429124742e-01 4.728457861812473998e-31
-2.694747954087199915e-01 4.702092793521699828e-31
-2.520340581745275088e-01 4.646313758082061689e-31
-2.345933209403350261e-01 4.555285819774584343e-31
-2.171525837061425435e-01 4.425252162339505300e-31
-1.997118464719500608e-01 4.254855787953031956e-31
-1.822711092377575781e-01 4.045243760669623276e-31
-1.648303720035650954e-01 3.799950253363027559e-31
-1.473896347693726128e-01 3.524579196427172075e-31
-1.299488975351801301e-01 3.226328122006115255e-31
-1.125081603009876474e-01 2.913409312422028274e-31
-9.506742306679516474e-02 2.594431109442381374e-31
-7.762668583260268207e-02 2.277800952941677299e-31
-6.018594859841375211e-02 1.971203292392341014e-31
-4.274521136422126943e-02 1.681191778804523319e-31
-2.530447413002878676e-02 1.412918478508549185e-31
-7.863736895836304086e-03 1.170005761384177717e-31
9.577000338356178588e-03 9.545512425345168247e-32
2.701773757254866126e-02 7.672443634880528575e-32
4.445847480674114394e-02 6.075658138830105595e-32
6.189921204093362661e-02 4.740381846970439085e-32
7.933994927512610928e-02 3.644975216119419690e-32
9.678068650931859196e-02 2.763598592276394392e-32
1.142214237435110746e-01 2.068631734044737250e-32
1.316621609777035573e-01 1.532722813853352631e-32
1.491028982118960400e-01 1.130409953550011828e-32
1.665436354460885227e-01 8.393151063091378406e-33
1.839843726802810053e-01 6.409511381955349790e-33
2.014251099144734880e-01 5.212065976805449284e-33
2.188658471486659707e-01 4.705797122423019222e-33
2.363065843828584534e-01 4.842262673876848453e-33
2.537473216170473833e-01 5.618689836308442764e-33
2.711880588512398660e-01 7.075931273479728366e-33
2.886287960854323487e-01 9.295287873524039109e-33
3.060695333196248313e-01 1.239398733056778193e-32
3.235102705538173140e-01 1.651895827508047636e-32
3.409510077880097967e-01 2.183848737945482629e-32
3.583917450222022794e-01 2.853141388635923908e-32
3.758324822563947620e-01 3.677371199802896381e-32
3.932732194905872447e-01 4.672262990534296433e-32
4.107139567247797274e-01 5.849896893382061157e-32
4.281546939589722101e-01 7.216855069248398794e-32
4.455954311931646927e-01 8.772436876595884263e-32
4.630361684273571754e-01 1.050712760015384041e-31
4.804769056615496581e-01 1.240152376441133168e-31
4.979176428957421408e-01 1.442591140758600342e-31
5.153583801299346234e-01 1.654065801409370901e-31
5.327991173641271061e-01 1.869751358347939654e-31
5.502398545983195888e-01 2.084182588012239948e-31
5.676805918325085187e-01 2.291556857315965215e-31
5.851213290667010014e-01 2.486097223436084194e-31
6.025620663008934841e-01 2.662445294098571880e-31
6.200028035350859668e-01 2.816046740359029674e-31
6.374435407692784494e-01 2.943490009841784889e-31
6.548842780034709321e-01 3.042761432110448196e-31
6.723250152376634148e-01 3.113387551959463193e-31
6.897657524718558975e-01 3.156447382887396732e-31
7.072064897060483801e-01 3.174451834211982114e-31
7.246472269402408628e-01 3.171102824912213452e-31
7.420879641744333455e-01 3.150958375010437870e-31
7.595287014086258282e-01 3.119040275290835922e-31
7.769694386428183108e-01 3.080426327914328199e-31
7.944101758770107935e-01 3.039868954857921553e-31
8.118509131112032762e-01 3.001476402953217178e-31
8.292916503453957588e-01 2.968482873822146061e-31
8.467323875795882415e-01 2.943121334875738522e-31
8.641731248137807242e-01 2.926599498761911497e-31
8.816138620479696542e-01 2.919167438585988813e-31
8.990545992821621368e-01 2.920256135989013444e-31
9.164953365163546195e-01 2.928660966503360776e-31
9.339360737505471022e-01 2.942743056172231640e-31
9.513768109847395849e-01 2.960624272872153935e-31
9.688175482189320675e-01 2.980357478564391463e-31
9.862582854531245502e-01 3.000061346624229327e-31
1.003699022687317033e+00 3.018017189966961210e-31
1.021139759921509516e+00 3.032732570233216552e-31
1.038580497155701998e+00 3.042981917646361640e-31
1.056021234389894481e+00 3.047837275945007998e-31
1.073461971624086964e+00 3.046702278073857570e-31
1.090902708858279446e+00 3.039359633829013951e-31
1.108343446092471929e+00 3.026037217444252575e-31
1.125784183326664412e+00 3.007491045216645184e-31
1.143224920560856894e+00 2.985096037969544204e-31
1.160665657795049377e+00 2.960928624752813354e-31
1.178106395029241860e+00 2.937820143777848523e-31
1.195547132263430790e+00 2.919357699849060229e-31
1.212987869497623272e+00 2.909810440285965054e-31
1.230428606731815755e+00 2.913964491217743006e-31
1.247869343966008238e+00 2.936858895915877363e-31
1.265310081200200720e+00 2.983427066094467931e-31
1.282750818434393203e+00 3.058062175468433979e-31
1.300191555668585686e+00 3.164138818572103749e-31
1.317632292902778168e+00 3.303535106361514963e-31
1.335073030136970651e+00 3.476207181894699513e-31
1.352513767371163134e+00 3.679870260315830732e-31
1.369954504605355616e+00 3.909835704552996731e-31
1.387395241839548099e+00 4.159042177662650464e-31
1.404835979073740582e+00 4.418301375669770735e-31
1.422276716307933064e+00 4.676756999317086431e-31
1.439717453542125547e+00 4.922531992953312059e-31
1.457158190776318030e+00 5.143516632514757543e-31
1.474598928010510512e+00 5.328231779032057722e-31
1.492039665244702995e+00 5.466690104150329468e-31
1.509480402478891925e+00 5.551175083910877046e-31
1.526921139713084408e+00 5.576863665908519115e-31
1.544361876947276890e+00 5.542233115175533785e-31
1.561802614181469373e+00 5.449213838172326781e-31
1.579243351415661856e+00 5.303075273459237348e-31
1.596684088649854338e+00 5.112058037859525133e-31
1.614124825884046821e+00 4.886789247345538250e-31
1.631565563118239304e+00 4.639536589044374367e-31
1.649006300352431786e+00 4.383368453908664809e-31
1.666447037586624269e+00 4.131291463959478219e-31
1.683887774820816752e+00 3.895433346867436877e-31
1.701328512055009234e+00 3.686329556448868810e-31
1.718769249289201717e+00 3.512358180619280982e-31
1.736209986523394200e+00 3.379351688519858828e-31
1.753650723757586682e+00 3.290398185216546588e-31
1.771091460991779165e+00 3.245831650819991709e-31
1.788532198225971648e+00 3.243405301465837196e-31
1.805972935460164130e+00 3.278662448320448202e-31
1.823413672694353060e+00 3.345636652616951471e-31
1.840854409928545543e+00 3.438520015331827434e-31
1.858295147162738026e+00 3.557012253622716527e-31
1.875735884396930508e+00 3.726363666028803954e-31
1.893176621631122991e+00 4.075796451186038227e-31
1.910617358865315474e+00 5.145532987610452303e-31
1.928058096099507956e+00 9.074987436354122301e-31
1.945498833333700439e+00 2.413374879568243265e-30
1.962939570567892922e+00 8.173380477347279739e-30
1.980380307802085404e+00 2.993092294760806605e-29
1.997821045036277887e+00 1.109095856943983862e-28
2.015261782270470370e+00 4.077486870677511030e-28
2.032702519504662853e+00 1.479350364563284961e-27
2.050143256738855335e+00 5.289177980690652962e-27
2.067583993973047818e+00 1.862861375125995727e-26
2.085024731207240301e+00 6.462565381338581422e-26
2.102465468441432783e+00 2.208261025965461494e-25
2.119906205675625266e+00 7.432152089514784464e-25
2.137346942909814196e+00 2.463755228511604817e-24
2.154787680144006679e+00 8.044518820250387875e-24
2.172228417378199161e+00 2.587158892267332963e-23
2.189669154612391644e+00 8.195354001275151821e-23
2.207109891846584127e+00 2.557025439432275608e-22
2.224550629080776609e+00 7.858257880426985106e-22
2.241991366314969092e+00 2.378716226882298606e-21
2.259432103549161575e+00 7.092272454366291597e-21
2.276872840783354057e+00 2.082840176325114252e-20
2.294313578017546540e+00 6.024980444285731746e-20
2.311754315251739023e+00 1.716666604381587444e-19
2.329195052485931505e+00 4.817796179168695846e-19
2.346635789720123988e+00 1.331817226242579436e-18
2.364076526954316471e+00 3.626404445368396675e-18
2.381517264188508953e+00 9.726240279534550830e-18
2.398958001422701436e+00 2.569524216302141532e-17
2.416398738656893919e+00 6.686537804821195538e-17
2.433839475891086401e+00 1.713928717477465409e-16
2.451280213125275331e+00 4.327421085301295977e-16
2.468720950359467814e+00 1.076248842872256062e-15
2.486161687593660297e+00 2.636608665205954135e-15
2.503602424827852779e+00 6.362539656669020140e-15
2.521043162062045262e+00 1.512410610811365712e-14
2.538483899296237745e+00 3.541326625010539926e-14
2.555924636530430227e+00 8.168120227262676647e-14
2.573365373764622710e+00 1.855842400953414734e-13
2.590806110998815193e+00 4.153613019547224532e-13
2.608246848233007675e+00 9.157570121327788818e-13
2.625687585467200158e+00 1.988873976096336680e-12
2.643128322701392641e+00 4.255110008813867548e-12
2.660569059935585123e+00 8.967983305337415021e-12
2.678009797169777606e+00 1.861930522999264067e-11
2.695450534403970089e+00 3.808213801726300007e-11
2.712891271638162571e+00 7.673140303063422534e-11
2.730332008872355054e+00 1.523084687197134459e-10
2.747772746106547537e+00 2.978376250488966572e-10
2.765213483340736467e+00 5.737802188504289548e-10
2.782654220574928949e+00 1.089001414998817607e-09
2.800094957809121432e+00 2.036268445857951360e-09
2.817535695043313915e+00 3.751221758036261832e-09
2.834976432277506397e+00 6.808470813862341046e-09
2.852417169511698880e+00 1.217514788621553702e-08
2.869857906745891363e+00 2.145142624956651669e-08
2.887298643980083845e+00 3.723965360777503126e-08
2.904739381214276328e+00 6.369917652349642779e-08
2.922180118448468811e+00 1.073625814974632130e-07
2.939620855682661293e+00 1.783102743767244690e-07
2.957061592916853776e+00 2.918224511557573672e-07
2.974502330151046259e+00 4.706477169640037725e-07
2.991943067385238741e+00 7.480415075942932256e-07
3.009383804619431224e+00 1.171729058923278295e-06
3.026824541853623707e+00 1.808929506869361206e-06
3.044265279087816189e+00 2.752531477545862815e-06
3.061706016322008672e+00 4.128428182079143469e-06
3.079146753556197602e+00 6.103895401731885446e-06
3.096587490790390085e+00 8.896726699530413152e-06
3.114028228024582567e+00 1.278463096074346626e-05
3.131468965258775050e+00 1.811416070842740046e-05
3.148909702492967533e+00 2.530819823274490168e-05
3.166350439727160015e+00 3.487081296031843816e-05
3.183791176961352498e+00 4.738815806208522449e-05
3.201231914195544981e+00 6.352404091851430133e-05
3.218672651429737464e+00 8.400892145245201907e-05
3.236113388663929946e+00 1.096213938862088051e-04
3.253554125898122429e+00 1.411617007086838379e-04
3.270994863132314912e+00 1.794174951312738379e-04
3.288435600366507394e+00 2.251228619665777487e-04
3.305876337600699877e+00 2.789124491912108950e-04
3.323317074834892360e+00 3.412733538164885961e-04
3.340757812069084842e+00 4.124980372339802966e-04
3.358198549303277325e+00 4.926419158174417815e-04
3.375639286537469808e+00 5.814893069527154448e-04
3.393080023771658738e+00 6.785310748240001985e-04
3.410520761005851220e+00 7.829566306886526867e-04
3.427961498240043703e+00 8.936619662209584073e-04
3.445402235474236186e+00 1.009274244075001855e-03
3.462842972708428668e+00 1.128192268313818513e-03
3.480283709942621151e+00 1.248641039811378573e-03
3.497724447176813634e+00 1.368737675939459865e-03
3.515165184411006116e+00 1.486565306611821458e-03
3.532605921645198599e+00 1.600251167760216543e-03
3.550046658879391082e+00 1.708044970601949215e-03
3.567487396113583564e+00 1.808393671298351695e-03
3.584928133347776047e+00 1.900008931609492796e-03
3.602368870581968530e+00 1.981923791133521559e-03
3.619809607816161012e+00 2.053535342229923649e-03
3.637250345050353495e+00 2.114630528133648081e-03
3.654691082284545978e+00 2.165392630311456599e-03
3.672131819518738460e+00 2.206386653473731575e-03
3.689572556752930943e+00 2.238522734929155895e-03
3.707013293987119873e+00 2.262997947277387706e-03
3.724454031221312356e+00 2.281218419701421841e-03
3.741894768455504838e+00 2.294705486587984063e-03
3.759335505689697321e+00 2.304991415032228361e-03
3.776776242923889804e+00 2.313511928861269450e-03
3.794216980158082286e+00 2.321503961875236513e-03
3.811657717392274769e+00 2.329917568790271752e-03
3.829098454626467252e+00 2.339350488277341326e-03
3.846539191860659734e+00 2.350012385655697762e-03
3.863979929094852217e+00 2.361723346199579888e-03
3.881420666329044700e+00 2.373947948951275581e-03
3.898861403563237182e+00 2.385862581030892115e-03
3.916302140797429665e+00 2.396450017292332552e-03
3.933742878031622148e+00 2.404612193000847924e-03
3.951183615265814630e+00 2.409289997085526779e-03
3.968624352500007113e+00 2.409578141762858290e-03
3.986065089734199596e+00 2.404823858137536668e-03
4.003505826968392078e+00 2.394700236057280534e-03
4.020946564202581008e+00 2.379248159552160586e-03
4.038387301436773491e+00 2.358884507292940188e-03
4.055828038670965974e+00 2.334378027600529301e-03
4.073268775905158456e+00 2.306797515647761223e-03
4.090709513139350939e+00 2.277439191094259366e-03
4.108150250373543422e+00 2.247741265478091482e-03
4.125590987607735904e+00 2.219193596536676773e-03
4.143031724841928387e+00 2.193249263060618841e-03
4.160472462076120870e+00 2.171243229147282964e-03
4.177913199310313352e+00 2.154321440992828900e-03
4.195353936544505835e+00 2.143382122628504673e-03
4.212794673778698318e+00 2.139029999532225407e-03
4.230235411012890800e+00 2.141543792071275414e-03
4.247676148247083283e+00 2.150857500177679599e-03
4.265116885481275766e+00 2.166556496928787219e-03
4.282557622715468248e+00 2.187889915402284509e-03
4.299998359949660731e+00 2.213800898853523873e-03
4.317439097183853214e+00 2.242975726231851916e-03
4.334879834418042144e+00 2.273911523666021992e-03
4.352320571652234626e+00 2.305000328691424964e-03
4.369761308886427109e+00 2.334624980487068260e-03
4.387202046120619592e+00 2.361260097185886517e-03
4.404642783354812074e+00 2.383569751279205826e-03
4.422083520589004557e+00 2.400492792915500783e-03
4.439524257823197040e+00 2.411307373118661088e-03
4.456964995057389523e+00 2.415668136807482599e-03
4.474405732291582005e+00 2.413612591406963208e-03
4.491846469525774488e+00 2.405536886102429064e-03
4.509287206759966971e+00 2.392145076937569198e-03
4.526727943994159453e+00 2.374379267161621197e-03
4.544168681228351936e+00 2.353340227120176171e-03
4.561609418462544419e+00 2.330208813336048096e-03
4.579050155696736901e+00 2.306177575394419144e-03
4.596490892930929384e+00 2.282399503199988248e-03
4.613931630165121867e+00 2.259957337608786785e-03
4.631372367399314349e+00 2.239852857282492032e-03
4.648813104633503279e+00 2.223011770851032309e-03
4.666253841867695762e+00 2.210296960510849291e-03
4.683694579101888245e+00 2.202521360437522530e-03
4.701135316336080727e+00 2.200451980061341080e-03
4.718576053570273210e+00 2.204798467566255245e-03
4.736016790804465693e+00 2.216182827372729924e-03
4.753457528038658175e+00 2.235090895692064695e-03
4.770898265272850658e+00 2.261810245256908481e-03
4.788339002507043141e+00 2.296362628814986335e-03
4.805779739741235623e+00 2.338441288457641151e-03
4.823220476975428106e+00 2.387364073117675869e-03
4.840661214209620589e+00 2.442052206616318350e-03
4.858101951443813071e+00 2.501041896060128729e-03
4.875542688678005554e+00 2.562532163214125119e-03
4.892983425912198037e+00 2.624467876658388796e-03
4.910424163146390519e+00 2.684652580106176682e-03
4.927864900380583002e+00 2.740881938883836695e-03
4.945305637614775485e+00 2.791085934756349154e-03
4.962746374848964415e+00 2.833466633158527974e-03
4.980187112083156897e+00 2.866618538744893779e-03
4.997627849317349380e+00 2.889620170745555144e-03
5.015068586551541863e+00 2.902088295904497236e-03
5.032509323785734345e+00 2.904189904079256500e-03
5.049950061019926828e+00 2.896611081963880886e-03
5.067390798254119311e+00 2.880485996411837925e-03
5.084831535488311793e+00 2.857292828513743280e-03
5.102272272722504276e+00 2.828726355369560325e-03
5.119713009956696759e+00 2.796558706530371738e-03
5.137153747190889241e+00 2.762500492186403377e-03
5.154594484425081724e+00 2.728074004376669203e-03
5.172035221659274207e+00 2.694508649966429175e-03
5.189475958893466689e+00 2.662666411134279130e-03
5.206916696127659172e+00 2.633002246459718691e-03
5.224357433361851655e+00 2.605561275207620743e-03
5.241798170596044137e+00 2.580011643424697746e-03
5.259238907830236620e+00 2.555709405111888238e-03
5.276679645064425550e+00 2.531789722699579435e-03
5.294120382298618033e+00 2.507277249298186291e-03
5.311561119532810515e+00 2.481207656120063259e-03
5.329001856767002998e+00 2.452751804702010732e-03
5.346442594001195481e+00 2.421333912176356924e-03
5.363883331235387963e+00 2.386735130352831032e-03
5.381324068469580446e+00 2.349174241091434023e-03
5.398764805703772929e+00 2.309357737261364101e-03
5.416205542937965411e+00 2.268492564004694935e-03
5.433646280172157894e+00 2.228256427418263182e-03
5.451087017406350377e+00 2.190722995631681248e-03
5.468527754640542859e+00 2.158242577122463420e-03
5.485968491874735342e+00 2.133282856289552085e-03
5.503409229108927825e+00 2.118238694300996622e-03
5.520849966343120307e+00 2.115224374613939012e-03
5.538290703577312790e+00 2.125865365831447820e-03
5.555731440811505273e+00 2.151109031123941539e-03
5.573172178045697756e+00 2.191074157200465639e-03
5.590612915279886685e+00 2.244957334675522654e-03
5.608053652514079168e+00 2.311010025851729672e-03
5.625494389748271651e+00 2.386593890521766792e-03
5.642935126982464134e+00 2.468314237444381096e-03
5.660375864216656616e+00 2.552223235732834893e-03
5.677816601450849099e+00 2.634076811668708325e-03
5.695257338685041582e+00 2.709623014239517964e-03
5.712698075919234064e+00 2.774895917727012318e-03
5.730138813153426547e+00 2.826488378052245155e-03
5.747579550387619030e+00 2.861779290382943444e-03
5.765020287621811512e+00 2.879096087288069827e-03
5.782461024856003995e+00 2.877800358091285159e-03
5.799901762090196478e+00 2.858292675469370665e-03
5.817342499324388960e+00 2.821940885049434994e-03
5.834783236558581443e+00 2.770943209070811115e-03
5.852223973792773926e+00 2.708142717272726645e-03
5.869664711026966408e+00 2.636812543048462631e-03
5.887105448261158891e+00 2.560431573702429478e-03
5.904546185495347821e+00 2.482468493913442091e-03
5.921986922729540304e+00 2.406188576203655179e-03
5.939427659963732786e+00 2.334493224362862475e-03
5.956868397197925269e+00 2.269797744208350808e-03
5.974309134432117752e+00 2.213948791838510431e-03
5.991749871666310234e+00 2.168179875552892454e-03
6.009190608900502717e+00 2.133101348039438076e-03
6.026631346134695200e+00 2.108720451087839950e-03
6.044072083368887682e+00 2.094486899248850301e-03
6.061512820603080165e+00 2.089359838091684428e-03
6.078953557837272648e+00 2.091892410806643621e-03
6.096394295071465130e+00 2.100330328187373623e-03
6.113835032305657613e+00 2.112720628770943954e-03
6.131275769539850096e+00 2.127026277265783426e-03
6.148716506774042578e+00 2.141241564880305183e-03
6.166157244008235061e+00 2.153502711492724393e-03
6.183597981242427544e+00 2.162187893273698810e-03
6.201038718476620026e+00 2.166001316816563299e-03
6.218479455710808956e+00 2.164036981813634124e-03
6.235920192945001439e+00 2.155819313082328083e-03
6.253360930179193922e+00 2.141319661408729903e-03
6.270801667413386404e+00 2.120949460417803287e-03
6.288242404647578887e+00 2.095532278899866520e-03
6.305683141881771370e+00 2.066257904515537286e-03
6.323123879115963852e+00 2.034621856308922987e-03
6.340564616350156335e+00 2.002353431728786954e-03
6.358005353584348818e+00 1.971334769872748818e-03
6.375446090818541300e+00 1.943512758586222588e-03
6.392886828052733783e+00 1.920805232649414529e-03
6.410327565286926266e+00 1.905003028095457549e-03
6.427768302521118748e+00 1.897670156994606507e-03
6.445209039755311231e+00 1.900045561989555532e-03
6.462649776989503714e+00 1.912951358434436186e-03
6.480090514223696196e+00 1.936713826133373145e-03
6.497531251457888679e+00 1.971104293747018895e-03
6.514971988692077609e+00 2.015307140664753319e-03
6.532412725926270092e+00 2.067921221602091186e-03
6.549853463160462574e+00 2.126999066593472133e-03
6.567294200394655057e+00 2.190125372852622706e-03
6.584734937628847540e+00 2.254532891737235333e-03
6.602175674863040022e+00 2.317250235161674287e-03
6.619616412097232505e+00 2.375272828965642111e-03
6.637057149331424988e+00 2.425745639429416952e-03
6.654497886565617470e+00 2.466144712570914142e-03
6.671938623799809953e+00 2.494444178807123796e-03
6.689379361034002436e+00 2.509256221796059023e-03
6.706820098268194918e+00 2.509933479365184916e-03
6.724260835502387401e+00 2.496626207375628008e-03
6.741701572736579884e+00 2.470289984748443891e-03
6.759142309970772367e+00 2.432643423610952264e-03
6.776583047204964849e+00 2.386078932911308778e-03
6.794023784439157332e+00 2.333532770777366986e-03
6.811464521673349815e+00 2.278323185399822731e-03
6.828905258907538744e+00 2.223967248098194203e-03
6.846345996141731227e+00 2.173987976746729125e-03
6.863786733375923710e+00 2.131723564178947348e-03
6.881227470610116193e+00 2.100150056811306374e-03
6.898668207844308675e+00 2.081727802445845679e-03
6.916108945078501158e+00 2.078280544480071764e-03
6.933549682312693641e+00 2.090914318143334734e-03
6.950990419546886123e+00 2.119981423870190632e-03
6.968431156781078606e+00 2.165092821969681527e-03
6.985871894015271089e+00 2.225180417472623524e-03
7.003312631249463571e+00 2.298609000339683645e-03
7.020753368483656054e+00 2.383336205651240183e-03
7.038194105717848537e+00 2.477117900043933080e-03
7.055634842952041019e+00 2.577756004348953980e-03
7.073075580186233502e+00 2.683385984359384305e-03
7.090516317420425985e+00 2.792802020017977772e-03
7.107957054654618467e+00 2.905818966767770555e-03
7.125397791888810950e+00 3.023671219436236453e-03
7.142838529122999880e+00 3.149448851949295837e-03
7.160279266357192363e+00 3.288570168514055349e-03
7.177720003591384845e+00 3.449286265786429950e-03
7.195160740825577328e+00 3.643206699589857794e-03
7.212601478059769811e+00 3.885825518682573324e-03
7.230042215293962293e+00 4.197013927800459163e-03
7.247482952528154776e+00 4.601430506548967805e-03
7.264923689762347259e+00 5.128783851878615865e-03
7.282364426996539741e+00 5.813868117714798660e-03
7.299805164230732224e+00 6.696282222868342286e-03
7.317245901464924707e+00 7.819741865617886242e-03
7.334686638699117189e+00 9.230903210458964864e-03
7.352127375933309672e+00 1.097764083892164948e-02
7.369568113167502155e+00 1.310676164036043111e-02
7.387008850401694637e+00 1.566119022572236286e-02
7.404449587635887120e+00 1.867672726909376524e-02
7.421890324870079603e+00 2.217855440908684389e-02
7.439331062104272085e+00 2.617773000762412677e-02
7.456771799338461015e+00 3.066797933564494386e-02
7.474212536572653498e+00 3.562312000041879118e-02
7.491653273806845981e+00 4.099546867929516891e-02
7.509094011041038463e+00 4.671554088592224513e-02
7.526534748275230946e+00 5.269327805023431982e-02
7.543975485509423429e+00 5.882091759362376854e-02
7.561416222743615911e+00 6.497747010696691694e-02
7.578856959977808394e+00 7.103459747902937660e-02
7.596297697212000877e+00 7.686351611481181956e-02
7.613738434446193359e+00 8.234240225809057179e-02
7.631179171680385842e+00 8.736367376627590664e-02
7.648619908914578325e+00 9.184048286512122572e-02
7.666060646148770807e+00 9.571178912798020133e-02
7.683501383382963290e+00 9.894549366951427283e-02
7.700942120617155773e+00 1.015392962966089191e-01
7.718382857851348255e+00 1.035191688195517962e-01
7.735823595085540738e+00 1.049355931849658280e-01
7.753264332319733221e+00 1.058579607629351743e-01
7.770705069553922151e+00 1.063677364935585179e-01
7.788145806788114633e+00 1.065511301612516726e-01
7.805586544022307116e+00 1.064920666583758918e-01
7.823027281256499599e+00 1.062661991782733184e-01
7.840468018490692081e+00 1.059365685235956062e-01
7.857908755724884564e+00 1.055512956902821819e-01
7.875349492959077047e+00 1.051434317320694423e-01
7.892790230193269529e+00 1.047328134239751685e-01
7.910230967427462012e+00 1.043295219344535230e-01
7.927671704661654495e+00 1.039383475977668225e-01
7.945112441895846978e+00 1.035635518135832739e-01
7.962553179130039460e+00 1.032132004124289015e-01
7.979993916364231943e+00 1.029024216654317592e-01
7.997434653598424426e+00 1.026551037982578185e-01
8.014875390832617796e+00 1.025037680413006524e-01
8.032316128066810279e+00 1.024876035034387595e-01
8.049756865301002762e+00 1.026488964570211465e-01
8.067197602535195244e+00 1.030282978383298131e-01
8.084638339769384174e+00 1.036595236629667544e-01
8.102079077003576657e+00 1.045641571813660381e-01
8.119519814237769140e+00 1.057472128036389125e-01
8.136960551471961622e+00 1.071940342982260347e-01
8.154401288706154105e+00 1.088689468039562569e-01
8.171842025940346588e+00 1.107158839454089744e-01
8.189282763174539070e+00 1.126609920233066497e-01
8.206723500408731553e+00 1.146169981661903092e-01
8.224164237642924036e+00 1.164889420632927441e-01
8.241604974877116518e+00 1.181807309552288104e-01
8.259045712111309001e+00 1.196018985817311753e-01
8.276486449345501484e+00 1.206739374441531121e-01
8.293927186579693966e+00 1.213356293106821471e-01
8.311367923813886449e+00 1.215469135191057370e-01
8.328808661048078932e+00 1.212909922511332395e-01
8.346249398282271414e+00 1.205745578183816530e-01
8.363690135516463897e+00 1.194262177277627679e-01
8.381130872750656380e+00 1.178933672546022687e-01
8.398571609984845310e+00 1.160378970988635017e-01
8.416012347219037792e+00 1.139312107324828433e-01
8.433453084453230275e+00 1.116490540913298579e-01
8.450893821687422758e+00 1.092666287816432963e-01
8.468334558921615240e+00 1.068543761510072077e-01
8.485775296155807723e+00 1.044746973675920454e-01
8.503216033390000206e+00 1.021797327861667382e-01
8.520656770624192689e+00 1.000101831360212523e-01
8.538097507858385171e+00 9.799503520068902906e-02
8.555538245092577654e+00 9.615197144849112199e-02
8.572978982326770137e+00 9.448820595544446532e-02
8.590419719560962619e+00 9.300149967575596643e-02
8.607860456795155102e+00 9.168116056794808899e-02
8.625301194029347585e+00 9.050891550414173758e-02
8.642741931263540067e+00 8.945963407873393225e-02
8.660182668497732550e+00 8.850197076763358095e-02
8.677623405731925033e+00 8.759905456616563779e-02
8.695064142966117515e+00 8.670938220340210223e-02
8.712504880200306445e+00 8.578805711072702567e-02
8.729945617434498928e+00 8.478846410066309680e-02
8.747386354668691411e+00 8.366438905858981923e-02
8.764827091902883893e+00 8.237249920413693138e-02
8.782267829137076376e+00 8.087501062034103960e-02
8.799708566371268859e+00 7.914230306336127174e-02
8.817149303605461341e+00 7.715521092831265082e-02
8.834590040839653824e+00 7.490673063189544345e-02
8.852030778073846307e+00 7.240293787915468016e-02
8.869471515308038789e+00 6.966299512395485172e-02
8.886912252542231272e+00 6.671823595211294478e-02
8.904352989776423755e+00 6.361042188306648137e-02
8.921793727010616237e+00 6.038936103210799239e-02
8.939234464244808720e+00 5.711014319314860338e-02
8.956675201479001203e+00 5.383027369097903581e-02
8.974115938713193685e+00 5.060697696939284174e-02
8.991556675947386168e+00 4.749489493616206037e-02
9.008997413181578651e+00 4.454433421738401150e-02
9.026438150415767581e+00 4.180013312206708187e-02
9.043878887649960063e+00 3.930113603803478406e-02
9.061319624884152546e+00 3.708019106477541266e-02
9.078760362118345029e+00 3.516453352607965682e-02
9.096201099352537511e+00 3.357638737154727132e-02
9.113641836586729994e+00 3.233360869624918310e-02
9.131082573820922477e+00 3.145020850221889874e-02
9.148523311055114959e+00 3.093662184200629203e-02
9.165964048289307442e+00 3.079963363237901361e-02
9.183404785523499925e+00 3.104192375535564860e-02
9.200845522757692407e+00 3.166125163945102128e-02
9.218286259991884890e+00 3.264935904121337579e-02
9.235726997226077373e+00 3.399072414187887664e-02
9.253167734460269855e+00 3.566134431374948233e-02
9.270608471694462338e+00 3.762775240734608784e-02
9.288049208928654821e+00 3.984647596562249788e-02
9.305489946162847303e+00 4.226412595983548154e-02
9.322930683397039786e+00 4.481825027082434604e-02
9.340371420631228716e+00 4.743901035349288448e-02
9.357812157865421199e+00 5.005164514415141180e-02
9.375252895099613681e+00 5.257958614546434650e-02
9.392693632333806164e+00 5.494799597292580190e-02
9.410134369567998647e+00 5.708743370132875194e-02
9.427575106802191129e+00 5.893731574896363123e-02
9.445015844036383612e+00 6.044884755866459375e-02
9.462456581270576095e+00 6.158714947327943723e-02
9.479897318504768577e+00 6.233238393044154141e-02
9.497338055738961060e+00 6.267979886740064621e-02
9.514778792973153543e+00 6.263871898267640848e-02
9.532219530207346025e+00 6.223062630711152093e-02
9.549660267441538508e+00 6.148656020107162029e-02
9.567101004675730991e+00 6.044412412827634973e-02
9.584541741909923473e+00 5.914440726430940376e-02
9.601982479144115956e+00 5.762911354489044097e-02
9.619423216378308439e+00 5.593814429072244826e-02
9.636863953612500922e+00 5.410781161230567016e-02
9.654304690846689851e+00 5.216977864673867649e-02
9.671745428080882334e+00 5.015073957837417468e-02
9.689186165315074817e+00 4.807277628610523434e-02
9.706626902549267299e+00 4.595426609198793172e-02
9.724067639783459782e+00 4.381117068214179094e-02
9.741508377017652265e+00 4.165851163605969326e-02
9.758949114251844748e+00 3.951183292829780341e-02
9.776389851486037230e+00 3.738846358062541259e-02
9.793830588720229713e+00 3.530842172613188334e-02
9.811271325954422196e+00 3.329484155984962362e-02
9.828712063188614678e+00 3.137385359173059524e-02
9.846152800422807161e+00 2.957390273345513951e-02
9.863593537656999644e+00 2.792454433705092443e-02
9.881034274891192126e+00 2.645481147353011264e-02
9.898475012125384609e+00 2.519129343044994307e-02
9.915915749359577092e+00 2.415610149766002357e-02
9.933356486593769574e+00 2.336491969603697594e-02
9.950797223827962057e+00 2.282534192966198874e-02
9.968237961062150987e+00 2.253568104898738544e-02
9.985678698296343470e+00 2.248439920537004255e-02
1.000311943553053595e+01 2.265025457988660215e-02
1.002056017276472843e+01 2.300319143263573549e-02
1.003800090999892092e+01 2.350592506434949144e-02
1.005544164723311340e+01 2.411609902580284792e-02
1.007288238446730588e+01 2.478882779410955528e-02
1.009032312170149837e+01 2.547939268615417169e-02
1.010776385893569085e+01 2.614583869396183008e-02
1.012520459616988333e+01 2.675122890964576686e-02
1.014264533340407581e+01 2.726535119933437210e-02
1.016008607063826830e+01 2.766573474441137021e-02
1.017752680787246078e+01 2.793791438008564124e-02
1.019496754510665326e+01 2.807496813415719800e-02
1.021240828234084574e+01 2.807643666504986910e-02
1.022984901957503823e+01 2.794680157057469194e-02
1.024728975680923071e+01 2.769374400875776812e-02
1.026473049404342319e+01 2.732642029576072551e-02
1.028217123127761212e+01 2.685397577368539221e-02
1.029961196851180460e+01 2.628447515690536876e-02
1.031705270574599709e+01 2.562436339607142982e-02
1.033449344298018957e+01 2.487849517517287667e-02
1.035193418021438205e+01 2.405069409494874078e-02
1.036937491744857454e+01 2.314473471520236969e-02
1.038681565468276702e+01 2.216559045364342381e-02
1.040425639191695950e+01 2.112076341373902641e-02
1.042169712915115198e+01 2.002151041532565859e-02
1.043913786638534447e+01 1.888380095695011904e-02
1.045657860361953695e+01 1.772888245726129269e-02
1.047401934085372943e+01 1.658337863943617346e-02
1.049146007808792191e+01 1.547890026348821245e-02
1.050890081532211440e+01 1.445119612220780066e-02
1.052634155255630688e+01 1.353891068562550551e-02
1.054378228979049936e+01 1.278204002044652093e-02
1.056122302702469185e+01 1.222018946725247912e-02
1.057866376425888433e+01 1.189073730129464046e-02
1.059610450149307326e+01 1.182700204521603023e-02
1.061354523872726574e+01 1.205650143882220846e-02
1.063098597596145822e+01 1.259938172944745707e-02
1.064842671319565071e+01 1.346708872306090314e-02
1.066586745042984319e+01 1.466134672677743903e-02
1.068330818766403567e+01 1.617350612451554093e-02
1.070074892489822815e+01 1.798431181471078430e-02
1.071818966213242064e+01 2.006413008245673882e-02
1.073563039936661312e+01 2.237364881717460868e-02
1.075307113660080560e+01 2.486503550658365758e-02
1.077051187383499808e+01 2.748350175773688064e-02
1.078795261106919057e+01 3.016918701574133194e-02
1.080539334830338305e+01 3.285924377218336911e-02
1.082283408553757553e+01 3.548998795542625956e-02
1.084027482277176802e+01 3.799897595208678869e-02
1.085771556000596050e+01 4.032688563815372412e-02
1.087515629724015298e+01 4.241911122694644320e-02
1.089259703447434546e+01 4.422702554383153156e-02
1.091003777170853439e+01 4.570891077534496721e-02
1.092747850894272688e+01 4.683060096068428213e-02
1.094491924617691936e+01 4.756590837847122361e-02
1.096235998341111184e+01 4.789691593297256550e-02
1.097980072064530432e+01 4.781420689109806832e-02
1.099724145787949681e+01 4.731707443489097803e-02
1.101468219511368929e+01 4.641371296033543203e-02
1.103212293234788177e+01 4.512134998317937629e-02
1.104956366958207425e+01 4.346624175572726817e-02
1.106700440681626674e+01 4.148343577403698634e-02
1.108444514405045922e+01 3.921620465291349861e-02
1.110188588128465170e+01 3.671507949384965330e-02
1.111932661851884419e+01 3.403645350143687243e-02
1.113676735575303667e+01 3.124078106025738460e-02
1.115420809298722915e+01 2.839045428934000234e-02
1.117164883022142163e+01 2.554748834248072448e-02
1.118908956745561412e+01 2.277118000239058276e-02
1.120653030468980660e+01 2.011591601773760757e-02
1.122397104192399553e+01 1.762929660838085180e-02
1.124141177915818801e+01 1.535070797407764830e-02
1.125885251639238049e+01 1.331043103785256587e-02
1.127629325362657298e+01 1.152931952087003428e-02
1.129373399086076546e+01 1.001902668793703231e-02
1.131117472809495794e+01 8.782713623650359805e-03
1.132861546532915042e+01 7.816137529481912219e-03
1.134605620256334291e+01 7.108998503213957536e-03
1.136349693979753539e+01 6.646417263409686374e-03
1.138093767703172787e+01 6.410422020477028748e-03
1.139837841426592036e+01 6.381336780045051595e-03
1.141581915150011284e+01 6.538982271630510226e-03
1.143325988873430532e+01 6.863621598793472577e-03
1.145070062596849780e+01 7.336603972399561614e-03
1.146814136320269029e+01 7.940681153378061768e-03
1.148558210043688277e+01 8.659993070716088745e-03
1.150302283767107525e+01 9.479742374200060898e-03
1.152046357490526773e+01 1.038560286339578267e-02
1.153790431213945666e+01 1.136293313972091233e-02
1.155534504937364915e+01 1.239589233684660306e-02
1.157278578660784163e+01 1.346657589099897051e-02
1.159022652384203411e+01 1.455430165722266037e-02
1.160766726107622659e+01 1.563517595112819472e-02
1.162510799831041908e+01 1.668205213350766256e-02
1.164254873554461156e+01 1.766496016698650834e-02
1.165998947277880404e+01 1.855203604555290264e-02
1.167743021001299653e+01 1.931092005683317236e-02
1.169487094724718901e+01 1.991052997794290000e-02
1.171231168448138149e+01 2.032305851460979029e-02
1.172975242171557042e+01 2.052600254975275873e-02
1.174719315894976646e+01 2.050401241303368219e-02
1.176463389618395539e+01 2.025035668739329220e-02
1.178207463341815142e+01 1.976783230562161042e-02
1.179951537065234035e+01 1.906900692427405258e-02
1.181695610788653639e+01 1.817575321231202842e-02
1.183439684512072532e+01 1.711811276427442630e-02
1.185183758235492135e+01 1.593260009937715396e-02
1.186927831958911028e+01 1.466011490844718740e-02
1.188671905682330632e+01 1.334366616582595595e-02
1.190415979405749525e+01 1.202612128317575961e-02
1.192160053129169128e+01 1.074817737543062174e-02
1.193904126852588021e+01 9.546713697584668923e-03
1.195648200576007625e+01 8.453630787628525073e-03
1.197392274299426518e+01 7.495220613217204800e-03
1.199136348022846121e+01 6.692050982568596533e-03
1.200880421746265014e+01 6.059293575978784950e-03
1.202624495469683907e+01 5.607383387611646411e-03
1.204368569193103511e+01 5.342871292302866712e-03
1.206112642916522404e+01 5.269322034136538976e-03
1.207856716639942007e+01 5.388116674455580880e-03
1.209600790363360900e+01 5.699039709222679211e-03
1.211344864086780504e+01 6.200564108147153981e-03
1.213088937810199397e+01 6.889789308860105356e-03
1.214833011533619000e+01 7.762034125746981525e-03
1.216577085257037893e+01 8.810134561916161886e-03
1.218321158980457497e+01 1.002354116977014105e-02
1.220065232703876390e+01 1.138734712860246454e-02
1.221809306427295994e+01 1.288140190198084310e-02
1.223553380150714887e+01 1.447967215792816953e-02
1.225297453874134490e+01 1.614999892165478249e-02
1.227041527597553383e+01 1.785436714894510224e-02
1.228785601320972987e+01 1.954975319142545145e-02
1.230529675044391880e+01 2.118955192820995426e-02
1.232273748767810773e+01 2.272551607781869015e-02
1.234017822491230376e+01 2.411007435752996614e-02
1.235761896214649269e+01 2.529884194191388963e-02
1.237505969938068873e+01 2.625310402640581436e-02
1.239250043661487766e+01 2.694204647069394637e-02
1.240994117384907369e+01 2.734452802556379403e-02
1.242738191108326262e+01 2.745023401108618102e-02
1.244482264831745866e+01 2.726011528767146447e-02
1.246226338555164759e+01 2.678609006201656054e-02
1.247970412278584362e+01 2.605005947261065241e-02
1.249714486002003255e+01 2.508235151127595833e-02
1.251458559725422859e+01 2.391975419592800092e-02
1.253202633448841752e+01 2.260332362294978359e-02
1.254946707172261355e+01 2.117615468223820255e-02
1.256690780895680248e+01 1.968128413721781031e-02
1.258434854619099852e+01 1.815986223591649351e-02
1.260178928342518745e+01 1.664968616903525489e-02
1.261923002065938348e+01 1.518414287582630327e-02
1.263667075789357241e+01 1.379156549909839324e-02
1.265411149512776134e+01 1.249497137733535795e-02
1.267155223236195738e+01 1.131212234612187506e-02
1.268899296959614631e+01 1.025583125202161015e-02
1.270643370683034235e+01 9.334431676293825433e-03
1.272387444406453127e+01 8.552329822621404162e-03
1.274131518129872731e+01 7.910566797066850842e-03
1.275875591853291624e+01 7.407334358951954759e-03
1.277619665576711228e+01 7.038405819171466085e-03
1.279363739300130121e+01 6.797464197051419042e-03
1.281107813023549724e+01 6.676330006098271479e-03
1.282851886746968617e+01 6.665109041577452209e-03
1.284595960470388221e+01 6.752294273881932589e-03
1.286340034193807114e+01 6.924863707187714490e-03
1.288084107917226717e+01 7.168416757919412498e-03
1.289828181640645610e+01 7.467385164528028349e-03
1.291572255364065214e+01 7.805341562175755095e-03
1.293316329087484107e+01 8.165411606800699121e-03
1.295060402810903000e+01 8.530776689268737903e-03
1.296804476534322603e+01 8.885236981186773672e-03
1.298548550257741496e+01 9.213791731562144885e-03
1.300292623981161100e+01 9.503187545152187027e-03
1.302036697704579993e+01 9.742386768261415003e-03
1.303780771427999596e+01 9.922916634926576968e-03
1.305524845151418489e+01 1.003907373695576977e-02
1.307268918874838093e+01 1.008797500849652543e-02
1.309012992598256986e+01 1.006946274880119070e-02
1.310757066321676589e+01 9.985884525587174904e-03
1.312501140045095482e+01 9.841777225680817254e-03
1.314245213768515086e+01 9.643487346947131680e-03
1.315989287491933979e+01 9.398757384758779296e-03
1.317733361215353582e+01 9.116302386048342338e-03
1.319477434938772475e+01 8.805393503238546221e-03
1.321221508662192079e+01 8.475458760400650382e-03
1.322965582385610972e+01 8.135706821111417936e-03
1.324709656109030576e+01 7.794778048188166601e-03
1.326453729832449469e+01 7.460428341285197870e-03
1.328197803555868362e+01 7.139254091612337767e-03
1.329941877279287965e+01 6.836469602446507143e-03
1.331685951002706858e+01 6.555749968877794438e-03
1.333430024726126462e+01 6.299151573659169875e-03
1.335174098449545355e+01 6.067118619561794914e-03
1.336918172172964958e+01 5.858577857860034106e-03
1.338662245896383851e+01 5.671115941243643800e-03
1.340406319619803455e+01 5.501226073348716543e-03
1.342150393343222348e+01 5.344604311599689822e-03
1.343894467066641951e+01 5.196472132321687185e-03
1.345638540790060844e+01 5.051901224288967741e-03
1.347382614513480448e+01 4.906118797936656964e-03
1.349126688236899341e+01 4.754776249856856180e-03
1.350870761960318944e+01 4.594169708366101397e-03
1.352614835683737837e+01 4.421406640297701265e-03
1.354358909407157441e+01 4.234517373048144601e-03
1.356102983130576334e+01 4.032513547657976850e-03
1.357847056853995227e+01 3.815397124526998841e-03
1.359591130577414830e+01 3.584123992492034127e-03
1.361335204300833723e+01 3.340526116421582790e-03
1.363079278024253327e+01 3.087196163091265270e-03
1.364823351747672220e+01 2.827339162034120390e-03
1.366567425471091823e+01 2.564597169592713194e-03
1.368311499194510716e+01 2.302854945250368442e-03
1.370055572917930320e+01 2.046036869486921473e-03
1.371799646641349213e+01 1.797907135323870880e-03
1.373543720364768816e+01 1.561886058351797963e-03
1.375287794088187709e+01 1.340894778104401684e-03
1.377031867811607313e+01 1.137238553093080284e-03
1.378775941535026206e+01 9.525354758906179418e-04
1.380520015258445810e+01 7.876932063452855935e-04
1.382264088981864703e+01 6.429318496434944640e-04
1.384008162705284306e+01 5.178470273228730127e-04
1.385752236428703199e+01 4.115040421076092652e-04
1.387496310152122803e+01 3.225521718569542159e-04
1.389240383875541696e+01 2.493476627534709422e-04
1.390984457598960589e+01 1.900748213649907075e-04
1.392728531322380192e+01 1.428564473866119310e-04
1.394472605045799085e+01 1.058473183392386958e-04
1.396216678769218689e+01 7.730712463249198648e-05
1.397960752492637582e+01 5.565179308558524800e-05
1.399704826216057185e+01 3.948425632038568274e-05
1.401448899939476078e+01 2.760726578152858265e-05
1.403192973662895682e+01 1.902176141301868749e-05
1.404937047386314575e+01 1.291464794837065130e-05
1.406681121109734178e+01 8.639696056887376848e-06
1.408425194833153071e+01 5.694826824605249921e-06
1.410169268556572675e+01 3.698393429074844907e-06
1.411913342279991568e+01 2.366369462581820037e-06
1.413657416003411171e+01 1.491684206578187163e-06
1.415401489726830064e+01 9.263725045855908617e-07
1.417145563450249668e+01 5.667606265542785829e-07
1.418889637173668561e+01 3.415945146741654273e-07
1.420633710897087454e+01 2.028206793144552778e-07
1.422377784620507057e+01 1.186308058431009998e-07
1.424121858343925950e+01 6.835356012851045888e-08
1.425865932067345554e+01 3.879701867381558871e-08
1.427610005790764447e+01 2.169226091629163524e-08
1.429354079514184050e+01 1.194749090145413589e-08
1.431098153237602943e+01 6.482023566059994294e-09
1.432842226961022547e+01 3.464203955881692259e-09
1.434586300684441440e+01 1.823696241720582224e-09
1.436330374407861044e+01 9.457041058499726822e-10
1.438074448131279937e+01 4.830693902192611161e-10
1.439818521854699540e+01 2.430598299411326617e-10
1.441562595578118433e+01 1.204659786624210108e-10
1.443306669301538037e+01 5.881139326583152257e-11
1.445050743024956930e+01 2.828152115138357821e-11
1.446794816748376533e+01 1.339636055008808948e-11
1.448538890471795426e+01 6.250464333227220039e-12
1.450282964195215030e+01 2.872617735175683708e-12
1.452027037918633923e+01 1.300415938797618890e-12
1.453771111642052816e+01 5.798617681580526367e-13
1.455515185365472419e+01 2.546849757298491370e-13
1.457259259088891312e+01 1.101838139275341250e-13
1.459003332812310916e+01 4.695338555755238621e-14
1.460747406535730164e+01 1.970832487244743686e-14
