# Energy-EF (eV)   pdos_atom1_d.dat
-2.027400040302726936e+01 0.000000000000000000e+00
-2.025655966579307687e+01 0.000000000000000000e+00
-2.023911892855888439e+01 0.000000000000000000e+00
-2.022167819132469191e+01 0.000000000000000000e+00
-2.020423745409049943e+01 0.000000000000000000e+00
-2.018679671685630694e+01 0.000000000000000000e+00
-2.016935597962211446e+01 0.000000000000000000e+00
-2.015191524238792198e+01 0.000000000000000000e+00
-2.013447450515372950e+01 0.000000000000000000e+00
-2.011703376791954057e+01 0.000000000000000000e+00
-2.009959303068534808e+01 0.000000000000000000e+00
-2.008215229345115560e+01 0.000000000000000000e+00
-2.006471155621696312e+01 0.000000000000000000e+00
-2.004727081898277063e+01 0.000000000000000000e+00
-2.002983008174857815e+01 0.000000000000000000e+00
-2.001238934451438567e+01 0.000000000000000000e+00
-1.999494860728019319e+01 0.000000000000000000e+00
-1.997750787004600070e+01 0.000000000000000000e+00
-1.996006713281180822e+01 0.000000000000000000e+00
-1.994262639557761574e+01 0.000000000000000000e+00
-1.992518565834342326e+01 0.000000000000000000e+00
-1.990774492110923077e+01 0.000000000000000000e+00
-1.989030418387503829e+01 0.000000000000000000e+00
-1.987286344664084581e+01 0.000000000000000000e+00
-1.985542270940665333e+01 0.000000000000000000e+00
-1.983798197217246084e+01 0.000000000000000000e+00
-1.982054123493826836e+01 0.000000000000000000e+00
-1.980310049770407588e+01 0.000000000000000000e+00
-1.978565976046988695e+01 0.000000000000000000e+00
-1.976821902323569446e+01 0.000000000000000000e+00
-1.975077828600150198e+01 0.000000000000000000e+00
-1.973333754876730950e+01 0.000000000000000000e+00
-1.971589681153311702e+01 0.000000000000000000e+00
-1.969845607429892453e+01 0.000000000000000000e+00
-1.968101533706473205e+01 0.000000000000000000e+00
-1.966357459983053957e+01 0.000000000000000000e+00
-1.964613386259634709e+01 0.000000000000000000e+00
-1.962869312536215460e+01 0.000000000000000000e+00
-1.961125238812796212e+01 0.000000000000000000e+00
-1.959381165089376964e+01 0.000000000000000000e+00
-1.957637091365957716e+01 0.000000000000000000e+00
-1.955893017642538467e+01 0.000000000000000000e+00
-1.954148943919119219e+01 0.000000000000000000e+00
-1.952404870195699971e+01 0.000000000000000000e+00
-1.950660796472280722e+01 0.000000000000000000e+00
-1.948916722748861829e+01 0.000000000000000000e+00
-1.947172649025442581e+01 0.000000000000000000e+00
-1.945428575302023333e+01 0.000000000000000000e+00
-1.943684501578604085e+01 0.000000000000000000e+00
-1.941940427855184836e+01 0.000000000000000000e+00
-1.940196354131765588e+01 0.000000000000000000e+00
-1.938452280408346340e+01 0.000000000000000000e+00
-1.936708206684927092e+01 0.000000000000000000e+00
-1.934964132961507843e+01 0.000000000000000000e+00
-1.933220059238088595e+01 0.000000000000000000e+00
-1.931475985514669347e+01 0.000000000000000000e+00
-1.929731911791250099e+01 0.000000000000000000e+00
-1.927987838067830850e+01 0.000000000000000000e+00
-1.926243764344411602e+01 0.000000000000000000e+00
-1.924499690620992354e+01 0.000000000000000000e+00
-1.922755616897573105e+01 0.000000000000000000e+00
-1.921011543174153857e+01 0.000000000000000000e+00
-1.919267469450734609e+01 0.000000000000000000e+00
-1.917523395727315361e+01 0.000000000000000000e+00
-1.915779322003896468e+01 0.000000000000000000e+00
-1.914035248280477219e+01 0.000000000000000000e+00
-1.912291174557057971e+01 0.000000000000000000e+00
-1.910547100833638723e+01 0.000000000000000000e+00
-1.908803027110219475e+01 0.000000000000000000e+00
-1.907058953386800226e+01 0.000000000000000000e+00
-1.905314879663380978e+01 0.000000000000000000e+00
-1.903570805939961730e+01 0.000000000000000000e+00
-1.901826732216542482e+01 0.000000000000000000e+00
-1.900082658493123233e+01 0.000000000000000000e+00
-1.898338584769703985e+01 0.000000000000000000e+00
-1.896594511046284737e+01 0.000000000000000000e+00
-1.894850437322865488e+01 0.000000000000000000e+00
-1.893106363599446240e+01 0.000000000000000000e+00
-1.891362289876026992e+01 0.000000000000000000e+00
-1.889618216152607744e+01 0.000000000000000000e+00
-1.887874142429188495e+01 0.000000000000000000e+00
-1.886130068705769602e+01 0.000000000000000000e+00
-1.884385994982350354e+01 0.000000000000000000e+00
-1.882641921258931106e+01 0.000000000000000000e+00
-1.880897847535511858e+01 0.000000000000000000e+00
-1.879153773812092609e+01 0.000000000000000000e+00
-1.877409700088673361e+01 0.000000000000000000e+00
-1.875665626365254113e+01 0.000000000000000000e+00
-1.873921552641834865e+01 0.000000000000000000e+00
-1.872177478918415616e+01 0.000000000000000000e+00
-1.870433405194996368e+01 0.000000000000000000e+00
-1.868689331471577120e+01 0.000000000000000000e+00
-1.866945257748157871e+01 0.000000000000000000e+00
-1.865201184024738623e+01 0.000000000000000000e+00
-1.863457110301319375e+01 0.000000000000000000e+00
-1.861713036577900127e+01 0.000000000000000000e+00
-1.859968962854480878e+01 0.000000000000000000e+00
-1.858224889131061630e+01 0.000000000000000000e+00
-1.856480815407642382e+01 0.000000000000000000e+00
-1.854736741684223134e+01 0.000000000000000000e+00
-1.852992667960804241e+01 0.000000000000000000e+00
-1.851248594237384992e+01 0.000000000000000000e+00
-1.849504520513965744e+01 0.000000000000000000e+00
-1.847760446790546496e+01 0.000000000000000000e+00
-1.846016373067127248e+01 0.000000000000000000e+00
-1.844272299343707999e+01 0.000000000000000000e+00
-1.842528225620288751e+01 0.000000000000000000e+00
-1.840784151896869503e+01 0.000000000000000000e+00
-1.839040078173450254e+01 0.000000000000000000e+00
-1.837296004450031006e+01 0.000000000000000000e+00
-1.835551930726611758e+01 0.000000000000000000e+00
-1.833807857003192510e+01 0.000000000000000000e+00
-1.832063783279773261e+01 0.000000000000000000e+00
-1.830319709556354013e+01 0.000000000000000000e+00
-1.828575635832934765e+01 0.000000000000000000e+00
-1.826831562109515517e+01 0.000000000000000000e+00
-1.825087488386096268e+01 0.000000000000000000e+00
-1.823343414662677375e+01 0.000000000000000000e+00
-1.821599340939258127e+01 0.000000000000000000e+00
-1.819855267215838879e+01 0.000000000000000000e+00
-1.818111193492419631e+01 0.000000000000000000e+00
-1.816367119769000382e+01 0.000000000000000000e+00
-1.814623046045581134e+01 0.000000000000000000e+00
-1.812878972322161886e+01 0.000000000000000000e+00
-1.811134898598742637e+01 0.000000000000000000e+00
-1.809390824875323389e+01 0.000000000000000000e+00
-1.807646751151904141e+01 0.000000000000000000e+00
-1.805902677428484893e+01 0.000000000000000000e+00
-1.804158603705065644e+01 0.000000000000000000e+00
-1.802414529981646396e+01 0.000000000000000000e+00
-1.800670456258227148e+01 0.000000000000000000e+00
-1.798926382534807900e+01 0.000000000000000000e+00
-1.797182308811388651e+01 0.000000000000000000e+00
-1.795438235087969403e+01 0.000000000000000000e+00
-1.793694161364550510e+01 0.000000000000000000e+00
-1.791950087641130906e+01 0.000000000000000000e+00
-1.790206013917712013e+01 0.000000000000000000e+00
-1.788461940194292765e+01 0.000000000000000000e+00
-1.786717866470873517e+01 0.000000000000000000e+00
-1.784973792747454269e+01 0.000000000000000000e+00
-1.783229719024035020e+01 0.000000000000000000e+00
-1.781485645300615772e+01 0.000000000000000000e+00
-1.779741571577196524e+01 0.000000000000000000e+00
-1.777997497853777276e+01 0.000000000000000000e+00
-1.776253424130358027e+01 0.000000000000000000e+00
-1.774509350406938779e+01 0.000000000000000000e+00
-1.772765276683519531e+01 0.000000000000000000e+00
-1.771021202960100283e+01 0.000000000000000000e+00
-1.769277129236681034e+01 0.000000000000000000e+00
-1.767533055513261786e+01 0.000000000000000000e+00
-1.765788981789842538e+01 0.000000000000000000e+00
-1.764044908066423289e+01 0.000000000000000000e+00
-1.762300834343004041e+01 0.000000000000000000e+00
-1.760556760619585148e+01 0.000000000000000000e+00
-1.758812686896165900e+01 0.000000000000000000e+00
-1.757068613172746652e+01 0.000000000000000000e+00
-1.755324539449327403e+01 0.000000000000000000e+00
-1.753580465725908155e+01 0.000000000000000000e+00
-1.751836392002488907e+01 0.000000000000000000e+00
-1.750092318279069659e+01 0.000000000000000000e+00
-1.748348244555650410e+01 0.000000000000000000e+00
-1.746604170832231162e+01 0.000000000000000000e+00
-1.744860097108811914e+01 0.000000000000000000e+00
-1.743116023385392666e+01 0.000000000000000000e+00
-1.741371949661973417e+01 0.000000000000000000e+00
-1.739627875938554169e+01 0.000000000000000000e+00
-1.737883802215134921e+01 0.000000000000000000e+00
-1.736139728491715672e+01 0.000000000000000000e+00
-1.734395654768296424e+01 0.000000000000000000e+00
-1.732651581044877176e+01 0.000000000000000000e+00
-1.730907507321458283e+01 0.000000000000000000e+00
-1.729163433598038679e+01 0.000000000000000000e+00
-1.727419359874619786e+01 0.000000000000000000e+00
-1.725675286151200538e+01 0.000000000000000000e+00
-1.723931212427781290e+01 0.000000000000000000e+00
-1.722187138704362042e+01 0.000000000000000000e+00
-1.720443064980942793e+01 0.000000000000000000e+00
-1.718698991257523545e+01 0.000000000000000000e+00
-1.716954917534104297e+01 0.000000000000000000e+00
-1.715210843810685049e+01 0.000000000000000000e+00
-1.713466770087265800e+01 0.000000000000000000e+00
-1.711722696363846552e+01 0.000000000000000000e+00
-1.709978622640427304e+01 0.000000000000000000e+00
-1.708234548917008055e+01 0.000000000000000000e+00
-1.706490475193588807e+01 0.000000000000000000e+00
-1.704746401470169559e+01 0.000000000000000000e+00
-1.703002327746750311e+01 0.000000000000000000e+00
-1.701258254023331062e+01 0.000000000000000000e+00
-1.699514180299911814e+01 0.000000000000000000e+00
-1.697770106576492921e+01 0.000000000000000000e+00
-1.696026032853073673e+01 0.000000000000000000e+00
-1.694281959129654425e+01 0.000000000000000000e+00
-1.692537885406235176e+01 0.000000000000000000e+00
-1.690793811682815928e+01 0.000000000000000000e+00
-1.689049737959396680e+01 0.000000000000000000e+00
-1.687305664235977432e+01 0.000000000000000000e+00
-1.685561590512558183e+01 0.000000000000000000e+00
-1.683817516789138935e+01 0.000000000000000000e+00
-1.682073443065719687e+01 0.000000000000000000e+00
-1.680329369342300438e+01 0.000000000000000000e+00
-1.678585295618881190e+01 0.000000000000000000e+00
-1.676841221895461942e+01 0.000000000000000000e+00
-1.675097148172042694e+01 0.000000000000000000e+00
-1.673353074448623445e+01 0.000000000000000000e+00
-1.671609000725204197e+01 0.000000000000000000e+00
-1.669864927001784949e+01 0.000000000000000000e+00
-1.668120853278366056e+01 0.000000000000000000e+00
-1.666376779554946452e+01 0.000000000000000000e+00
-1.664632705831527559e+01 0.000000000000000000e+00
-1.662888632108108311e+01 0.000000000000000000e+00
-1.661144558384689063e+01 0.000000000000000000e+00
-1.659400484661269815e+01 0.000000000000000000e+00
-1.657656410937850566e+01 0.000000000000000000e+00
-1.655912337214431318e+01 0.000000000000000000e+00
-1.654168263491012070e+01 0.000000000000000000e+00
-1.652424189767592821e+01 0.000000000000000000e+00
-1.650680116044173573e+01 0.000000000000000000e+00
-1.648936042320754325e+01 0.000000000000000000e+00
-1.647191968597335077e+01 0.000000000000000000e+00
-1.645447894873915828e+01 0.000000000000000000e+00
-1.643703821150496580e+01 0.000000000000000000e+00
-1.641959747427077332e+01 0.000000000000000000e+00
-1.640215673703658084e+01 0.000000000000000000e+00
-1.638471599980238835e+01 0.000000000000000000e+00
-1.636727526256819587e+01 0.000000000000000000e+00
-1.634983452533400694e+01 0.000000000000000000e+00
-1.633239378809981446e+01 0.000000000000000000e+00
-1.631495305086562198e+01 0.000000000000000000e+00
-1.629751231363142949e+01 0.000000000000000000e+00
-1.628007157639723701e+01 0.000000000000000000e+00
-1.626263083916304453e+01 0.000000000000000000e+00
-1.624519010192885204e+01 0.000000000000000000e+00
-1.622774936469465956e+01 0.000000000000000000e+00
-1.621030862746046708e+01 0.000000000000000000e+00
-1.619286789022627460e+01 0.000000000000000000e+00
-1.617542715299208211e+01 0.000000000000000000e+00
-1.615798641575788963e+01 0.000000000000000000e+00
-1.614054567852369715e+01 0.000000000000000000e+00
-1.612310494128950467e+01 0.000000000000000000e+00
-1.610566420405531218e+01 0.000000000000000000e+00
-1.608822346682111970e+01 0.000000000000000000e+00
-1.607078272958692722e+01 0.000000000000000000e+00
-1.605334199235273829e+01 0.000000000000000000e+00
-1.603590125511854225e+01 0.000000000000000000e+00
-1.601846051788435332e+01 0.000000000000000000e+00
-1.600101978065016084e+01 0.000000000000000000e+00
-1.598357904341596836e+01 0.000000000000000000e+00
-1.596613830618177587e+01 0.000000000000000000e+00
-1.594869756894758339e+01 0.000000000000000000e+00
-1.593125683171339091e+01 0.000000000000000000e+00
-1.591381609447919843e+01 0.000000000000000000e+00
-1.589637535724500594e+01 0.000000000000000000e+00
-1.587893462001081346e+01 0.000000000000000000e+00
-1.586149388277662098e+01 0.000000000000000000e+00
-1.584405314554242850e+01 0.000000000000000000e+00
-1.582661240830823601e+01 0.000000000000000000e+00
-1.580917167107404353e+01 0.000000000000000000e+00
-1.579173093383985105e+01 0.000000000000000000e+00
-1.577429019660565856e+01 0.000000000000000000e+00
-1.575684945937146964e+01 0.000000000000000000e+00
-1.573940872213727360e+01 0.000000000000000000e+00
-1.572196798490308467e+01 0.000000000000000000e+00
-1.570452724766888863e+01 0.000000000000000000e+00
-1.568708651043469970e+01 0.000000000000000000e+00
-1.566964577320050722e+01 0.000000000000000000e+00
-1.565220503596631474e+01 0.000000000000000000e+00
-1.563476429873212226e+01 0.000000000000000000e+00
-1.561732356149792977e+01 0.000000000000000000e+00
-1.559988282426373729e+01 0.000000000000000000e+00
-1.558244208702954481e+01 0.000000000000000000e+00
-1.556500134979535233e+01 0.000000000000000000e+00
-1.554756061256115984e+01 0.000000000000000000e+00
-1.553011987532696736e+01 0.000000000000000000e+00
-1.551267913809277488e+01 0.000000000000000000e+00
-1.549523840085858239e+01 0.000000000000000000e+00
-1.547779766362438991e+01 0.000000000000000000e+00
-1.546035692639019743e+01 0.000000000000000000e+00
-1.544291618915600495e+01 0.000000000000000000e+00
-1.542547545192181602e+01 0.000000000000000000e+00
-1.540803471468761998e+01 0.000000000000000000e+00
-1.539059397745343105e+01 0.000000000000000000e+00
-1.537315324021923857e+01 0.000000000000000000e+00
-1.535571250298504609e+01 0.000000000000000000e+00
-1.533827176575085360e+01 0.000000000000000000e+00
-1.532083102851666112e+01 0.000000000000000000e+00
-1.530339029128246864e+01 0.000000000000000000e+00
-1.528594955404827616e+01 0.000000000000000000e+00
-1.526850881681408367e+01 0.000000000000000000e+00
-1.525106807957989119e+01 0.000000000000000000e+00
-1.523362734234569871e+01 0.000000000000000000e+00
-1.521618660511150622e+01 0.000000000000000000e+00
-1.519874586787731374e+01 0.000000000000000000e+00
-1.518130513064312126e+01 0.000000000000000000e+00
-1.516386439340892878e+01 0.000000000000000000e+00
-1.514642365617473629e+01 0.000000000000000000e+00
-1.512898291894054736e+01 0.000000000000000000e+00
-1.511154218170635133e+01 0.000000000000000000e+00
-1.509410144447216240e+01 0.000000000000000000e+00
-1.507666070723796636e+01 0.000000000000000000e+00
-1.505921997000377743e+01 0.000000000000000000e+00
-1.504177923276958495e+01 0.000000000000000000e+00
-1.502433849553539247e+01 0.000000000000000000e+00
-1.500689775830119999e+01 0.000000000000000000e+00
-1.498945702106700750e+01 0.000000000000000000e+00
-1.497201628383281502e+01 0.000000000000000000e+00
-1.495457554659862254e+01 0.000000000000000000e+00
-1.493713480936443005e+01 0.000000000000000000e+00
-1.491969407213023757e+01 0.000000000000000000e+00
-1.490225333489604509e+01 0.000000000000000000e+00
-1.488481259766185261e+01 0.000000000000000000e+00
-1.486737186042766012e+01 0.000000000000000000e+00
-1.484993112319346764e+01 0.000000000000000000e+00
-1.483249038595927516e+01 0.000000000000000000e+00
-1.481504964872508268e+01 0.000000000000000000e+00
-1.479760891149089375e+01 0.000000000000000000e+00
-1.478016817425669771e+01 0.000000000000000000e+00
-1.476272743702250878e+01 0.000000000000000000e+00
-1.474528669978831630e+01 0.000000000000000000e+00
-1.472784596255412382e+01 0.000000000000000000e+00
-1.471040522531993133e+01 0.000000000000000000e+00
-1.469296448808573885e+01 0.000000000000000000e+00
-1.467552375085154637e+01 0.000000000000000000e+00
-1.465808301361735388e+01 0.000000000000000000e+00
-1.464064227638316140e+01 0.000000000000000000e+00
-1.462320153914896892e+01 0.000000000000000000e+00
-1.460576080191477644e+01 0.000000000000000000e+00
-1.458832006468058395e+01 0.000000000000000000e+00
-1.457087932744639147e+01 0.000000000000000000e+00
-1.455343859021219899e+01 0.000000000000000000e+00
-1.453599785297800651e+01 0.000000000000000000e+00
-1.451855711574381402e+01 0.000000000000000000e+00
-1.450111637850962509e+01 0.000000000000000000e+00
-1.448367564127542906e+01 0.000000000000000000e+00
-1.446623490404124013e+01 0.000000000000000000e+00
-1.444879416680704409e+01 0.000000000000000000e+00
-1.443135342957285516e+01 0.000000000000000000e+00
-1.441391269233866268e+01 0.000000000000000000e+00
-1.439647195510447020e+01 0.000000000000000000e+00
-1.437903121787027771e+01 0.000000000000000000e+00
-1.436159048063608523e+01 0.000000000000000000e+00
-1.434414974340189275e+01 0.000000000000000000e+00
-1.432670900616770027e+01 0.000000000000000000e+00
-1.430926826893350778e+01 0.000000000000000000e+00
-1.429182753169931530e+01 0.000000000000000000e+00
-1.427438679446512282e+01 0.000000000000000000e+00
-1.425694605723093034e+01 0.000000000000000000e+00
-1.423950531999673785e+01 0.000000000000000000e+00
-1.422206458276254537e+01 0.000000000000000000e+00
-1.420462384552835289e+01 0.000000000000000000e+00
-1.418718310829416041e+01 0.000000000000000000e+00
-1.416974237105997148e+01 0.000000000000000000e+00
-1.415230163382577544e+01 0.000000000000000000e+00
-1.413486089659158651e+01 0.000000000000000000e+00
-1.411742015935739403e+01 0.000000000000000000e+00
-1.409997942212320154e+01 0.000000000000000000e+00
-1.408253868488900906e+01 0.000000000000000000e+00
-1.406509794765481658e+01 0.000000000000000000e+00
-1.404765721042062410e+01 0.000000000000000000e+00
-1.403021647318643161e+01 0.000000000000000000e+00
-1.401277573595223913e+01 0.000000000000000000e+00
-1.399533499871804665e+01 0.000000000000000000e+00
-1.397789426148385417e+01 0.000000000000000000e+00
-1.396045352424966168e+01 0.000000000000000000e+00
-1.394301278701546920e+01 0.000000000000000000e+00
-1.392557204978127672e+01 0.000000000000000000e+00
-1.390813131254708424e+01 0.000000000000000000e+00
-1.389069057531289175e+01 0.000000000000000000e+00
-1.387324983807870282e+01 0.000000000000000000e+00
-1.385580910084450679e+01 0.000000000000000000e+00
-1.383836836361031786e+01 0.000000000000000000e+00
-1.382092762637612182e+01 0.000000000000000000e+00
-1.380348688914193289e+01 0.000000000000000000e+00
-1.378604615190774041e+01 0.000000000000000000e+00
-1.376860541467354793e+01 0.000000000000000000e+00
-1.375116467743935544e+01 0.000000000000000000e+00
-1.373372394020516296e+01 0.000000000000000000e+00
-1.371628320297097048e+01 0.000000000000000000e+00
-1.369884246573677800e+01 0.000000000000000000e+00
-1.368140172850258551e+01 0.000000000000000000e+00
-1.366396099126839303e+01 0.000000000000000000e+00
-1.364652025403420055e+01 0.000000000000000000e+00
-1.362907951680000807e+01 0.000000000000000000e+00
-1.361163877956581558e+01 0.000000000000000000e+00
-1.359419804233162310e+01 0.000000000000000000e+00
-1.357675730509743417e+01 0.000000000000000000e+00
-1.355931656786324169e+01 0.000000000000000000e+00
-1.354187583062904920e+01 0.000000000000000000e+00
-1.352443509339485672e+01 0.000000000000000000e+00
-1.350699435616066424e+01 0.000000000000000000e+00
-1.348955361892647176e+01 0.000000000000000000e+00
-1.347211288169227927e+01 0.000000000000000000e+00
-1.345467214445808679e+01 0.000000000000000000e+00
-1.343723140722389431e+01 0.000000000000000000e+00
-1.341979066998970183e+01 0.000000000000000000e+00
-1.340234993275550934e+01 0.000000000000000000e+00
-1.338490919552131686e+01 0.000000000000000000e+00
-1.336746845828712438e+01 0.000000000000000000e+00
-1.335002772105293189e+01 0.000000000000000000e+00
-1.333258698381873941e+01 0.000000000000000000e+00
-1.331514624658454693e+01 0.000000000000000000e+00
-1.329770550935035445e+01 0.000000000000000000e+00
-1.328026477211616196e+01 0.000000000000000000e+00
-1.326282403488197303e+01 0.000000000000000000e+00
-1.324538329764778055e+01 0.000000000000000000e+00
-1.322794256041358807e+01 0.000000000000000000e+00
-1.321050182317939559e+01 0.000000000000000000e+00
-1.319306108594520310e+01 0.000000000000000000e+00
-1.317562034871101062e+01 0.000000000000000000e+00
-1.315817961147681814e+01 0.000000000000000000e+00
-1.314073887424262566e+01 0.000000000000000000e+00
-1.312329813700843317e+01 0.000000000000000000e+00
-1.310585739977424069e+01 0.000000000000000000e+00
-1.308841666254004821e+01 0.000000000000000000e+00
-1.307097592530585572e+01 0.000000000000000000e+00
-1.305353518807166324e+01 0.000000000000000000e+00
-1.303609445083747076e+01 0.000000000000000000e+00
-1.301865371360327828e+01 0.000000000000000000e+00
-1.300121297636908579e+01 0.000000000000000000e+00
-1.298377223913489331e+01 0.000000000000000000e+00
-1.296633150190070083e+01 0.000000000000000000e+00
-1.294889076466651190e+01 0.000000000000000000e+00
-1.293145002743231942e+01 0.000000000000000000e+00
-1.291400929019812693e+01 0.000000000000000000e+00
-1.289656855296393445e+01 0.000000000000000000e+00
-1.287912781572974197e+01 0.000000000000000000e+00
-1.286168707849554949e+01 0.000000000000000000e+00
-1.284424634126135700e+01 0.000000000000000000e+00
-1.282680560402716452e+01 0.000000000000000000e+00
-1.280936486679297204e+01 0.000000000000000000e+00
-1.279192412955877955e+01 0.000000000000000000e+00
-1.277448339232458707e+01 0.000000000000000000e+00
-1.275704265509039459e+01 0.000000000000000000e+00
-1.273960191785620211e+01 0.000000000000000000e+00
-1.272216118062200962e+01 0.000000000000000000e+00
-1.270472044338781714e+01 0.000000000000000000e+00
-1.268727970615362466e+01 0.000000000000000000e+00
-1.266983896891943218e+01 0.000000000000000000e+00
-1.265239823168523969e+01 0.000000000000000000e+00
-1.263495749445105076e+01 0.000000000000000000e+00
-1.261751675721685828e+01 0.000000000000000000e+00
-1.260007601998266580e+01 0.000000000000000000e+00
-1.258263528274847332e+01 0.000000000000000000e+00
-1.256519454551428083e+01 0.000000000000000000e+00
-1.254775380828008835e+01 0.000000000000000000e+00
-1.253031307104589587e+01 0.000000000000000000e+00
-1.251287233381170338e+01 0.000000000000000000e+00
-1.249543159657751090e+01 0.000000000000000000e+00
-1.247799085934331842e+01 0.000000000000000000e+00
-1.246055012210912594e+01 0.000000000000000000e+00
-1.244310938487493345e+01 0.000000000000000000e+00
-1.242566864764074097e+01 0.000000000000000000e+00
-1.240822791040654849e+01 0.000000000000000000e+00
-1.239078717317235601e+01 0.000000000000000000e+00
-1.237334643593816352e+01 0.000000000000000000e+00
-1.235590569870397104e+01 0.000000000000000000e+00
-1.233846496146977856e+01 0.000000000000000000e+00
-1.232102422423558963e+01 0.000000000000000000e+00
-1.230358348700139715e+01 0.000000000000000000e+00
-1.228614274976720466e+01 0.000000000000000000e+00
-1.226870201253301218e+01 0.000000000000000000e+00
-1.225126127529881970e+01 0.000000000000000000e+00
-1.223382053806462721e+01 0.000000000000000000e+00
-1.221637980083043473e+01 0.000000000000000000e+00
-1.219893906359624225e+01 0.000000000000000000e+00
-1.218149832636204977e+01 0.000000000000000000e+00
-1.216405758912785728e+01 0.000000000000000000e+00
-1.214661685189366480e+01 0.000000000000000000e+00
-1.212917611465947232e+01 0.000000000000000000e+00
-1.211173537742527984e+01 0.000000000000000000e+00
-1.209429464019108735e+01 0.000000000000000000e+00
-1.207685390295689487e+01 0.000000000000000000e+00
-1.205941316572270239e+01 0.000000000000000000e+00
-1.204197242848851346e+01 0.000000000000000000e+00
-1.202453169125432098e+01 0.000000000000000000e+00
-1.200709095402012849e+01 0.000000000000000000e+00
-1.198965021678593601e+01 0.000000000000000000e+00
-1.197220947955174353e+01 0.000000000000000000e+00
-1.195476874231755104e+01 0.000000000000000000e+00
-1.193732800508335856e+01 0.000000000000000000e+00
-1.191988726784916608e+01 0.000000000000000000e+00
-1.190244653061497360e+01 0.000000000000000000e+00
-1.188500579338078111e+01 0.000000000000000000e+00
-1.186756505614658863e+01 0.000000000000000000e+00
-1.185012431891239615e+01 0.000000000000000000e+00
-1.183268358167820367e+01 0.000000000000000000e+00
-1.181524284444401118e+01 0.000000000000000000e+00
-1.179780210720981870e+01 0.000000000000000000e+00
-1.178036136997562622e+01 0.000000000000000000e+00
-1.176292063274143374e+01 0.000000000000000000e+00
-1.174547989550724125e+01 0.000000000000000000e+00
-1.172803915827305232e+01 0.000000000000000000e+00
-1.171059842103885984e+01 0.000000000000000000e+00
-1.169315768380466736e+01 0.000000000000000000e+00
-1.167571694657047487e+01 0.000000000000000000e+00
-1.165827620933628239e+01 0.000000000000000000e+00
-1.164083547210208991e+01 0.000000000000000000e+00
-1.162339473486789743e+01 0.000000000000000000e+00
-1.160595399763370494e+01 0.000000000000000000e+00
-1.158851326039951246e+01 0.000000000000000000e+00
-1.157107252316531998e+01 0.000000000000000000e+00
-1.155363178593112750e+01 0.000000000000000000e+00
-1.153619104869693501e+01 0.000000000000000000e+00
-1.151875031146274253e+01 0.000000000000000000e+00
-1.150130957422855005e+01 0.000000000000000000e+00
-1.148386883699435757e+01 0.000000000000000000e+00
-1.146642809976016508e+01 0.000000000000000000e+00
-1.144898736252597260e+01 0.000000000000000000e+00
-1.143154662529178012e+01 0.000000000000000000e+00
-1.141410588805759119e+01 0.000000000000000000e+00
-1.139666515082339870e+01 0.000000000000000000e+00
-1.137922441358920622e+01 0.000000000000000000e+00
-1.136178367635501374e+01 0.000000000000000000e+00
-1.134434293912082126e+01 0.000000000000000000e+00
-1.132690220188662877e+01 0.000000000000000000e+00
-1.130946146465243629e+01 0.000000000000000000e+00
-1.129202072741824381e+01 0.000000000000000000e+00
-1.127457999018405133e+01 0.000000000000000000e+00
-1.125713925294985884e+01 0.000000000000000000e+00
-1.123969851571566636e+01 0.000000000000000000e+00
-1.122225777848147388e+01 0.000000000000000000e+00
-1.120481704124728140e+01 0.000000000000000000e+00
-1.118737630401308891e+01 0.000000000000000000e+00
-1.116993556677889643e+01 0.000000000000000000e+00
-1.115249482954470395e+01 0.000000000000000000e+00
-1.113505409231051146e+01 0.000000000000000000e+00
-1.111761335507631898e+01 0.000000000000000000e+00
-1.110017261784213005e+01 0.000000000000000000e+00
-1.108273188060793757e+01 0.000000000000000000e+00
-1.106529114337374509e+01 0.000000000000000000e+00
-1.104785040613955260e+01 0.000000000000000000e+00
-1.103040966890536012e+01 0.000000000000000000e+00
-1.101296893167116764e+01 0.000000000000000000e+00
-1.099552819443697516e+01 0.000000000000000000e+00
-1.097808745720278267e+01 0.000000000000000000e+00
-1.096064671996859019e+01 0.000000000000000000e+00
-1.094320598273439771e+01 0.000000000000000000e+00
-1.092576524550020522e+01 0.000000000000000000e+00
-1.090832450826601274e+01 0.000000000000000000e+00
-1.089088377103182026e+01 0.000000000000000000e+00
-1.087344303379762778e+01 0.000000000000000000e+00
-1.085600229656343529e+01 0.000000000000000000e+00
-1.083856155932924281e+01 0.000000000000000000e+00
-1.082112082209505033e+01 0.000000000000000000e+00
-1.080368008486085785e+01 0.000000000000000000e+00
-1.078623934762666892e+01 0.000000000000000000e+00
-1.076879861039247643e+01 0.000000000000000000e+00
-1.075135787315828395e+01 0.000000000000000000e+00
-1.073391713592409147e+01 0.000000000000000000e+00
-1.071647639868989899e+01 0.000000000000000000e+00
-1.069903566145570650e+01 0.000000000000000000e+00
-1.068159492422151402e+01 0.000000000000000000e+00
-1.066415418698732154e+01 0.000000000000000000e+00
-1.064671344975312905e+01 0.000000000000000000e+00
-1.062927271251893657e+01 0.000000000000000000e+00
-1.061183197528474409e+01 0.000000000000000000e+00
-1.059439123805055161e+01 0.000000000000000000e+00
-1.057695050081635912e+01 0.000000000000000000e+00
-1.055950976358216664e+01 0.000000000000000000e+00
-1.054206902634797416e+01 0.000000000000000000e+00
-1.052462828911378168e+01 0.000000000000000000e+00
-1.050718755187958919e+01 0.000000000000000000e+00
-1.048974681464539671e+01 0.000000000000000000e+00
-1.047230607741120778e+01 0.000000000000000000e+00
-1.045486534017701530e+01 0.000000000000000000e+00
-1.043742460294282282e+01 0.000000000000000000e+00
-1.041998386570863033e+01 0.000000000000000000e+00
-1.040254312847443785e+01 0.000000000000000000e+00
-1.038510239124024537e+01 0.000000000000000000e+00
-1.036766165400605288e+01 0.000000000000000000e+00
-1.035022091677186040e+01 0.000000000000000000e+00
-1.033278017953766792e+01 0.000000000000000000e+00
-1.031533944230347544e+01 0.000000000000000000e+00
-1.029789870506928295e+01 0.000000000000000000e+00
-1.028045796783509047e+01 0.000000000000000000e+00
-1.026301723060089799e+01 0.000000000000000000e+00
-1.024557649336670551e+01 0.000000000000000000e+00
-1.022813575613251302e+01 0.000000000000000000e+00
-1.021069501889832054e+01 0.000000000000000000e+00
-1.019325428166412806e+01 0.000000000000000000e+00
-1.017581354442993558e+01 0.000000000000000000e+00
-1.015837280719574665e+01 0.000000000000000000e+00
-1.014093206996155416e+01 0.000000000000000000e+00
-1.012349133272736168e+01 0.000000000000000000e+00
-1.010605059549316920e+01 0.000000000000000000e+00
-1.008860985825897671e+01 0.000000000000000000e+00
-1.007116912102478423e+01 0.000000000000000000e+00
-1.005372838379059175e+01 0.000000000000000000e+00
-1.003628764655639927e+01 0.000000000000000000e+00
-1.001884690932220678e+01 0.000000000000000000e+00
-1.000140617208801430e+01 0.000000000000000000e+00
-9.983965434853821819e+00 0.000000000000000000e+00
-9.966524697619629336e+00 0.000000000000000000e+00
-9.949083960385436853e+00 0.000000000000000000e+00
-9.931643223151244371e+00 0.000000000000000000e+00
-9.914202485917051888e+00 0.000000000000000000e+00
-9.896761748682859405e+00 0.000000000000000000e+00
-9.879321011448666923e+00 0.000000000000000000e+00
-9.861880274214474440e+00 0.000000000000000000e+00
-9.844439536980285510e+00 0.000000000000000000e+00
-9.826998799746093027e+00 0.000000000000000000e+00
-9.809558062511900545e+00 0.000000000000000000e+00
-9.792117325277708062e+00 0.000000000000000000e+00
-9.774676588043515579e+00 0.000000000000000000e+00
-9.757235850809323097e+00 0.000000000000000000e+00
-9.739795113575130614e+00 0.000000000000000000e+00
-9.722354376340938131e+00 0.000000000000000000e+00
-9.704913639106745649e+00 0.000000000000000000e+00
-9.687472901872553166e+00 0.000000000000000000e+00
-9.670032164638360683e+00 0.000000000000000000e+00
-9.652591427404168201e+00 0.000000000000000000e+00
-9.635150690169975718e+00 0.000000000000000000e+00
-9.617709952935783235e+00 0.000000000000000000e+00
-9.600269215701590753e+00 0.000000000000000000e+00
-9.582828478467398270e+00 0.000000000000000000e+00
-9.565387741233205787e+00 0.000000000000000000e+00
-9.547947003999013305e+00 0.000000000000000000e+00
-9.530506266764824375e+00 0.000000000000000000e+00
-9.513065529530631892e+00 0.000000000000000000e+00
-9.495624792296439409e+00 0.000000000000000000e+00
-9.478184055062246927e+00 0.000000000000000000e+00
-9.460743317828054444e+00 0.000000000000000000e+00
-9.443302580593861961e+00 0.000000000000000000e+00
-9.425861843359669479e+00 0.000000000000000000e+00
-9.408421106125476996e+00 0.000000000000000000e+00
-9.390980368891284513e+00 0.000000000000000000e+00
-9.373539631657092031e+00 0.000000000000000000e+00
-9.356098894422899548e+00 0.000000000000000000e+00
-9.338658157188707065e+00 0.000000000000000000e+00
-9.321217419954514583e+00 0.000000000000000000e+00
-9.303776682720322100e+00 0.000000000000000000e+00
-9.286335945486129617e+00 0.000000000000000000e+00
-9.268895208251937134e+00 0.000000000000000000e+00
-9.251454471017744652e+00 0.000000000000000000e+00
-9.234013733783552169e+00 0.000000000000000000e+00
-9.216572996549363239e+00 0.000000000000000000e+00
-9.199132259315170757e+00 0.000000000000000000e+00
-9.181691522080978274e+00 0.000000000000000000e+00
-9.164250784846785791e+00 0.000000000000000000e+00
-9.146810047612593308e+00 0.000000000000000000e+00
-9.129369310378400826e+00 0.000000000000000000e+00
-9.111928573144208343e+00 0.000000000000000000e+00
-9.094487835910015860e+00 0.000000000000000000e+00
-9.077047098675823378e+00 0.000000000000000000e+00
-9.059606361441630895e+00 0.000000000000000000e+00
-9.042165624207438412e+00 0.000000000000000000e+00
-9.024724886973245930e+00 0.000000000000000000e+00
-9.007284149739053447e+00 0.000000000000000000e+00
-8.989843412504860964e+00 0.000000000000000000e+00
-8.972402675270668482e+00 0.000000000000000000e+00
-8.954961938036475999e+00 0.000000000000000000e+00
-8.937521200802283516e+00 0.000000000000000000e+00
-8.920080463568091034e+00 0.000000000000000000e+00
-8.902639726333902104e+00 0.000000000000000000e+00
-8.885198989099709621e+00 0.000000000000000000e+00
-8.867758251865517138e+00 0.000000000000000000e+00
-8.850317514631324656e+00 0.000000000000000000e+00
-8.832876777397132173e+00 0.000000000000000000e+00
-8.815436040162939690e+00 0.000000000000000000e+00
-8.797995302928747208e+00 0.000000000000000000e+00
-8.780554565694554725e+00 0.000000000000000000e+00
-8.763113828460362242e+00 0.000000000000000000e+00
-8.745673091226169760e+00 0.000000000000000000e+00
-8.728232353991977277e+00 0.000000000000000000e+00
-8.710791616757784794e+00 0.000000000000000000e+00
-8.693350879523592312e+00 0.000000000000000000e+00
-8.675910142289399829e+00 0.000000000000000000e+00
-8.658469405055207346e+00 0.000000000000000000e+00
-8.641028667821014864e+00 0.000000000000000000e+00
-8.623587930586822381e+00 0.000000000000000000e+00
-8.606147193352629898e+00 0.000000000000000000e+00
-8.588706456118440968e+00 0.000000000000000000e+00
-8.571265718884248486e+00 0.000000000000000000e+00
-8.553824981650056003e+00 0.000000000000000000e+00
-8.536384244415863520e+00 0.000000000000000000e+00
-8.518943507181671038e+00 0.000000000000000000e+00
-8.501502769947478555e+00 0.000000000000000000e+00
-8.484062032713286072e+00 0.000000000000000000e+00
-8.466621295479093590e+00 0.000000000000000000e+00
-8.449180558244901107e+00 0.000000000000000000e+00
-8.431739821010708624e+00 0.000000000000000000e+00
-8.414299083776516142e+00 0.000000000000000000e+00
-8.396858346542323659e+00 0.000000000000000000e+00
-8.379417609308131176e+00 0.000000000000000000e+00
-8.361976872073938694e+00 0.000000000000000000e+00
-8.344536134839746211e+00 0.000000000000000000e+00
-8.327095397605553728e+00 0.000000000000000000e+00
-8.309654660371361246e+00 0.000000000000000000e+00
-8.292213923137168763e+00 0.000000000000000000e+00
-8.274773185902979833e+00 0.000000000000000000e+00
-8.257332448668787350e+00 0.000000000000000000e+00
-8.239891711434594868e+00 0.000000000000000000e+00
-8.222450974200402385e+00 0.000000000000000000e+00
-8.205010236966209902e+00 0.000000000000000000e+00
-8.187569499732017420e+00 0.000000000000000000e+00
-8.170128762497824937e+00 0.000000000000000000e+00
-8.152688025263632454e+00 0.000000000000000000e+00
-8.135247288029439972e+00 0.000000000000000000e+00
-8.117806550795247489e+00 0.000000000000000000e+00
-8.100365813561055006e+00 0.000000000000000000e+00
-8.082925076326862524e+00 0.000000000000000000e+00
-8.065484339092670041e+00 0.000000000000000000e+00
-8.048043601858477558e+00 0.000000000000000000e+00
-8.030602864624285075e+00 0.000000000000000000e+00
-8.013162127390092593e+00 0.000000000000000000e+00
-7.995721390155900998e+00 0.000000000000000000e+00
-7.978280652921708516e+00 0.000000000000000000e+00
-7.960839915687517809e+00 0.000000000000000000e+00
-7.943399178453325327e+00 0.000000000000000000e+00
-7.925958441219132844e+00 0.000000000000000000e+00
-7.908517703984940361e+00 0.000000000000000000e+00
-7.891076966750747879e+00 0.000000000000000000e+00
-7.873636229516555396e+00 0.000000000000000000e+00
-7.856195492282362913e+00 0.000000000000000000e+00
-7.838754755048170431e+00 0.000000000000000000e+00
-7.821314017813977948e+00 0.000000000000000000e+00
-7.803873280579787242e+00 0.000000000000000000e+00
-7.786432543345594759e+00 0.000000000000000000e+00
-7.768991806111402276e+00 0.000000000000000000e+00
-7.751551068877209794e+00 0.000000000000000000e+00
-7.734110331643017311e+00 0.000000000000000000e+00
-7.716669594408824828e+00 0.000000000000000000e+00
-7.699228857174632346e+00 0.000000000000000000e+00
-7.681788119940439863e+00 0.000000000000000000e+00
-7.664347382706247380e+00 0.000000000000000000e+00
-7.646906645472056674e+00 0.000000000000000000e+00
-7.629465908237864191e+00 0.000000000000000000e+00
-7.612025171003671709e+00 0.000000000000000000e+00
-7.594584433769479226e+00 0.000000000000000000e+00
-7.577143696535286743e+00 0.000000000000000000e+00
-7.559702959301094261e+00 0.000000000000000000e+00
-7.542262222066901778e+00 0.000000000000000000e+00
-7.524821484832709295e+00 0.000000000000000000e+00
-7.507380747598516813e+00 0.000000000000000000e+00
-7.489940010364326106e+00 0.000000000000000000e+00
-7.472499273130133624e+00 0.000000000000000000e+00
-7.455058535895941141e+00 0.000000000000000000e+00
-7.437617798661748658e+00 0.000000000000000000e+00
-7.420177061427556175e+00 0.000000000000000000e+00
-7.402736324193363693e+00 0.000000000000000000e+00
-7.385295586959171210e+00 0.000000000000000000e+00
-7.367854849724978727e+00 0.000000000000000000e+00
-7.350414112490786245e+00 0.000000000000000000e+00
-7.332973375256595538e+00 0.000000000000000000e+00
-7.315532638022403056e+00 0.000000000000000000e+00
-7.298091900788210573e+00 0.000000000000000000e+00
-7.280651163554018090e+00 0.000000000000000000e+00
-7.263210426319825608e+00 0.000000000000000000e+00
-7.245769689085633125e+00 0.000000000000000000e+00
-7.228328951851440642e+00 0.000000000000000000e+00
-7.210888214617248160e+00 0.000000000000000000e+00
-7.193447477383055677e+00 0.000000000000000000e+00
-7.176006740148864971e+00 0.000000000000000000e+00
-7.158566002914672488e+00 0.000000000000000000e+00
-7.141125265680480005e+00 0.000000000000000000e+00
-7.123684528446287523e+00 0.000000000000000000e+00
-7.106243791212095040e+00 0.000000000000000000e+00
-7.088803053977902557e+00 0.000000000000000000e+00
-7.071362316743710075e+00 0.000000000000000000e+00
-7.053921579509517592e+00 0.000000000000000000e+00
-7.036480842275325109e+00 0.000000000000000000e+00
-7.019040105041134403e+00 0.000000000000000000e+00
-7.001599367806941920e+00 0.000000000000000000e+00
-6.984158630572749438e+00 0.000000000000000000e+00
-6.966717893338556955e+00 0.000000000000000000e+00
-6.949277156104364472e+00 0.000000000000000000e+00
-6.931836418870171990e+00 0.000000000000000000e+00
-6.914395681635979507e+00 0.000000000000000000e+00
-6.896954944401787024e+00 0.000000000000000000e+00
-6.879514207167596318e+00 0.000000000000000000e+00
-6.862073469933403835e+00 0.000000000000000000e+00
-6.844632732699211353e+00 0.000000000000000000e+00
-6.827191995465018870e+00 0.000000000000000000e+00
-6.809751258230826387e+00 0.000000000000000000e+00
-6.792310520996633905e+00 0.000000000000000000e+00
-6.774869783762441422e+00 0.000000000000000000e+00
-6.757429046528248939e+00 0.000000000000000000e+00
-6.739988309294056457e+00 0.000000000000000000e+00
-6.722547572059865750e+00 0.000000000000000000e+00
-6.705106834825673268e+00 0.000000000000000000e+00
-6.687666097591480785e+00 0.000000000000000000e+00
-6.670225360357288302e+00 0.000000000000000000e+00
-6.652784623123095820e+00 0.000000000000000000e+00
-6.635343885888903337e+00 0.000000000000000000e+00
-6.617903148654710854e+00 0.000000000000000000e+00
-6.600462411420518372e+00 0.000000000000000000e+00
-6.583021674186325889e+00 0.000000000000000000e+00
-6.565580936952135183e+00 0.000000000000000000e+00
-6.548140199717942700e+00 0.000000000000000000e+00
-6.530699462483750217e+00 0.000000000000000000e+00
-6.513258725249557735e+00 0.000000000000000000e+00
-6.495817988015365252e+00 0.000000000000000000e+00
-6.478377250781172769e+00 0.000000000000000000e+00
-6.460936513546980287e+00 0.000000000000000000e+00
-6.443495776312787804e+00 0.000000000000000000e+00
-6.426055039078595321e+00 0.000000000000000000e+00
-6.408614301844404615e+00 0.000000000000000000e+00
-6.391173564610212132e+00 0.000000000000000000e+00
-6.373732827376019650e+00 0.000000000000000000e+00
-6.356292090141827167e+00 0.000000000000000000e+00
-6.338851352907634684e+00 0.000000000000000000e+00
-6.321410615673442202e+00 0.000000000000000000e+00
-6.303969878439249719e+00 0.000000000000000000e+00
-6.286529141205057236e+00 0.000000000000000000e+00
-6.269088403970864753e+00 0.000000000000000000e+00
-6.251647666736674047e+00 0.000000000000000000e+00
-6.234206929502481564e+00 0.000000000000000000e+00
-6.216766192268289082e+00 0.000000000000000000e+00
-6.199325455034096599e+00 0.000000000000000000e+00
-6.181884717799904116e+00 0.000000000000000000e+00
-6.164443980565711634e+00 0.000000000000000000e+00
-6.147003243331519151e+00 0.000000000000000000e+00
-6.129562506097326668e+00 0.000000000000000000e+00
-6.112121768863134186e+00 0.000000000000000000e+00
-6.094681031628943479e+00 0.000000000000000000e+00
-6.077240294394750997e+00 0.000000000000000000e+00
-6.059799557160558514e+00 0.000000000000000000e+00
-6.042358819926366031e+00 0.000000000000000000e+00
-6.024918082692173549e+00 0.000000000000000000e+00
-6.007477345457981066e+00 0.000000000000000000e+00
-5.990036608223788583e+00 0.000000000000000000e+00
-5.972595870989596101e+00 0.000000000000000000e+00
-5.955155133755403618e+00 0.000000000000000000e+00
-5.937714396521212912e+00 0.000000000000000000e+00
-5.920273659287020429e+00 0.000000000000000000e+00
-5.902832922052827946e+00 0.000000000000000000e+00
-5.885392184818635464e+00 0.000000000000000000e+00
-5.867951447584442981e+00 0.000000000000000000e+00
-5.850510710350250498e+00 0.000000000000000000e+00
-5.833069973116058016e+00 0.000000000000000000e+00
-5.815629235881865533e+00 0.000000000000000000e+00
-5.798188498647673050e+00 0.000000000000000000e+00
-5.780747761413482344e+00 0.000000000000000000e+00
-5.763307024179289861e+00 0.000000000000000000e+00
-5.745866286945097379e+00 0.000000000000000000e+00
-5.728425549710904896e+00 0.000000000000000000e+00
-5.710984812476712413e+00 0.000000000000000000e+00
-5.693544075242519931e+00 0.000000000000000000e+00
-5.676103338008327448e+00 0.000000000000000000e+00
-5.658662600774134965e+00 0.000000000000000000e+00
-5.641221863539942483e+00 0.000000000000000000e+00
-5.623781126305751776e+00 0.000000000000000000e+00
-5.606340389071559294e+00 0.000000000000000000e+00
-5.588899651837366811e+00 0.000000000000000000e+00
-5.571458914603174328e+00 0.000000000000000000e+00
-5.554018177368981846e+00 0.000000000000000000e+00
-5.536577440134789363e+00 0.000000000000000000e+00
-5.519136702900596880e+00 0.000000000000000000e+00
-5.501695965666404398e+00 0.000000000000000000e+00
-5.484255228432211915e+00 0.000000000000000000e+00
-5.466814491198021209e+00 0.000000000000000000e+00
-5.449373753963828726e+00 0.000000000000000000e+00
-5.431933016729636243e+00 0.000000000000000000e+00
-5.414492279495443761e+00 0.000000000000000000e+00
-5.397051542261251278e+00 0.000000000000000000e+00
-5.379610805027058795e+00 0.000000000000000000e+00
-5.362170067792866313e+00 0.000000000000000000e+00
-5.344729330558673830e+00 0.000000000000000000e+00
-5.327288593324481347e+00 0.000000000000000000e+00
-5.309847856090290641e+00 0.000000000000000000e+00
-5.292407118856098158e+00 0.000000000000000000e+00
-5.274966381621905676e+00 0.000000000000000000e+00
-5.257525644387713193e+00 0.000000000000000000e+00
-5.240084907153520710e+00 0.000000000000000000e+00
-5.222644169919328228e+00 0.000000000000000000e+00
-5.205203432685135745e+00 0.000000000000000000e+00
-5.187762695450943262e+00 0.000000000000000000e+00
-5.170321958216750780e+00 0.000000000000000000e+00
-5.152881220982560073e+00 0.000000000000000000e+00
-5.135440483748367591e+00 0.000000000000000000e+00
-5.117999746514175108e+00 0.000000000000000000e+00
-5.100559009279982625e+00 0.000000000000000000e+00
-5.083118272045790142e+00 0.000000000000000000e+00
-5.065677534811597660e+00 0.000000000000000000e+00
-5.048236797577405177e+00 0.000000000000000000e+00
-5.030796060343212694e+00 0.000000000000000000e+00
-5.013355323109020212e+00 0.000000000000000000e+00
-4.995914585874829505e+00 0.000000000000000000e+00
-4.978473848640637023e+00 0.000000000000000000e+00
-4.961033111406444540e+00 0.000000000000000000e+00
-4.943592374172252057e+00 0.000000000000000000e+00
-4.926151636938059575e+00 0.000000000000000000e+00
-4.908710899703867092e+00 0.000000000000000000e+00
-4.891270162469674609e+00 0.000000000000000000e+00
-4.873829425235482127e+00 0.000000000000000000e+00
-4.856388688001289644e+00 0.000000000000000000e+00
-4.838947950767098938e+00 0.000000000000000000e+00
-4.821507213532906455e+00 0.000000000000000000e+00
-4.804066476298713972e+00 0.000000000000000000e+00
-4.786625739064521490e+00 0.000000000000000000e+00
-4.769185001830329007e+00 0.000000000000000000e+00
-4.751744264596136524e+00 0.000000000000000000e+00
-4.734303527361944042e+00 0.000000000000000000e+00
-4.716862790127751559e+00 0.000000000000000000e+00
-4.699422052893559076e+00 0.000000000000000000e+00
-4.681981315659368370e+00 0.000000000000000000e+00
-4.664540578425175887e+00 0.000000000000000000e+00
-4.647099841190983405e+00 0.000000000000000000e+00
-4.629659103956790922e+00 0.000000000000000000e+00
-4.612218366722598439e+00 0.000000000000000000e+00
-4.594777629488405957e+00 0.000000000000000000e+00
-4.577336892254213474e+00 0.000000000000000000e+00
-4.559896155020020991e+00 0.000000000000000000e+00
-4.542455417785828509e+00 0.000000000000000000e+00
-4.525014680551637802e+00 0.000000000000000000e+00
-4.507573943317445320e+00 0.000000000000000000e+00
-4.490133206083252837e+00 0.000000000000000000e+00
-4.472692468849060354e+00 0.000000000000000000e+00
-4.455251731614867872e+00 0.000000000000000000e+00
-4.437810994380675389e+00 0.000000000000000000e+00
-4.420370257146482906e+00 0.000000000000000000e+00
-4.402929519912290424e+00 0.000000000000000000e+00
-4.385488782678097941e+00 0.000000000000000000e+00
-4.368048045443907235e+00 0.000000000000000000e+00
-4.350607308209714752e+00 0.000000000000000000e+00
-4.333166570975522269e+00 0.000000000000000000e+00
-4.315725833741329787e+00 0.000000000000000000e+00
-4.298285096507137304e+00 0.000000000000000000e+00
-4.280844359272944821e+00 0.000000000000000000e+00
-4.263403622038752339e+00 0.000000000000000000e+00
-4.245962884804559856e+00 0.000000000000000000e+00
-4.228522147570367373e+00 0.000000000000000000e+00
-4.211081410336174891e+00 0.000000000000000000e+00
-4.193640673101982408e+00 0.000000000000000000e+00
-4.176199935867789925e+00 0.000000000000000000e+00
-4.158759198633597443e+00 0.000000000000000000e+00
-4.141318461399404960e+00 0.000000000000000000e+00
-4.123877724165216030e+00 0.000000000000000000e+00
-4.106436986931023547e+00 0.000000000000000000e+00
-4.088996249696831065e+00 0.000000000000000000e+00
-4.071555512462638582e+00 0.000000000000000000e+00
-4.054114775228446099e+00 0.000000000000000000e+00
-4.036674037994253617e+00 0.000000000000000000e+00
-4.019233300760061134e+00 0.000000000000000000e+00
-4.001792563525868651e+00 0.000000000000000000e+00
-3.984351826291676169e+00 0.000000000000000000e+00
-3.966911089057483686e+00 0.000000000000000000e+00
-3.949470351823291203e+00 0.000000000000000000e+00
-3.932029614589098721e+00 0.000000000000000000e+00
-3.914588877354906238e+00 0.000000000000000000e+00
-3.897148140120713755e+00 0.000000000000000000e+00
-3.879707402886521272e+00 0.000000000000000000e+00
-3.862266665652328790e+00 0.000000000000000000e+00
-3.844825928418136307e+00 0.000000000000000000e+00
-3.827385191183943824e+00 0.000000000000000000e+00
-3.809944453949754894e+00 0.000000000000000000e+00
-3.792503716715562412e+00 0.000000000000000000e+00
-3.775062979481369929e+00 0.000000000000000000e+00
-3.757622242247177446e+00 0.000000000000000000e+00
-3.740181505012984964e+00 0.000000000000000000e+00
-3.722740767778792481e+00 0.000000000000000000e+00
-3.705300030544599998e+00 0.000000000000000000e+00
-3.687859293310407516e+00 0.000000000000000000e+00
-3.670418556076215033e+00 0.000000000000000000e+00
-3.652977818842022550e+00 0.000000000000000000e+00
-3.635537081607830068e+00 0.000000000000000000e+00
-3.618096344373637585e+00 0.000000000000000000e+00
-3.600655607139445102e+00 0.000000000000000000e+00
-3.583214869905252620e+00 0.000000000000000000e+00
-3.565774132671060137e+00 0.000000000000000000e+00
-3.548333395436867654e+00 0.000000000000000000e+00
-3.530892658202675172e+00 0.000000000000000000e+00
-3.513451920968482689e+00 0.000000000000000000e+00
-3.496011183734293759e+00 0.000000000000000000e+00
-3.478570446500101276e+00 0.000000000000000000e+00
-3.461129709265908794e+00 0.000000000000000000e+00
-3.443688972031716311e+00 0.000000000000000000e+00
-3.426248234797523828e+00 0.000000000000000000e+00
-3.408807497563331346e+00 0.000000000000000000e+00
-3.391366760329138863e+00 0.000000000000000000e+00
-3.373926023094946380e+00 0.000000000000000000e+00
-3.356485285860753898e+00 0.000000000000000000e+00
-3.339044548626561415e+00 0.000000000000000000e+00
-3.321603811392368932e+00 0.000000000000000000e+00
-3.304163074158176450e+00 0.000000000000000000e+00
-3.286722336923983967e+00 0.000000000000000000e+00
-3.269281599689791484e+00 0.000000000000000000e+00
-3.251840862455599002e+00 0.000000000000000000e+00
-3.234400125221406519e+00 0.000000000000000000e+00
-3.216959387987214036e+00 0.000000000000000000e+00
-3.199518650753021554e+00 0.000000000000000000e+00
-3.182077913518832624e+00 0.000000000000000000e+00
-3.164637176284640141e+00 0.000000000000000000e+00
-3.147196439050447658e+00 0.000000000000000000e+00
-3.129755701816255176e+00 0.000000000000000000e+00
-3.112314964582062693e+00 0.000000000000000000e+00
-3.094874227347870210e+00 0.000000000000000000e+00
-3.077433490113677728e+00 0.000000000000000000e+00
-3.059992752879485245e+00 0.000000000000000000e+00
-3.042552015645292762e+00 0.000000000000000000e+00
-3.025111278411100280e+00 0.000000000000000000e+00
-3.007670541176907797e+00 0.000000000000000000e+00
-2.990229803942715314e+00 0.000000000000000000e+00
-2.972789066708522832e+00 0.000000000000000000e+00
-2.955348329474330349e+00 0.000000000000000000e+00
-2.937907592240137866e+00 0.000000000000000000e+00
-2.920466855005945384e+00 0.000000000000000000e+00
-2.903026117771752901e+00 0.000000000000000000e+00
-2.885585380537560418e+00 0.000000000000000000e+00
-2.868144643303371488e+00 0.000000000000000000e+00
-2.850703906069179006e+00 0.000000000000000000e+00
-2.833263168834986523e+00 0.000000000000000000e+00
-2.815822431600794040e+00 0.000000000000000000e+00
-2.798381694366601558e+00 0.000000000000000000e+00
-2.780940957132409075e+00 0.000000000000000000e+00
-2.763500219898216592e+00 0.000000000000000000e+00
-2.746059482664024110e+00 0.000000000000000000e+00
-2.728618745429831627e+00 0.000000000000000000e+00
-2.711178008195639144e+00 0.000000000000000000e+00
-2.693737270961446661e+00 0.000000000000000000e+00
-2.676296533727254179e+00 0.000000000000000000e+00
-2.658855796493061696e+00 0.000000000000000000e+00
-2.641415059258869213e+00 0.000000000000000000e+00
-2.623974322024676731e+00 0.000000000000000000e+00
-2.606533584790484248e+00 0.000000000000000000e+00
-2.589092847556291765e+00 0.000000000000000000e+00
-2.571652110322099283e+00 0.000000000000000000e+00
-2.554211373087910353e+00 0.000000000000000000e+00
-2.536770635853717870e+00 0.000000000000000000e+00
-2.519329898619525387e+00 0.000000000000000000e+00
-2.501889161385332905e+00 0.000000000000000000e+00
-2.484448424151140422e+00 0.000000000000000000e+00
-2.467007686916947939e+00 0.000000000000000000e+00
-2.449566949682755457e+00 0.000000000000000000e+00
-2.432126212448562974e+00 0.000000000000000000e+00
-2.414685475214370491e+00 0.000000000000000000e+00
-2.397244737980178009e+00 0.000000000000000000e+00
-2.379804000745985526e+00 0.000000000000000000e+00
-2.362363263511793043e+00 0.000000000000000000e+00
-2.344922526277600561e+00 0.000000000000000000e+00
-2.327481789043408078e+00 0.000000000000000000e+00
-2.310041051809215595e+00 0.000000000000000000e+00
-2.292600314575023113e+00 0.000000000000000000e+00
-2.275159577340830630e+00 0.000000000000000000e+00
-2.257718840106641700e+00 0.000000000000000000e+00
-2.240278102872449217e+00 0.000000000000000000e+00
-2.222837365638256735e+00 0.000000000000000000e+00
-2.205396628404064252e+00 0.000000000000000000e+00
-2.187955891169871769e+00 0.000000000000000000e+00
-2.170515153935679287e+00 0.000000000000000000e+00
-2.153074416701486804e+00 0.000000000000000000e+00
-2.135633679467294321e+00 0.000000000000000000e+00
-2.118192942233101839e+00 0.000000000000000000e+00
-2.100752204998909356e+00 0.000000000000000000e+00
-2.083311467764716873e+00 0.000000000000000000e+00
-2.065870730530524391e+00 0.000000000000000000e+00
-2.048429993296331908e+00 0.000000000000000000e+00
-2.030989256062139425e+00 0.000000000000000000e+00
-2.013548518827946943e+00 0.000000000000000000e+00
-1.996107781593754460e+00 0.000000000000000000e+00
-1.978667044359561977e+00 0.000000000000000000e+00
-1.961226307125369495e+00 0.000000000000000000e+00
-1.943785569891180565e+00 0.000000000000000000e+00
-1.926344832656988082e+00 0.000000000000000000e+00
-1.908904095422795599e+00 0.000000000000000000e+00
-1.891463358188603117e+00 0.000000000000000000e+00
-1.874022620954410634e+00 0.000000000000000000e+00
-1.856581883720218151e+00 0.000000000000000000e+00
-1.839141146486025669e+00 0.000000000000000000e+00
-1.821700409251833186e+00 0.000000000000000000e+00
-1.804259672017640703e+00 0.000000000000000000e+00
-1.786818934783448221e+00 0.000000000000000000e+00
-1.769378197549255738e+00 0.000000000000000000e+00
-1.751937460315063255e+00 0.000000000000000000e+00
-1.734496723080870773e+00 0.000000000000000000e+00
-1.717055985846678290e+00 0.000000000000000000e+00
-1.699615248612485807e+00 0.000000000000000000e+00
-1.682174511378293325e+00 0.000000000000000000e+00
-1.664733774144100842e+00 0.000000000000000000e+00
-1.647293036909908359e+00 0.000000000000000000e+00
-1.629852299675719429e+00 0.000000000000000000e+00
-1.612411562441526947e+00 0.000000000000000000e+00
-1.594970825207334464e+00 0.000000000000000000e+00
-1.577530087973141981e+00 0.000000000000000000e+00
-1.560089350738949499e+00 0.000000000000000000e+00
-1.542648613504757016e+00 0.000000000000000000e+00
-1.525207876270564533e+00 0.000000000000000000e+00
-1.507767139036372050e+00 0.000000000000000000e+00
-1.490326401802179568e+00 0.000000000000000000e+00
-1.472885664567987085e+00 0.000000000000000000e+00
-1.455444927333794602e+00 0.000000000000000000e+00
-1.438004190099602120e+00 0.000000000000000000e+00
-1.420563452865409637e+00 0.000000000000000000e+00
-1.403122715631217154e+00 0.000000000000000000e+00
-1.385681978397024672e+00 0.000000000000000000e+00
-1.368241241162832189e+00 0.000000000000000000e+00
-1.350800503928639706e+00 0.000000000000000000e+00
-1.333359766694447224e+00 0.000000000000000000e+00
-1.315919029460258294e+00 0.000000000000000000e+00
-1.298478292226065811e+00 0.000000000000000000e+00
-1.281037554991873328e+00 0.000000000000000000e+00
-1.263596817757680846e+00 0.000000000000000000e+00
-1.246156080523488363e+00 0.000000000000000000e+00
-1.228715343289295880e+00 0.000000000000000000e+00
-1.211274606055103398e+00 0.000000000000000000e+00
-1.193833868820910915e+00 0.000000000000000000e+00
-1.176393131586718432e+00 0.000000000000000000e+00
-1.158952394352525950e+00 0.000000000000000000e+00
-1.141511657118333467e+00 0.000000000000000000e+00
-1.124070919884140984e+00 0.000000000000000000e+00
-1.106630182649948502e+00 0.000000000000000000e+00
-1.089189445415756019e+00 0.000000000000000000e+00
-1.071748708181563536e+00 0.000000000000000000e+00
-1.054307970947371054e+00 0.000000000000000000e+00
-1.036867233713178571e+00 0.000000000000000000e+00
-1.019426496478986088e+00 0.000000000000000000e+00
-1.001985759244797158e+00 0.000000000000000000e+00
-9.845450220106046757e-01 0.000000000000000000e+00
-9.671042847764121930e-01 0.000000000000000000e+00
-9.496635475422197104e-01 0.000000000000000000e+00
-9.322228103080272277e-01 0.000000000000000000e+00
-9.147820730738347450e-01 0.000000000000000000e+00
-8.973413358396422623e-01 0.000000000000000000e+00
-8.799005986054497797e-01 0.000000000000000000e+00
-8.624598613712572970e-01 0.000000000000000000e+00
-8.450191241370648143e-01 0.000000000000000000e+00
-8.275783869028723316e-01 0.000000000000000000e+00
-8.101376496686798490e-01 0.000000000000000000e+00
-7.926969124344873663e-01 0.000000000000000000e+00
-7.752561752002948836e-01 0.000000000000000000e+00
-7.578154379661024009e-01 0.000000000000000000e+00
-7.403747007319099183e-01 0.000000000000000000e+00
-7.229339634977174356e-01 0.000000000000000000e+00
-7.054932262635249529e-01 0.000000000000000000e+00
-6.880524890293360230e-01 0.000000000000000000e+00
-6.706117517951435403e-01 0.000000000000000000e+00
-6.531710145609510576e-01 0.000000000000000000e+00
-6.357302773267585749e-01 0.000000000000000000e+00
-6.182895400925660923e-01 0.000000000000000000e+00
-6.008488028583736096e-01 0.000000000000000000e+00
-5.834080656241811269e-01 0.000000000000000000e+00
-5.659673283899886442e-01 0.000000000000000000e+00
-5.485265911557961616e-01 0.000000000000000000e+00
-5.310858539216036789e-01 0.000000000000000000e+00
-5.136451166874111962e-01 0.000000000000000000e+00
-4.962043794532187135e-01 0.000000000000000000e+00
-4.787636422190262309e-01 0.000000000000000000e+00
-4.613229049848337482e-01 0.000000000000000000e+00
-4.438821677506412655e-01 0.000000000000000000e+00
-4.264414305164487828e-01 0.000000000000000000e+00
-4.090006932822563002e-01 0.000000000000000000e+00
-3.915599560480638175e-01 0.000000000000000000e+00
-3.741192188138748875e-01 0.000000000000000000e+00
-3.566784815796824049e-01 0.000000000000000000e+00
-3.392377443454899222e-01 0.000000000000000000e+00
-3.217970071112974395e-01 0.000000000000000000e+00
-3.043562698771049568e-01 0.000000000000000000e+00
-2.869155326429124742e-01 0.000000000000000000e+00
-2.694747954087199915e-01 0.000000000000000000e+00
-2.520340581745275088e-01 0.000000000000000000e+00
-2.345933209403350261e-01 0.000000000000000000e+00
-2.171525837061425435e-01 0.000000000000000000e+00
-1.997118464719500608e-01 0.000000000000000000e+00
-1.822711092377575781e-01 0.000000000000000000e+00
-1.648303720035650954e-01 0.000000000000000000e+00
-1.473896347693726128e-01 0.000000000000000000e+00
-1.299488975351801301e-01 0.000000000000000000e+00
-1.125081603009876474e-01 0.000000000000000000e+00
-9.506742306679516474e-02 0.000000000000000000e+00
-7.762668583260268207e-02 0.000000000000000000e+00
-6.018594859841375211e-02 0.000000000000000000e+00
-4.274521136422126943e-02 0.000000000000000000e+00
-2.530447413002878676e-02 0.000000000000000000e+00
-7.863736895836304086e-03 0.000000000000000000e+00
9.577000338356178588e-03 0.000000000000000000e+00
2.701773757254866126e-02 0.000000000000000000e+00
4.445847480674114394e-02 0.000000000000000000e+00
6.189921204093362661e-02 0.000000000000000000e+00
7.933994927512610928e-02 0.000000000000000000e+00
9.678068650931859196e-02 0.000000000000000000e+00
1.142214237435110746e-01 0.000000000000000000e+00
1.316621609777035573e-01 0.000000000000000000e+00
1.491028982118960400e-01 0.000000000000000000e+00
1.665436354460885227e-01 0.000000000000000000e+00
1.839843726802810053e-01 0.000000000000000000e+00
2.014251099144734880e-01 0.000000000000000000e+00
2.188658471486659707e-01 0.000000000000000000e+00
2.363065843828584534e-01 0.000000000000000000e+00
2.537473216170473833e-01 0.000000000000000000e+00
2.711880588512398660e-01 0.000000000000000000e+00
2.886287960854323487e-01 0.000000000000000000e+00
3.060695333196248313e-01 0.000000000000000000e+00
3.235102705538173140e-01 0.000000000000000000e+00
3.409510077880097967e-01 0.000000000000000000e+00
3.583917450222022794e-01 0.000000000000000000e+00
3.758324822563947620e-01 0.000000000000000000e+00
3.932732194905872447e-01 0.000000000000000000e+00
4.107139567247797274e-01 0.000000000000000000e+00
4.281546939589722101e-01 0.000000000000000000e+00
4.455954311931646927e-01 0.000000000000000000e+00
4.630361684273571754e-01 0.000000000000000000e+00
4.804769056615496581e-01 0.000000000000000000e+00
4.979176428957421408e-01 0.000000000000000000e+00
5.153583801299346234e-01 0.000000000000000000e+00
5.327991173641271061e-01 0.000000000000000000e+00
5.502398545983195888e-01 0.000000000000000000e+00
5.676805918325085187e-01 0.000000000000000000e+00
5.851213290667010014e-01 0.000000000000000000e+00
6.025620663008934841e-01 0.000000000000000000e+00
6.200028035350859668e-01 0.000000000000000000e+00
6.374435407692784494e-01 0.000000000000000000e+00
6.548842780034709321e-01 0.000000000000000000e+00
6.723250152376634148e-01 0.000000000000000000e+00
6.897657524718558975e-01 0.000000000000000000e+00
7.072064897060483801e-01 0.000000000000000000e+00
7.246472269402408628e-01 0.000000000000000000e+00
7.420879641744333455e-01 0.000000000000000000e+00
7.595287014086258282e-01 0.000000000000000000e+00
7.769694386428183108e-01 0.000000000000000000e+00
7.944101758770107935e-01 0.000000000000000000e+00
8.118509131112032762e-01 0.000000000000000000e+00
8.292916503453957588e-01 0.000000000000000000e+00
8.467323875795882415e-01 0.000000000000000000e+00
8.641731248137807242e-01 0.000000000000000000e+00
8.816138620479696542e-01 0.000000000000000000e+00
8.990545992821621368e-01 0.000000000000000000e+00
9.164953365163546195e-01 0.000000000000000000e+00
9.339360737505471022e-01 0.000000000000000000e+00
9.513768109847395849e-01 0.000000000000000000e+00
9.688175482189320675e-01 0.000000000000000000e+00
9.862582854531245502e-01 0.000000000000000000e+00
1.003699022687317033e+00 0.000000000000000000e+00
1.021139759921509516e+00 0.000000000000000000e+00
1.038580497155701998e+00 0.000000000000000000e+00
1.056021234389894481e+00 0.000000000000000000e+00
1.073461971624086964e+00 0.000000000000000000e+00
1.090902708858279446e+00 0.000000000000000000e+00
1.108343446092471929e+00 0.000000000000000000e+00
1.125784183326664412e+00 0.000000000000000000e+00
1.143224920560856894e+00 0.000000000000000000e+00
1.160665657795049377e+00 0.000000000000000000e+00
1.178106395029241860e+00 0.000000000000000000e+00
1.195547132263430790e+00 0.000000000000000000e+00
1.212987869497623272e+00 0.000000000000000000e+00
1.230428606731815755e+00 0.000000000000000000e+00
1.247869343966008238e+00 0.000000000000000000e+00
1.265310081200200720e+00 0.000000000000000000e+00
1.282750818434393203e+00 0.000000000000000000e+00
1.300191555668585686e+00 0.000000000000000000e+00
1.317632292902778168e+00 0.000000000000000000e+00
1.335073030136970651e+00 0.000000000000000000e+00
1.352513767371163134e+00 0.000000000000000000e+00
1.369954504605355616e+00 0.000000000000000000e+00
1.387395241839548099e+00 0.000000000000000000e+00
1.404835979073740582e+00 0.000000000000000000e+00
1.422276716307933064e+00 0.000000000000000000e+00
1.439717453542125547e+00 0.000000000000000000e+00
1.457158190776318030e+00 0.000000000000000000e+00
1.474598928010510512e+00 0.000000000000000000e+00
1.492039665244702995e+00 0.000000000000000000e+00
1.509480402478891925e+00 0.000000000000000000e+00
1.526921139713084408e+00 0.000000000000000000e+00
1.544361876947276890e+00 0.000000000000000000e+00
1.561802614181469373e+00 0.000000000000000000e+00
1.579243351415661856e+00 0.000000000000000000e+00
1.596684088649854338e+00 0.000000000000000000e+00
1.614124825884046821e+00 0.000000000000000000e+00
1.631565563118239304e+00 0.000000000000000000e+00
1.649006300352431786e+00 0.000000000000000000e+00
1.666447037586624269e+00 0.000000000000000000e+00
1.683887774820816752e+00 0.000000000000000000e+00
1.701328512055009234e+00 0.000000000000000000e+00
1.718769249289201717e+00 0.000000000000000000e+00
1.736209986523394200e+00 0.000000000000000000e+00
1.753650723757586682e+00 0.000000000000000000e+00
1.771091460991779165e+00 0.000000000000000000e+00
1.788532198225971648e+00 0.000000000000000000e+00
1.805972935460164130e+00 0.000000000000000000e+00
1.823413672694353060e+00 0.000000000000000000e+00
1.840854409928545543e+00 0.000000000000000000e+00
1.858295147162738026e+00 0.000000000000000000e+00
1.875735884396930508e+00 0.000000000000000000e+00
1.893176621631122991e+00 0.000000000000000000e+00
1.910617358865315474e+00 0.000000000000000000e+00
1.928058096099507956e+00 0.000000000000000000e+00
1.945498833333700439e+00 0.000000000000000000e+00
1.962939570567892922e+00 0.000000000000000000e+00
1.980380307802085404e+00 0.000000000000000000e+00
1.997821045036277887e+00 0.000000000000000000e+00
2.015261782270470370e+00 0.000000000000000000e+00
2.032702519504662853e+00 0.000000000000000000e+00
2.050143256738855335e+00 0.000000000000000000e+00
2.067583993973047818e+00 0.000000000000000000e+00
2.085024731207240301e+00 0.000000000000000000e+00
2.102465468441432783e+00 0.000000000000000000e+00
2.119906205675625266e+00 0.000000000000000000e+00
2.137346942909814196e+00 0.000000000000000000e+00
2.154787680144006679e+00 0.000000000000000000e+00
2.172228417378199161e+00 0.000000000000000000e+00
2.189669154612391644e+00 0.000000000000000000e+00
2.207109891846584127e+00 0.000000000000000000e+00
2.224550629080776609e+00 0.000000000000000000e+00
2.241991366314969092e+00 0.000000000000000000e+00
2.259432103549161575e+00 0.000000000000000000e+00
2.276872840783354057e+00 0.000000000000000000e+00
2.294313578017546540e+00 0.000000000000000000e+00
2.311754315251739023e+00 0.000000000000000000e+00
2.329195052485931505e+00 0.000000000000000000e+00
2.346635789720123988e+00 0.000000000000000000e+00
2.364076526954316471e+00 0.000000000000000000e+00
2.381517264188508953e+00 0.000000000000000000e+00
2.398958001422701436e+00 0.000000000000000000e+00
2.416398738656893919e+00 0.000000000000000000e+00
2.433839475891086401e+00 0.000000000000000000e+00
2.451280213125275331e+00 0.000000000000000000e+00
2.468720950359467814e+00 0.000000000000000000e+00
2.486161687593660297e+00 0.000000000000000000e+00
2.503602424827852779e+00 0.000000000000000000e+00
2.521043162062045262e+00 0.000000000000000000e+00
2.538483899296237745e+00 0.000000000000000000e+00
2.555924636530430227e+00 0.000000000000000000e+00
2.573365373764622710e+00 0.000000000000000000e+00
2.590806110998815193e+00 0.000000000000000000e+00
2.608246848233007675e+00 0.000000000000000000e+00
2.625687585467200158e+00 0.000000000000000000e+00
2.643128322701392641e+00 0.000000000000000000e+00
2.660569059935585123e+00 0.000000000000000000e+00
2.678009797169777606e+00 0.000000000000000000e+00
2.695450534403970089e+00 0.000000000000000000e+00
2.712891271638162571e+00 0.000000000000000000e+00
2.730332008872355054e+00 0.000000000000000000e+00
2.747772746106547537e+00 0.000000000000000000e+00
2.765213483340736467e+00 0.000000000000000000e+00
2.782654220574928949e+00 0.000000000000000000e+00
2.800094957809121432e+00 0.000000000000000000e+00
2.817535695043313915e+00 0.000000000000000000e+00
2.834976432277506397e+00 0.000000000000000000e+00
2.852417169511698880e+00 0.000000000000000000e+00
2.869857906745891363e+00 0.000000000000000000e+00
2.887298643980083845e+00 0.000000000000000000e+00
2.904739381214276328e+00 0.000000000000000000e+00
2.922180118448468811e+00 0.000000000000000000e+00
2.939620855682661293e+00 0.000000000000000000e+00
2.957061592916853776e+00 0.000000000000000000e+00
2.974502330151046259e+00 0.000000000000000000e+00
2.991943067385238741e+00 0.000000000000000000e+00
3.009383804619431224e+00 0.000000000000000000e+00
3.026824541853623707e+00 0.000000000000000000e+00
3.044265279087816189e+00 0.000000000000000000e+00
3.061706016322008672e+00 0.000000000000000000e+00
3.079146753556197602e+00 0.000000000000000000e+00
3.096587490790390085e+00 0.000000000000000000e+00
3.114028228024582567e+00 0.000000000000000000e+00
3.131468965258775050e+00 0.000000000000000000e+00
3.148909702492967533e+00 0.000000000000000000e+00
3.166350439727160015e+00 0.000000000000000000e+00
3.183791176961352498e+00 0.000000000000000000e+00
3.201231914195544981e+00 0.000000000000000000e+00
3.218672651429737464e+00 0.000000000000000000e+00
3.236113388663929946e+00 0.000000000000000000e+00
3.253554125898122429e+00 0.000000000000000000e+00
3.270994863132314912e+00 0.000000000000000000e+00
3.288435600366507394e+00 0.000000000000000000e+00
3.305876337600699877e+00 0.000000000000000000e+00
3.323317074834892360e+00 0.000000000000000000e+00
3.340757812069084842e+00 0.000000000000000000e+00
3.358198549303277325e+00 0.000000000000000000e+00
3.375639286537469808e+00 0.000000000000000000e+00
3.393080023771658738e+00 0.000000000000000000e+00
3.410520761005851220e+00 0.000000000000000000e+00
3.427961498240043703e+00 0.000000000000000000e+00
3.445402235474236186e+00 0.000000000000000000e+00
3.462842972708428668e+00 0.000000000000000000e+00
3.480283709942621151e+00 0.000000000000000000e+00
3.497724447176813634e+00 0.000000000000000000e+00
3.515165184411006116e+00 0.000000000000000000e+00
3.532605921645198599e+00 0.000000000000000000e+00
3.550046658879391082e+00 0.000000000000000000e+00
3.567487396113583564e+00 0.000000000000000000e+00
3.584928133347776047e+00 0.000000000000000000e+00
3.602368870581968530e+00 0.000000000000000000e+00
3.619809607816161012e+00 0.000000000000000000e+00
3.637250345050353495e+00 0.000000000000000000e+00
3.654691082284545978e+00 0.000000000000000000e+00
3.672131819518738460e+00 0.000000000000000000e+00
3.689572556752930943e+00 0.000000000000000000e+00
3.707013293987119873e+00 0.000000000000000000e+00
3.724454031221312356e+00 0.000000000000000000e+00
3.741894768455504838e+00 0.000000000000000000e+00
3.759335505689697321e+00 0.000000000000000000e+00
3.776776242923889804e+00 0.000000000000000000e+00
3.794216980158082286e+00 0.000000000000000000e+00
3.811657717392274769e+00 0.000000000000000000e+00
3.829098454626467252e+00 0.000000000000000000e+00
3.846539191860659734e+00 0.000000000000000000e+00
3.863979929094852217e+00 0.000000000000000000e+00
3.881420666329044700e+00 0.000000000000000000e+00
3.898861403563237182e+00 0.000000000000000000e+00
3.916302140797429665e+00 0.000000000000000000e+00
3.933742878031622148e+00 0.000000000000000000e+00
3.951183615265814630e+00 0.000000000000000000e+00
3.968624352500007113e+00 0.000000000000000000e+00
3.986065089734199596e+00 0.000000000000000000e+00
4.003505826968392078e+00 0.000000000000000000e+00
4.020946564202581008e+00 0.000000000000000000e+00
4.038387301436773491e+00 0.000000000000000000e+00
4.055828038670965974e+00 0.000000000000000000e+00
4.073268775905158456e+00 0.000000000000000000e+00
4.090709513139350939e+00 0.000000000000000000e+00
4.108150250373543422e+00 0.000000000000000000e+00
4.125590987607735904e+00 0.000000000000000000e+00
4.143031724841928387e+00 0.000000000000000000e+00
4.160472462076120870e+00 0.000000000000000000e+00
4.177913199310313352e+00 0.000000000000000000e+00
4.195353936544505835e+00 0.000000000000000000e+00
4.212794673778698318e+00 0.000000000000000000e+00
4.230235411012890800e+00 0.000000000000000000e+00
4.247676148247083283e+00 0.000000000000000000e+00
4.265116885481275766e+00 0.000000000000000000e+00
4.282557622715468248e+00 0.000000000000000000e+00
4.299998359949660731e+00 0.000000000000000000e+00
4.317439097183853214e+00 0.000000000000000000e+00
4.334879834418042144e+00 0.000000000000000000e+00
4.352320571652234626e+00 0.000000000000000000e+00
4.369761308886427109e+00 0.000000000000000000e+00
4.387202046120619592e+00 0.000000000000000000e+00
4.404642783354812074e+00 0.000000000000000000e+00
4.422083520589004557e+00 0.000000000000000000e+00
4.439524257823197040e+00 0.000000000000000000e+00
4.456964995057389523e+00 0.000000000000000000e+00
4.474405732291582005e+00 0.000000000000000000e+00
4.491846469525774488e+00 0.000000000000000000e+00
4.509287206759966971e+00 0.000000000000000000e+00
4.526727943994159453e+00 0.000000000000000000e+00
4.544168681228351936e+00 0.000000000000000000e+00
4.561609418462544419e+00 0.000000000000000000e+00
4.579050155696736901e+00 0.000000000000000000e+00
4.596490892930929384e+00 0.000000000000000000e+00
4.613931630165121867e+00 0.000000000000000000e+00
4.631372367399314349e+00 0.000000000000000000e+00
4.648813104633503279e+00 0.000000000000000000e+00
4.666253841867695762e+00 0.000000000000000000e+00
4.683694579101888245e+00 0.000000000000000000e+00
4.701135316336080727e+00 0.000000000000000000e+00
4.718576053570273210e+00 0.000000000000000000e+00
4.736016790804465693e+00 0.000000000000000000e+00
4.753457528038658175e+00 0.000000000000000000e+00
4.770898265272850658e+00 0.000000000000000000e+00
4.788339002507043141e+00 0.000000000000000000e+00
4.805779739741235623e+00 0.000000000000000000e+00
4.823220476975428106e+00 0.000000000000000000e+00
4.840661214209620589e+00 0.000000000000000000e+00
4.858101951443813071e+00 0.000000000000000000e+00
4.875542688678005554e+00 0.000000000000000000e+00
4.892983425912198037e+00 0.000000000000000000e+00
4.910424163146390519e+00 0.000000000000000000e+00
4.927864900380583002e+00 0.000000000000000000e+00
4.945305637614775485e+00 0.000000000000000000e+00
4.962746374848964415e+00 0.000000000000000000e+00
4.980187112083156897e+00 0.000000000000000000e+00
4.997627849317349380e+00 0.000000000000000000e+00
5.015068586551541863e+00 0.000000000000000000e+00
5.032509323785734345e+00 0.000000000000000000e+00
5.049950061019926828e+00 0.000000000000000000e+00
5.067390798254119311e+00 0.000000000000000000e+00
5.084831535488311793e+00 0.000000000000000000e+00
5.102272272722504276e+00 0.000000000000000000e+00
5.119713009956696759e+00 0.000000000000000000e+00
5.137153747190889241e+00 0.000000000000000000e+00
5.154594484425081724e+00 0.000000000000000000e+00
5.172035221659274207e+00 0.000000000000000000e+00
5.189475958893466689e+00 0.000000000000000000e+00
5.206916696127659172e+00 0.000000000000000000e+00
5.224357433361851655e+00 0.000000000000000000e+00
5.241798170596044137e+00 0.000000000000000000e+00
5.259238907830236620e+00 0.000000000000000000e+00
5.276679645064425550e+00 0.000000000000000000e+00
5.294120382298618033e+00 0.000000000000000000e+00
5.311561119532810515e+00 0.000000000000000000e+00
5.329001856767002998e+00 0.000000000000000000e+00
5.346442594001195481e+00 0.000000000000000000e+00
5.363883331235387963e+00 0.000000000000000000e+00
5.381324068469580446e+00 0.000000000000000000e+00
5.398764805703772929e+00 0.000000000000000000e+00
5.416205542937965411e+00 0.000000000000000000e+00
5.433646280172157894e+00 0.000000000000000000e+00
5.451087017406350377e+00 0.000000000000000000e+00
5.468527754640542859e+00 0.000000000000000000e+00
5.485968491874735342e+00 0.000000000000000000e+00
5.503409229108927825e+00 0.000000000000000000e+00
5.520849966343120307e+00 0.000000000000000000e+00
5.538290703577312790e+00 0.000000000000000000e+00
5.555731440811505273e+00 0.000000000000000000e+00
5.573172178045697756e+00 0.000000000000000000e+00
5.590612915279886685e+00 0.000000000000000000e+00
5.608053652514079168e+00 0.000000000000000000e+00
5.625494389748271651e+00 0.000000000000000000e+00
5.642935126982464134e+00 0.000000000000000000e+00
5.660375864216656616e+00 0.000000000000000000e+00
5.677816601450849099e+00 0.000000000000000000e+00
5.695257338685041582e+00 0.000000000000000000e+00
5.712698075919234064e+00 0.000000000000000000e+00
5.730138813153426547e+00 0.000000000000000000e+00
5.747579550387619030e+00 0.000000000000000000e+00
5.765020287621811512e+00 0.000000000000000000e+00
5.782461024856003995e+00 0.000000000000000000e+00
5.799901762090196478e+00 0.000000000000000000e+00
5.817342499324388960e+00 0.000000000000000000e+00
5.834783236558581443e+00 0.000000000000000000e+00
5.852223973792773926e+00 0.000000000000000000e+00
5.869664711026966408e+00 0.000000000000000000e+00
5.887105448261158891e+00 0.000000000000000000e+00
5.904546185495347821e+00 0.000000000000000000e+00
5.921986922729540304e+00 0.000000000000000000e+00
5.939427659963732786e+00 0.000000000000000000e+00
5.956868397197925269e+00 0.000000000000000000e+00
5.974309134432117752e+00 0.000000000000000000e+00
5.991749871666310234e+00 0.000000000000000000e+00
6.009190608900502717e+00 0.000000000000000000e+00
6.026631346134695200e+00 0.000000000000000000e+00
6.044072083368887682e+00 0.000000000000000000e+00
6.061512820603080165e+00 0.000000000000000000e+00
6.078953557837272648e+00 0.000000000000000000e+00
6.096394295071465130e+00 0.000000000000000000e+00
6.113835032305657613e+00 0.000000000000000000e+00
6.131275769539850096e+00 0.000000000000000000e+00
6.148716506774042578e+00 0.000000000000000000e+00
6.166157244008235061e+00 0.000000000000000000e+00
6.183597981242427544e+00 0.000000000000000000e+00
6.201038718476620026e+00 0.000000000000000000e+00
6.218479455710808956e+00 0.000000000000000000e+00
6.235920192945001439e+00 0.000000000000000000e+00
6.253360930179193922e+00 0.000000000000000000e+00
6.270801667413386404e+00 0.000000000000000000e+00
6.288242404647578887e+00 0.000000000000000000e+00
6.305683141881771370e+00 0.000000000000000000e+00
6.323123879115963852e+00 0.000000000000000000e+00
6.340564616350156335e+00 0.000000000000000000e+00
6.358005353584348818e+00 0.000000000000000000e+00
6.375446090818541300e+00 0.000000000000000000e+00
6.392886828052733783e+00 0.000000000000000000e+00
6.410327565286926266e+00 0.000000000000000000e+00
6.427768302521118748e+00 0.000000000000000000e+00
6.445209039755311231e+00 0.000000000000000000e+00
6.462649776989503714e+00 0.000000000000000000e+00
6.480090514223696196e+00 0.000000000000000000e+00
6.497531251457888679e+00 0.000000000000000000e+00
6.514971988692077609e+00 0.000000000000000000e+00
6.532412725926270092e+00 0.000000000000000000e+00
6.549853463160462574e+00 0.000000000000000000e+00
6.567294200394655057e+00 0.000000000000000000e+00
6.584734937628847540e+00 0.000000000000000000e+00
6.602175674863040022e+00 0.000000000000000000e+00
6.619616412097232505e+00 0.000000000000000000e+00
6.637057149331424988e+00 0.000000000000000000e+00
6.654497886565617470e+00 0.000000000000000000e+00
6.671938623799809953e+00 0.000000000000000000e+00
6.689379361034002436e+00 0.000000000000000000e+00
6.706820098268194918e+00 0.000000000000000000e+00
6.724260835502387401e+00 0.000000000000000000e+00
6.741701572736579884e+00 0.000000000000000000e+00
6.759142309970772367e+00 0.000000000000000000e+00
6.776583047204964849e+00 0.000000000000000000e+00
6.794023784439157332e+00 0.000000000000000000e+00
6.811464521673349815e+00 0.000000000000000000e+00
6.828905258907538744e+00 0.000000000000000000e+00
6.846345996141731227e+00 0.000000000000000000e+00
6.863786733375923710e+00 0.000000000000000000e+00
6.881227470610116193e+00 0.000000000000000000e+00
6.898668207844308675e+00 0.000000000000000000e+00
6.916108945078501158e+00 0.000000000000000000e+00
6.933549682312693641e+00 0.000000000000000000e+00
6.950990419546886123e+00 0.000000000000000000e+00
6.968431156781078606e+00 0.000000000000000000e+00
6.985871894015271089e+00 0.000000000000000000e+00
7.003312631249463571e+00 0.000000000000000000e+00
7.020753368483656054e+00 0.000000000000000000e+00
7.038194105717848537e+00 0.000000000000000000e+00
7.055634842952041019e+00 0.000000000000000000e+00
7.073075580186233502e+00 0.000000000000000000e+00
7.090516317420425985e+00 0.000000000000000000e+00
7.107957054654618467e+00 0.000000000000000000e+00
7.125397791888810950e+00 0.000000000000000000e+00
7.142838529122999880e+00 0.000000000000000000e+00
7.160279266357192363e+00 0.000000000000000000e+00
7.177720003591384845e+00 0.000000000000000000e+00
7.195160740825577328e+00 0.000000000000000000e+00
7.212601478059769811e+00 0.000000000000000000e+00
7.230042215293962293e+00 0.000000000000000000e+00
7.247482952528154776e+00 0.000000000000000000e+00
7.264923689762347259e+00 0.000000000000000000e+00
7.282364426996539741e+00 0.000000000000000000e+00
7.299805164230732224e+00 0.000000000000000000e+00
7.317245901464924707e+00 0.000000000000000000e+00
7.334686638699117189e+00 0.000000000000000000e+00
7.352127375933309672e+00 0.000000000000000000e+00
7.369568113167502155e+00 0.000000000000000000e+00
7.387008850401694637e+00 0.000000000000000000e+00
7.404449587635887120e+00 0.000000000000000000e+00
7.421890324870079603e+00 0.000000000000000000e+00
7.439331062104272085e+00 0.000000000000000000e+00
7.456771799338461015e+00 0.000000000000000000e+00
7.474212536572653498e+00 0.000000000000000000e+00
7.491653273806845981e+00 0.000000000000000000e+00
7.509094011041038463e+00 0.000000000000000000e+00
7.526534748275230946e+00 0.000000000000000000e+00
7.543975485509423429e+00 0.000000000000000000e+00
7.561416222743615911e+00 0.000000000000000000e+00
7.578856959977808394e+00 0.000000000000000000e+00
7.596297697212000877e+00 0.000000000000000000e+00
7.613738434446193359e+00 0.000000000000000000e+00
7.631179171680385842e+00 0.000000000000000000e+00
7.648619908914578325e+00 0.000000000000000000e+00
7.666060646148770807e+00 0.000000000000000000e+00
7.683501383382963290e+00 0.000000000000000000e+00
7.700942120617155773e+00 0.000000000000000000e+00
7.718382857851348255e+00 0.000000000000000000e+00
7.735823595085540738e+00 0.000000000000000000e+00
7.753264332319733221e+00 0.000000000000000000e+00
7.770705069553922151e+00 0.000000000000000000e+00
7.788145806788114633e+00 0.000000000000000000e+00
7.805586544022307116e+00 0.000000000000000000e+00
7.823027281256499599e+00 0.000000000000000000e+00
7.840468018490692081e+00 0.000000000000000000e+00
7.857908755724884564e+00 0.000000000000000000e+00
7.875349492959077047e+00 0.000000000000000000e+00
7.892790230193269529e+00 0.000000000000000000e+00
7.910230967427462012e+00 0.000000000000000000e+00
7.927671704661654495e+00 0.000000000000000000e+00
7.945112441895846978e+00 0.000000000000000000e+00
7.962553179130039460e+00 0.000000000000000000e+00
7.979993916364231943e+00 0.000000000000000000e+00
7.997434653598424426e+00 0.000000000000000000e+00
8.014875390832617796e+00 0.000000000000000000e+00
8.032316128066810279e+00 0.000000000000000000e+00
8.049756865301002762e+00 0.000000000000000000e+00
8.067197602535195244e+00 0.000000000000000000e+00
8.084638339769384174e+00 0.000000000000000000e+00
8.102079077003576657e+00 0.000000000000000000e+00
8.119519814237769140e+00 0.000000000000000000e+00
8.136960551471961622e+00 0.000000000000000000e+00
8.154401288706154105e+00 0.000000000000000000e+00
8.171842025940346588e+00 0.000000000000000000e+00
8.189282763174539070e+00 0.000000000000000000e+00
8.206723500408731553e+00 0.000000000000000000e+00
8.224164237642924036e+00 0.000000000000000000e+00
8.241604974877116518e+00 0.000000000000000000e+00
8.259045712111309001e+00 0.000000000000000000e+00
8.276486449345501484e+00 0.000000000000000000e+00
8.293927186579693966e+00 0.000000000000000000e+00
8.311367923813886449e+00 0.000000000000000000e+00
8.328808661048078932e+00 0.000000000000000000e+00
8.346249398282271414e+00 0.000000000000000000e+00
8.363690135516463897e+00 0.000000000000000000e+00
8.381130872750656380e+00 0.000000000000000000e+00
8.398571609984845310e+00 0.000000000000000000e+00
8.416012347219037792e+00 0.000000000000000000e+00
8.433453084453230275e+00 0.000000000000000000e+00
8.450893821687422758e+00 0.000000000000000000e+00
8.468334558921615240e+00 0.000000000000000000e+00
8.485775296155807723e+00 0.000000000000000000e+00
8.503216033390000206e+00 0.000000000000000000e+00
8.520656770624192689e+00 0.000000000000000000e+00
8.538097507858385171e+00 0.000000000000000000e+00
8.555538245092577654e+00 0.000000000000000000e+00
8.572978982326770137e+00 0.000000000000000000e+00
8.590419719560962619e+00 0.000000000000000000e+00
8.607860456795155102e+00 0.000000000000000000e+00
8.625301194029347585e+00 0.000000000000000000e+00
8.642741931263540067e+00 0.000000000000000000e+00
8.660182668497732550e+00 0.000000000000000000e+00
8.677623405731925033e+00 0.000000000000000000e+00
8.695064142966117515e+00 0.000000000000000000e+00
8.712504880200306445e+00 0.000000000000000000e+00
8.729945617434498928e+00 0.000000000000000000e+00
8.747386354668691411e+00 0.000000000000000000e+00
8.764827091902883893e+00 0.000000000000000000e+00
8.782267829137076376e+00 0.000000000000000000e+00
8.799708566371268859e+00 0.000000000000000000e+00
8.817149303605461341e+00 0.000000000000000000e+00
8.834590040839653824e+00 0.000000000000000000e+00
8.852030778073846307e+00 0.000000000000000000e+00
8.869471515308038789e+00 0.000000000000000000e+00
8.886912252542231272e+00 0.000000000000000000e+00
8.904352989776423755e+00 0.000000000000000000e+00
8.921793727010616237e+00 0.000000000000000000e+00
8.939234464244808720e+00 0.000000000000000000e+00
8.956675201479001203e+00 0.000000000000000000e+00
8.974115938713193685e+00 0.000000000000000000e+00
8.991556675947386168e+00 0.000000000000000000e+00
9.008997413181578651e+00 0.000000000000000000e+00
9.026438150415767581e+00 0.000000000000000000e+00
9.043878887649960063e+00 0.000000000000000000e+00
9.061319624884152546e+00 0.000000000000000000e+00
9.078760362118345029e+00 0.000000000000000000e+00
9.096201099352537511e+00 0.000000000000000000e+00
9.113641836586729994e+00 0.000000000000000000e+00
9.131082573820922477e+00 0.000000000000000000e+00
9.148523311055114959e+00 0.000000000000000000e+00
9.165964048289307442e+00 0.000000000000000000e+00
9.183404785523499925e+00 0.000000000000000000e+00
9.200845522757692407e+00 0.000000000000000000e+00
9.218286259991884890e+00 0.000000000000000000e+00
9.235726997226077373e+00 0.000000000000000000e+00
9.253167734460269855e+00 0.000000000000000000e+00
9.270608471694462338e+00 0.000000000000000000e+00
9.288049208928654821e+00 0.000000000000000000e+00
9.305489946162847303e+00 0.000000000000000000e+00
9.322930683397039786e+00 0.000000000000000000e+00
9.340371420631228716e+00 0.000000000000000000e+00
9.357812157865421199e+00 0.000000000000000000e+00
9.375252895099613681e+00 0.000000000000000000e+00
9.392693632333806164e+00 0.000000000000000000e+00
9.410134369567998647e+00 0.000000000000000000e+00
9.427575106802191129e+00 0.000000000000000000e+00
9.445015844036383612e+00 0.000000000000000000e+00
9.462456581270576095e+00 0.000000000000000000e+00
9.479897318504768577e+00 0.000000000000000000e+00
9.497338055738961060e+00 0.000000000000000000e+00
9.514778792973153543e+00 0.000000000000000000e+00
9.532219530207346025e+00 0.000000000000000000e+00
9.549660267441538508e+00 0.000000000000000000e+00
9.567101004675730991e+00 0.000000000000000000e+00
9.584541741909923473e+00 0.000000000000000000e+00
9.601982479144115956e+00 0.000000000000000000e+00
9.619423216378308439e+00 0.000000000000000000e+00
9.636863953612500922e+00 0.000000000000000000e+00
9.654304690846689851e+00 0.000000000000000000e+00
9.671745428080882334e+00 0.000000000000000000e+00
9.689186165315074817e+00 0.000000000000000000e+00
9.706626902549267299e+00 0.000000000000000000e+00
9.724067639783459782e+00 0.000000000000000000e+00
9.741508377017652265e+00 0.000000000000000000e+00
9.758949114251844748e+00 0.000000000000000000e+00
9.776389851486037230e+00 0.000000000000000000e+00
9.793830588720229713e+00 0.000000000000000000e+00
9.811271325954422196e+00 0.000000000000000000e+00
9.828712063188614678e+00 0.000000000000000000e+00
9.846152800422807161e+00 0.000000000000000000e+00
9.863593537656999644e+00 0.000000000000000000e+00
9.881034274891192126e+00 0.000000000000000000e+00
9.898475012125384609e+00 0.000000000000000000e+00
9.915915749359577092e+00 0.000000000000000000e+00
9.933356486593769574e+00 0.000000000000000000e+00
9.950797223827962057e+00 0.000000000000000000e+00
9.968237961062150987e+00 0.000000000000000000e+00
9.985678698296343470e+00 0.000000000000000000e+00
1.000311943553053595e+01 0.000000000000000000e+00
1.002056017276472843e+01 0.000000000000000000e+00
1.003800090999892092e+01 0.000000000000000000e+00
1.005544164723311340e+01 0.000000000000000000e+00
1.007288238446730588e+01 0.000000000000000000e+00
1.009032312170149837e+01 0.000000000000000000e+00
1.010776385893569085e+01 0.000000000000000000e+00
1.012520459616988333e+01 0.000000000000000000e+00
1.014264533340407581e+01 0.000000000000000000e+00
1.016008607063826830e+01 0.000000000000000000e+00
1.017752680787246078e+01 0.000000000000000000e+00
1.019496754510665326e+01 0.000000000000000000e+00
1.021240828234084574e+01 0.000000000000000000e+00
1.022984901957503823e+01 0.000000000000000000e+00
1.024728975680923071e+01 0.000000000000000000e+00
1.026473049404342319e+01 0.000000000000000000e+00
1.028217123127761212e+01 0.000000000000000000e+00
1.029961196851180460e+01 0.000000000000000000e+00
1.031705270574599709e+01 0.000000000000000000e+00
1.033449344298018957e+01 0.000000000000000000e+00
1.035193418021438205e+01 0.000000000000000000e+00
1.036937491744857454e+01 0.000000000000000000e+00
1.038681565468276702e+01 0.000000000000000000e+00
1.040425639191695950e+01 0.000000000000000000e+00
1.042169712915115198e+01 0.000000000000000000e+00
1.043913786638534447e+01 0.000000000000000000e+00
1.045657860361953695e+01 0.000000000000000000e+00
1.047401934085372943e+01 0.000000000000000000e+00
1.049146007808792191e+01 0.000000000000000000e+00
1.050890081532211440e+01 0.000000000000000000e+00
1.052634155255630688e+01 0.000000000000000000e+00
1.054378228979049936e+01 0.000000000000000000e+00
1.056122302702469185e+01 0.000000000000000000e+00
1.057866376425888433e+01 0.000000000000000000e+00
1.059610450149307326e+01 0.000000000000000000e+00
1.061354523872726574e+01 0.000000000000000000e+00
1.063098597596145822e+01 0.000000000000000000e+00
1.064842671319565071e+01 0.000000000000000000e+00
1.066586745042984319e+01 0.000000000000000000e+00
1.068330818766403567e+01 0.000000000000000000e+00
1.070074892489822815e+01 0.000000000000000000e+00
1.071818966213242064e+01 0.000000000000000000e+00
1.073563039936661312e+01 0.000000000000000000e+00
1.075307113660080560e+01 0.000000000000000000e+00
1.077051187383499808e+01 0.000000000000000000e+00
1.078795261106919057e+01 0.000000000000000000e+00
1.080539334830338305e+01 0.000000000000000000e+00
1.082283408553757553e+01 0.000000000000000000e+00
1.084027482277176802e+01 0.000000000000000000e+00
1.085771556000596050e+01 0.000000000000000000e+00
1.087515629724015298e+01 0.000000000000000000e+00
1.089259703447434546e+01 0.000000000000000000e+00
1.091003777170853439e+01 0.000000000000000000e+00
1.092747850894272688e+01 0.000000000000000000e+00
1.094491924617691936e+01 0.000000000000000000e+00
1.096235998341111184e+01 0.000000000000000000e+00
1.097980072064530432e+01 0.000000000000000000e+00
1.099724145787949681e+01 0.000000000000000000e+00
1.101468219511368929e+01 0.000000000000000000e+00
1.103212293234788177e+01 0.000000000000000000e+00
1.104956366958207425e+01 0.000000000000000000e+00
1.106700440681626674e+01 0.000000000000000000e+00
1.108444514405045922e+01 0.000000000000000000e+00
1.110188588128465170e+01 0.000000000000000000e+00
1.111932661851884419e+01 0.000000000000000000e+00
1.113676735575303667e+01 0.000000000000000000e+00
1.115420809298722915e+01 0.000000000000000000e+00
1.117164883022142163e+01 0.000000000000000000e+00
1.118908956745561412e+01 0.000000000000000000e+00
1.120653030468980660e+01 0.000000000000000000e+00
1.122397104192399553e+01 0.000000000000000000e+00
1.124141177915818801e+01 0.000000000000000000e+00
1.125885251639238049e+01 0.000000000000000000e+00
1.127629325362657298e+01 0.000000000000000000e+00
1.129373399086076546e+01 0.000000000000000000e+00
1.131117472809495794e+01 0.000000000000000000e+00
1.132861546532915042e+01 0.000000000000000000e+00
1.134605620256334291e+01 0.000000000000000000e+00
1.136349693979753539e+01 0.000000000000000000e+00
1.138093767703172787e+01 0.000000000000000000e+00
1.139837841426592036e+01 0.000000000000000000e+00
1.141581915150011284e+01 0.000000000000000000e+00
1.143325988873430532e+01 0.000000000000000000e+00
1.145070062596849780e+01 0.000000000000000000e+00
1.146814136320269029e+01 0.000000000000000000e+00
1.148558210043688277e+01 0.000000000000000000e+00
1.150302283767107525e+01 0.000000000000000000e+00
1.152046357490526773e+01 0.000000000000000000e+00
1.153790431213945666e+01 0.000000000000000000e+00
1.155534504937364915e+01 0.000000000000000000e+00
1.157278578660784163e+01 0.000000000000000000e+00
1.159022652384203411e+01 0.000000000000000000e+00
1.160766726107622659e+01 0.000000000000000000e+00
1.162510799831041908e+01 0.000000000000000000e+00
1.164254873554461156e+01 0.000000000000000000e+00
1.165998947277880404e+01 0.000000000000000000e+00
1.167743021001299653e+01 0.000000000000000000e+00
1.169487094724718901e+01 0.000000000000000000e+00
1.171231168448138149e+01 0.000000000000000000e+00
1.172975242171557042e+01 0.000000000000000000e+00
1.174719315894976646e+01 0.000000000000000000e+00
1.176463389618395539e+01 0.000000000000000000e+00
1.178207463341815142e+01 0.000000000000000000e+00
1.179951537065234035e+01 0.000000000000000000e+00
1.181695610788653639e+01 0.000000000000000000e+00
1.183439684512072532e+01 0.000000000000000000e+00
1.185183758235492135e+01 0.000000000000000000e+00
1.186927831958911028e+01 0.000000000000000000e+00
1.188671905682330632e+01 0.000000000000000000e+00
1.190415979405749525e+01 0.000000000000000000e+00
1.192160053129169128e+01 0.000000000000000000e+00
1.193904126852588021e+01 0.000000000000000000e+00
1.195648200576007625e+01 0.000000000000000000e+00
1.197392274299426518e+01 0.000000000000000000e+00
1.199136348022846121e+01 0.000000000000000000e+00
1.200880421746265014e+01 0.000000000000000000e+00
1.202624495469683907e+01 0.000000000000000000e+00
1.204368569193103511e+01 0.000000000000000000e+00
1.206112642916522404e+01 0.000000000000000000e+00
1.207856716639942007e+01 0.000000000000000000e+00
1.209600790363360900e+01 0.000000000000000000e+00
1.211344864086780504e+01 0.000000000000000000e+00
1.213088937810199397e+01 0.000000000000000000e+00
1.214833011533619000e+01 0.000000000000000000e+00
1.216577085257037893e+01 0.000000000000000000e+00
1.218321158980457497e+01 0.000000000000000000e+00
1.220065232703876390e+01 0.000000000000000000e+00
1.221809306427295994e+01 0.000000000000000000e+00
1.223553380150714887e+01 0.000000000000000000e+00
1.225297453874134490e+01 0.000000000000000000e+00
1.227041527597553383e+01 0.000000000000000000e+00
1.228785601320972987e+01 0.000000000000000000e+00
1.230529675044391880e+01 0.000000000000000000e+00
1.232273748767810773e+01 0.000000000000000000e+00
1.234017822491230376e+01 0.000000000000000000e+00
1.235761896214649269e+01 0.000000000000000000e+00
1.237505969938068873e+01 0.000000000000000000e+00
1.239250043661487766e+01 0.000000000000000000e+00
1.240994117384907369e+01 0.000000000000000000e+00
1.242738191108326262e+01 0.000000000000000000e+00
1.244482264831745866e+01 0.000000000000000000e+00
1.246226338555164759e+01 0.000000000000000000e+00
1.247970412278584362e+01 0.000000000000000000e+00
1.249714486002003255e+01 0.000000000000000000e+00
1.251458559725422859e+01 0.000000000000000000e+00
1.253202633448841752e+01 0.000000000000000000e+00
1.254946707172261355e+01 0.000000000000000000e+00
1.256690780895680248e+01 0.000000000000000000e+00
1.258434854619099852e+01 0.000000000000000000e+00
1.260178928342518745e+01 0.000000000000000000e+00
1.261923002065938348e+01 0.000000000000000000e+00
1.263667075789357241e+01 0.000000000000000000e+00
1.265411149512776134e+01 0.000000000000000000e+00
1.267155223236195738e+01 0.000000000000000000e+00
1.268899296959614631e+01 0.000000000000000000e+00
1.270643370683034235e+01 0.000000000000000000e+00
1.272387444406453127e+01 0.000000000000000000e+00
1.274131518129872731e+01 0.000000000000000000e+00
1.275875591853291624e+01 0.000000000000000000e+00
1.277619665576711228e+01 0.000000000000000000e+00
1.279363739300130121e+01 0.000000000000000000e+00
1.281107813023549724e+01 0.000000000000000000e+00
1.282851886746968617e+01 0.000000000000000000e+00
1.284595960470388221e+01 0.000000000000000000e+00
1.286340034193807114e+01 0.000000000000000000e+00
1.288084107917226717e+01 0.000000000000000000e+00
1.289828181640645610e+01 0.000000000000000000e+00
1.291572255364065214e+01 0.000000000000000000e+00
1.293316329087484107e+01 0.000000000000000000e+00
1.295060402810903000e+01 0.000000000000000000e+00
1.296804476534322603e+01 0.000000000000000000e+00
1.298548550257741496e+01 0.000000000000000000e+00
1.300292623981161100e+01 0.000000000000000000e+00
1.302036697704579993e+01 0.000000000000000000e+00
1.303780771427999596e+01 0.000000000000000000e+00
1.305524845151418489e+01 0.000000000000000000e+00
1.307268918874838093e+01 0.000000000000000000e+00
1.309012992598256986e+01 0.000000000000000000e+00
1.310757066321676589e+01 0.000000000000000000e+00
1.312501140045095482e+01 0.000000000000000000e+00
1.314245213768515086e+01 0.000000000000000000e+00
1.315989287491933979e+01 0.000000000000000000e+00
1.317733361215353582e+01 0.000000000000000000e+00
1.319477434938772475e+01 0.000000000000000000e+00
1.321221508662192079e+01 0.000000000000000000e+00
1.322965582385610972e+01 0.000000000000000000e+00
1.324709656109030576e+01 0.000000000000000000e+00
1.326453729832449469e+01 0.000000000000000000e+00
1.328197803555868362e+01 0.000000000000000000e+00
1.329941877279287965e+01 0.000000000000000000e+00
1.331685951002706858e+01 0.000000000000000000e+00
1.333430024726126462e+01 0.000000000000000000e+00
1.335174098449545355e+01 0.000000000000000000e+00
1.336918172172964958e+01 0.000000000000000000e+00
1.338662245896383851e+01 0.000000000000000000e+00
1.340406319619803455e+01 0.000000000000000000e+00
1.342150393343222348e+01 0.000000000000000000e+00
1.343894467066641951e+01 0.000000000000000000e+00
1.345638540790060844e+01 0.000000000000000000e+00
1.347382614513480448e+01 0.000000000000000000e+00
1.349126688236899341e+01 0.000000000000000000e+00
1.350870761960318944e+01 0.000000000000000000e+00
1.352614835683737837e+01 0.000000000000000000e+00
1.354358909407157441e+01 0.000000000000000000e+00
1.356102983130576334e+01 0.000000000000000000e+00
1.357847056853995227e+01 0.000000000000000000e+00
1.359591130577414830e+01 0.000000000000000000e+00
1.361335204300833723e+01 0.000000000000000000e+00
1.363079278024253327e+01 0.000000000000000000e+00
1.364823351747672220e+01 0.000000000000000000e+00
1.366567425471091823e+01 0.000000000000000000e+00
1.368311499194510716e+01 0.000000000000000000e+00
1.370055572917930320e+01 0.000000000000000000e+00
1.371799646641349213e+01 0.000000000000000000e+00
1.373543720364768816e+01 0.000000000000000000e+00
1.375287794088187709e+01 0.000000000000000000e+00
1.377031867811607313e+01 0.000000000000000000e+00
1.378775941535026206e+01 0.000000000000000000e+00
1.380520015258445810e+01 0.000000000000000000e+00
1.382264088981864703e+01 0.000000000000000000e+00
1.384008162705284306e+01 0.000000000000000000e+00
1.385752236428703199e+01 0.000000000000000000e+00
1.387496310152122803e+01 0.000000000000000000e+00
1.389240383875541696e+01 0.000000000000000000e+00
1.390984457598960589e+01 0.000000000000000000e+00
1.392728531322380192e+01 0.000000000000000000e+00
1.394472605045799085e+01 0.000000000000000000e+00
1.396216678769218689e+01 0.000000000000000000e+00
1.397960752492637582e+01 0.000000000000000000e+00
1.399704826216057185e+01 0.000000000000000000e+00
1.401448899939476078e+01 0.000000000000000000e+00
1.403192973662895682e+01 0.000000000000000000e+00
1.404937047386314575e+01 0.000000000000000000e+00
1.406681121109734178e+01 0.000000000000000000e+00
1.408425194833153071e+01 0.000000000000000000e+00
1.410169268556572675e+01 0.000000000000000000e+00
1.411913342279991568e+01 0.000000000000000000e+00
1.413657416003411171e+01 0.000000000000000000e+00
1.415401489726830064e+01 0.000000000000000000e+00
1.417145563450249668e+01 0.000000000000000000e+00
1.418889637173668561e+01 0.000000000000000000e+00
1.420633710897087454e+01 0.000000000000000000e+00
1.422377784620507057e+01 0.000000000000000000e+00
1.424121858343925950e+01 0.000000000000000000e+00
1.425865932067345554e+01 0.000000000000000000e+00
1.427610005790764447e+01 0.000000000000000000e+00
1.429354079514184050e+01 0.000000000000000000e+00
1.431098153237602943e+01 0.000000000000000000e+00
1.432842226961022547e+01 0.000000000000000000e+00
1.434586300684441440e+01 0.000000000000000000e+00
1.436330374407861044e+01 0.000000000000000000e+00
1.438074448131279937e+01 0.000000000000000000e+00
1.439818521854699540e+01 0.000000000000000000e+00
1.441562595578118433e+01 0.000000000000000000e+00
1.443306669301538037e+01 0.000000000000000000e+00
1.445050743024956930e+01 0.000000000000000000e+00
1.446794816748376533e+01 0.000000000000000000e+00
1.448538890471795426e+01 0.000000000000000000e+00
1.450282964195215030e+01 0.000000000000000000e+00
1.452027037918633923e+01 0.000000000000000000e+00
1.453771111642052816e+01 0.000000000000000000e+00
1.455515185365472419e+01 0.000000000000000000e+00
1.457259259088891312e+01 0.000000000000000000e+00
1.459003332812310916e+01 0.000000000000000000e+00
1.460747406535730164e+01 0.000000000000000000e+00
