# Energy-EF (eV)   pdos_atom1_s.dat
-2.027400040302726936e+01 1.348515700404102099e-13
-2.025655966579307687e+01 3.216706844488147856e-13
-2.023911892855888439e+01 7.558536397697627344e-13
-2.022167819132469191e+01 1.749597394461145557e-12
-2.020423745409049943e+01 3.989480882836422943e-12
-2.018679671685630694e+01 8.961411205976896274e-12
-2.016935597962211446e+01 1.982998284450595595e-11
-2.015191524238792198e+01 4.322735175348394921e-11
-2.013447450515372950e+01 9.283035899961737535e-11
-2.011703376791954057e+01 1.963910164859670830e-10
-2.009959303068534808e+01 4.093161039613675261e-10
-2.008215229345115560e+01 8.404415139494334440e-10
-2.006471155621696312e+01 1.700097611887087720e-09
-2.004727081898277063e+01 3.388165486013685794e-09
-2.002983008174857815e+01 6.652531795864803077e-09
-2.001238934451438567e+01 1.286911306711546844e-08
-1.999494860728019319e+01 2.452776002728939574e-08
-1.997750787004600070e+01 4.605997522022759896e-08
-1.996006713281180822e+01 8.522277090898215207e-08
-1.994262639557761574e+01 1.553688921190997924e-07
-1.992518565834342326e+01 2.791001505306606549e-07
-1.990774492110923077e+01 4.940326154262222083e-07
-1.989030418387503829e+01 8.617149015469602980e-07
-1.987286344664084581e+01 1.481146054047678298e-06
-1.985542270940665333e+01 2.508842528994479489e-06
-1.983798197217246084e+01 4.187995753799513254e-06
-1.982054123493826836e+01 6.889912118592878176e-06
-1.980310049770407588e+01 1.117157435851604323e-05
-1.978565976046988695e+01 1.785370566533035848e-05
-1.976821902323569446e+01 2.812400803709617618e-05
-1.975077828600150198e+01 4.367009038942756474e-05
-1.973333754876730950e+01 6.684576820949326601e-05
-1.971589681153311702e+01 1.008726573301969799e-04
-1.969845607429892453e+01 1.500760725842746818e-04
-1.968101533706473205e+01 2.201500228945429895e-04
-1.966357459983053957e+01 3.184405489329612815e-04
-1.964613386259634709e+01 4.542299623487996659e-04
-1.962869312536215460e+01 6.389971633788309527e-04
-1.961125238812796212e+01 8.866218793196384588e-04
-1.959381165089376964e+01 1.213494411130693800e-03
-1.957637091365957716e+01 1.638488554128601738e-03
-1.955893017642538467e+01 2.182755119766419203e-03
-1.954148943919119219e+01 2.869298179232990156e-03
-1.952404870195699971e+01 3.722306692149173358e-03
-1.950660796472280722e+01 4.766230908268860068e-03
-1.948916722748861829e+01 6.024615370324699383e-03
-1.947172649025442581e+01 7.518727099358906742e-03
-1.945428575302023333e+01 9.266046260198850318e-03
-1.943684501578604085e+01 1.127871413125636907e-02
-1.941940427855184836e+01 1.356205588850433255e-02
-1.940196354131765588e+01 1.611330985157955961e-02
-1.938452280408346340e+01 1.892069719488580215e-02
-1.936708206684927092e+01 2.196295447060523862e-02
-1.934964132961507843e+01 2.520942486501084184e-02
-1.933220059238088595e+01 2.862076393016555267e-02
-1.931475985514669347e+01 3.215026447838755658e-02
-1.929731911791250099e+01 3.574574797747476912e-02
-1.927987838067830850e+01 3.935191201849656817e-02
-1.926243764344411602e+01 4.291297180728136790e-02
-1.924499690620992354e+01 4.637539464688433810e-02
-1.922755616897573105e+01 4.969050563711356616e-02
-1.921011543174153857e+01 5.281674425838155107e-02
-1.919267469450734609e+01 5.572137675280746522e-02
-1.917523395727315361e+01 5.838151713727166015e-02
-1.915779322003896468e+01 6.078437626645478986e-02
-1.914035248280477219e+01 6.292673692647496320e-02
-1.912291174557057971e+01 6.481373472871126973e-02
-1.910547100833638723e+01 6.645709971947708072e-02
-1.908803027110219475e+01 6.787307236954366607e-02
-1.907058953386800226e+01 6.908024168429138800e-02
-1.905314879663380978e+01 7.009755709469953078e-02
-1.903570805939961730e+01 7.094273788015165172e-02
-1.901826732216542482e+01 7.163124681465922461e-02
-1.900082658493123233e+01 7.217591544072750331e-02
-1.898338584769703985e+01 7.258721722830308032e-02
-1.896594511046284737e+01 7.287409427565014197e-02
-1.894850437322865488e+01 7.304516578071405808e-02
-1.893106363599446240e+01 7.311009317906272398e-02
-1.891362289876026992e+01 7.308085513660080024e-02
-1.889618216152607744e+01 7.297269847893678163e-02
-1.887874142429188495e+01 7.280457664231852755e-02
-1.886130068705769602e+01 7.259895876482044819e-02
-1.884385994982350354e+01 7.238098002628449990e-02
-1.882641921258931106e+01 7.217699529837529049e-02
-1.880897847535511858e+01 7.201268144336404886e-02
-1.879153773812092609e+01 7.191089808699785424e-02
-1.877409700088673361e+01 7.188955461835894178e-02
-1.875665626365254113e+01 7.195973844086112070e-02
-1.873921552641834865e+01 7.212433596844759764e-02
-1.872177478918415616e+01 7.237732711127388419e-02
-1.870433405194996368e+01 7.270386269573195226e-02
-1.868689331471577120e+01 7.308115123726596774e-02
-1.866945257748157871e+01 7.348009658829114665e-02
-1.865201184024738623e+01 7.386755091883247248e-02
-1.863457110301319375e+01 7.420898664646466414e-02
-1.861713036577900127e+01 7.447135240286018032e-02
-1.859968962854480878e+01 7.462586498237569477e-02
-1.858224889131061630e+01 7.465050122752543704e-02
-1.856480815407642382e+01 7.453198761181752119e-02
-1.854736741684223134e+01 7.426713510049945399e-02
-1.852992667960804241e+01 7.386342559199764179e-02
-1.851248594237384992e+01 7.333881672473716029e-02
-1.849504520513965744e+01 7.272078813503755901e-02
-1.847760446790546496e+01 7.204470051475277137e-02
-1.846016373067127248e+01 7.135157758369747860e-02
-1.844272299343707999e+01 7.068545097004511057e-02
-1.842528225620288751e+01 7.009043077083172701e-02
-1.840784151896869503e+01 6.960768202662762083e-02
-1.839040078173450254e+01 6.927250013070397616e-02
-1.837296004450031006e+01 6.911168508434736846e-02
-1.835551930726611758e+01 6.914141238240865961e-02
-1.833807857003192510e+01 6.936578284985937815e-02
-1.832063783279773261e+01 6.977620077209113758e-02
-1.830319709556354013e+01 7.035167674857666087e-02
-1.828575635832934765e+01 7.106007965972484242e-02
-1.826831562109515517e+01 7.186027588888521667e-02
-1.825087488386096268e+01 7.270500248945398203e-02
-1.823343414662677375e+01 7.354423638132326357e-02
-1.821599340939258127e+01 7.432875708344119370e-02
-1.819855267215838879e+01 7.501356782128071332e-02
-1.818111193492419631e+01 7.556084722019822120e-02
-1.816367119769000382e+01 7.594215364686479619e-02
-1.814623046045581134e+01 7.613969234161310773e-02
-1.812878972322161886e+01 7.614657105356516242e-02
-1.811134898598742637e+01 7.596609711765091311e-02
-1.809390824875323389e+01 7.561028926263323180e-02
-1.807646751151904141e+01 7.509787262608207115e-02
-1.805902677428484893e+01 7.445208045318160717e-02
-1.804158603705065644e+01 7.369859156796634836e-02
-1.802414529981646396e+01 7.286388721270201096e-02
-1.800670456258227148e+01 7.197422053161807443e-02
-1.798926382534807900e+01 7.105527035630002097e-02
-1.797182308811388651e+01 7.013241692061812638e-02
-1.795438235087969403e+01 6.923145218426624004e-02
-1.793694161364550510e+01 6.837944243178460668e-02
-1.791950087641130906e+01 6.760541270398717772e-02
-1.790206013917712013e+01 6.694053168378469310e-02
-1.788461940194292765e+01 6.641754355316903391e-02
-1.786717866470873517e+01 6.606931237830666881e-02
-1.784973792747454269e+01 6.592649840738670775e-02
-1.783229719024035020e+01 6.601455130140639060e-02
-1.781485645300615772e+01 6.635035639110650751e-02
-1.779741571577196524e+01 6.693898080378953008e-02
-1.777997497853777276e+01 6.777101577301350432e-02
-1.776253424130358027e+01 6.882098718010606908e-02
-1.774509350406938779e+01 7.004720698787719746e-02
-1.772765276683519531e+01 7.139327425533670279e-02
-1.771021202960100283e+01 7.279122725439493569e-02
-1.769277129236681034e+01 7.416612709099724976e-02
-1.767533055513261786e+01 7.544165080338406659e-02
-1.765788981789842538e+01 7.654611898681944193e-02
-1.764044908066423289e+01 7.741830351535680665e-02
-1.762300834343004041e+01 7.801236797139192436e-02
-1.760556760619585148e+01 7.830138698679164899e-02
-1.758812686896165900e+01 7.827905786782475561e-02
-1.757068613172746652e+01 7.795943484325688899e-02
-1.755324539449327403e+01 7.737475242268543330e-02
-1.753580465725908155e+01 7.657162716983174910e-02
-1.751836392002488907e+01 7.560610731130845696e-02
-1.750092318279069659e+01 7.453815502325671083e-02
-1.748348244555650410e+01 7.342618513735675589e-02
-1.746604170832231162e+01 7.232224569804390768e-02
-1.744860097108811914e+01 7.126831992668959670e-02
-1.743116023385392666e+01 7.029407339286038170e-02
-1.741371949661973417e+01 6.941618707407158639e-02
-1.739627875938554169e+01 6.863923032753704856e-02
-1.737883802215134921e+01 6.795785948342757121e-02
-1.736139728491715672e+01 6.735999521281969826e-02
-1.734395654768296424e+01 6.683054641491448233e-02
-1.732651581044877176e+01 6.635521495215493393e-02
-1.730907507321458283e+01 6.592393283869966980e-02
-1.729163433598038679e+01 6.553354510580043646e-02
-1.727419359874619786e+01 6.518944762006188831e-02
-1.725675286151200538e+01 6.490600776099905711e-02
-1.723931212427781290e+01 6.470572473146844750e-02
-1.722187138704362042e+01 6.461721370039853751e-02
-1.720443064980942793e+01 6.467221369933198738e-02
-1.718698991257523545e+01 6.490191473894844909e-02
-1.716954917534104297e+01 6.533296838641541870e-02
-1.715210843810685049e+01 6.598358329517990672e-02
-1.713466770087265800e+01 6.686010996431666908e-02
-1.711722696363846552e+01 6.795448629630447546e-02
-1.709978622640427304e+01 6.924284846343056743e-02
-1.708234548917008055e+01 7.068551385543109244e-02
-1.706490475193588807e+01 7.222842097470585920e-02
-1.704746401470169559e+01 7.380597449682381461e-02
-1.703002327746750311e+01 7.534510433395537332e-02
-1.701258254023331062e+01 7.677021917679711926e-02
-1.699514180299911814e+01 7.800863178285247224e-02
-1.697770106576492921e+01 7.899596803056922745e-02
-1.696026032853073673e+01 7.968105411051321085e-02
-1.694281959129654425e+01 8.002981102176440209e-02
-1.692537885406235176e+01 8.002777171912628384e-02
-1.690793811682815928e+01 7.968096648513123270e-02
-1.689049737959396680e+01 7.901508331443439503e-02
-1.687305664235977432e+01 7.807298487736084869e-02
-1.685561590512558183e+01 7.691083226579396859e-02
-1.683817516789138935e+01 7.559320868450861153e-02
-1.682073443065719687e+01 7.418773668925228437e-02
-1.680329369342300438e+01 7.275972854305617910e-02
-1.678585295618881190e+01 7.136739531422560401e-02
-1.676841221895461942e+01 7.005806827949005722e-02
-1.675097148172042694e+01 6.886576489924875477e-02
-1.673353074448623445e+01 6.781027592309148144e-02
-1.671609000725204197e+01 6.689777892360007638e-02
-1.669864927001784949e+01 6.612281718838682043e-02
-1.668120853278366056e+01 6.547134079052034650e-02
-1.666376779554946452e+01 6.492440460340771768e-02
-1.664632705831527559e+01 6.446206629715078851e-02
-1.662888632108108311e+01 6.406702955273803346e-02
-1.661144558384689063e+01 6.372763064320449700e-02
-1.659400484661269815e+01 6.343986095650222534e-02
-1.657656410937850566e+01 6.320824043471257037e-02
-1.655912337214431318e+01 6.304549155141359051e-02
-1.654168263491012070e+01 6.297109468696314438e-02
-1.652424189767592821e+01 6.300891998129966309e-02
-1.650680116044173573e+01 6.318421777573726694e-02
-1.648936042320754325e+01 6.352030351941406749e-02
-1.647191968597335077e+01 6.403529145560349356e-02
-1.645447894873915828e+01 6.473921587506649422e-02
-1.643703821150496580e+01 6.563183312078467446e-02
-1.641959747427077332e+01 6.670132741323717140e-02
-1.640215673703658084e+01 6.792405552471053598e-02
-1.638471599980238835e+01 6.926536662914743736e-02
-1.636727526256819587e+01 7.068143211653024616e-02
-1.634983452533400694e+01 7.212192411324194752e-02
-1.633239378809981446e+01 7.353329949341033678e-02
-1.631495305086562198e+01 7.486238662417805945e-02
-1.629751231363142949e+01 7.605994207804424312e-02
-1.628007157639723701e+01 7.708384879428341330e-02
-1.626263083916304453e+01 7.790166682976880363e-02
-1.624519010192885204e+01 7.849231963986114113e-02
-1.622774936469465956e+01 7.884679490725926554e-02
-1.621030862746046708e+01 7.896784751091656673e-02
-1.619286789022627460e+01 7.886879915015729270e-02
-1.617542715299208211e+01 7.857162008257090324e-02
-1.615798641575788963e+01 7.810454131012804779e-02
-1.614054567852369715e+01 7.749947265823967091e-02
-1.612310494128950467e+01 7.678949163163835412e-02
-1.610566420405531218e+01 7.600662391363231796e-02
-1.608822346682111970e+01 7.518006839498159177e-02
-1.607078272958692722e+01 7.433494060304006446e-02
-1.605334199235273829e+01 7.349153225026162917e-02
-1.603590125511854225e+01 7.266502363658745856e-02
-1.601846051788435332e+01 7.186554837196648671e-02
-1.600101978065016084e+01 7.109849978810575677e-02
-1.598357904341596836e+01 7.036498352969940140e-02
-1.596613830618177587e+01 6.966235449852443973e-02
-1.594869756894758339e+01 6.898481872359769895e-02
-1.593125683171339091e+01 6.832412079925880011e-02
-1.591381609447919843e+01 6.767036509615297069e-02
-1.589637535724500594e+01 6.701302651999944959e-02
-1.587893462001081346e+01 6.634219065628561840e-02
-1.586149388277662098e+01 6.565002476401438081e-02
-1.584405314554242850e+01 6.493242580162890409e-02
-1.582661240830823601e+01 6.419072868524544617e-02
-1.580917167107404353e+01 6.343329880483840333e-02
-1.579173093383985105e+01 6.267678952821865990e-02
-1.577429019660565856e+01 6.194682870967613275e-02
-1.575684945937146964e+01 6.127791558335279887e-02
-1.573940872213727360e+01 6.071236365033005206e-02
-1.572196798490308467e+01 6.029821346495857493e-02
-1.570452724766888863e+01 6.008615312764334360e-02
-1.568708651043469970e+01 6.012561049243540789e-02
-1.566964577320050722e+01 6.046030311486916275e-02
-1.565220503596631474e+01 6.112363243820325559e-02
-1.563476429873212226e+01 6.213437200129107857e-02
-1.561732356149792977e+01 6.349311409000621409e-02
-1.559988282426373729e+01 6.517989989290368102e-02
-1.558244208702954481e+01 6.715336664760974961e-02
-1.556500134979535233e+01 6.935161036439856097e-02
-1.554756061256115984e+01 7.169479935284633898e-02
-1.553011987532696736e+01 7.408940077496822818e-02
-1.551267913809277488e+01 7.643371997495346237e-02
-1.549523840085858239e+01 7.862431915284555373e-02
-1.547779766362438991e+01 8.056279291366279238e-02
-1.546035692639019743e+01 8.216234242970778257e-02
-1.544291618915600495e+01 8.335360977552210004e-02
-1.542547545192181602e+01 8.408930512424862835e-02
-1.540803471468761998e+01 8.434727192657109907e-02
-1.539059397745343105e+01 8.413177495093564218e-02
-1.537315324021923857e+01 8.347294734124631466e-02
-1.535571250298504609e+01 8.242448021362597244e-02
-1.533827176575085360e+01 8.105976860596382505e-02
-1.532083102851666112e+01 7.946683123715377051e-02
-1.530339029128246864e+01 7.774239311450811818e-02
-1.528594955404827616e+01 7.598555813477048115e-02
-1.526850881681408367e+01 7.429150527855692132e-02
-1.525106807957989119e+01 7.274562073716640820e-02
-1.523362734234569871e+01 7.141843420310697854e-02
-1.521618660511150622e+01 7.036166542421368186e-02
-1.519874586787731374e+01 6.960561116308063012e-02
-1.518130513064312126e+01 6.915801638133886597e-02
-1.516386439340892878e+01 6.900447982199892083e-02
-1.514642365617473629e+01 6.911034638894154869e-02
-1.512898291894054736e+01 6.942394080518744792e-02
-1.511154218170635133e+01 6.988090420298369299e-02
-1.509410144447216240e+01 7.040931413899474689e-02
-1.507666070723796636e+01 7.093520659478382007e-02
-1.505921997000377743e+01 7.138808349970149347e-02
-1.504177923276958495e+01 7.170598776960503129e-02
-1.502433849553539247e+01 7.183976381213445783e-02
-1.500689775830119999e+01 7.175619502522213866e-02
-1.498945702106700750e+01 7.143981625514153611e-02
-1.497201628383281502e+01 7.089332857406187294e-02
-1.495457554659862254e+01 7.013668164570895092e-02
-1.493713480936443005e+01 6.920501801399552011e-02
-1.491969407213023757e+01 6.814577607556335237e-02
-1.490225333489604509e+01 6.701530905264588278e-02
-1.488481259766185261e+01 6.587538631545904189e-02
-1.486737186042766012e+01 6.478989921984715239e-02
-1.484993112319346764e+01 6.382200363052825676e-02
-1.483249038595927516e+01 6.303181146107163235e-02
-1.481504964872508268e+01 6.247461608326597415e-02
-1.479760891149089375e+01 6.219952593597300600e-02
-1.478016817425669771e+01 6.224830937701900102e-02
-1.476272743702250878e+01 6.265423710449304073e-02
-1.474528669978831630e+01 6.344075116997302533e-02
-1.472784596255412382e+01 6.461988447739754060e-02
-1.471040522531993133e+01 6.619048322993861810e-02
-1.469296448808573885e+01 6.813642058243099542e-02
-1.467552375085154637e+01 7.042510338632813893e-02
-1.465808301361735388e+01 7.300663894607935245e-02
-1.464064227638316140e+01 7.581402712733843752e-02
-1.462320153914896892e+01 7.876466923441828583e-02
-1.460576080191477644e+01 8.176334677152037600e-02
-1.458832006468058395e+01 8.470664084881748823e-02
-1.457087932744639147e+01 8.748856548279985990e-02
-1.455343859021219899e+01 9.000700737322958611e-02
-1.453599785297800651e+01 9.217043008166561635e-02
-1.451855711574381402e+01 9.390423299966030313e-02
-1.450111637850962509e+01 9.515616467572865500e-02
-1.448367564127542906e+01 9.590027295724994072e-02
-1.446623490404124013e+01 9.613901671906693869e-02
-1.444879416680704409e+01 9.590334349308900219e-02
-1.443135342957285516e+01 9.525072846853349651e-02
-1.441391269233866268e+01 9.426134874875569114e-02
-1.439647195510447020e+01 9.303271322284087375e-02
-1.437903121787027771e+01 9.167317127806710875e-02
-1.436159048063608523e+01 9.029477932970239595e-02
-1.434414974340189275e+01 8.900601632673509067e-02
-1.432670900616770027e+01 8.790481631299336407e-02
-1.430926826893350778e+01 8.707233800423778980e-02
-1.429182753169931530e+01 8.656782766458034906e-02
-1.427438679446512282e+01 8.642485920399932409e-02
-1.425694605723093034e+01 8.664915790657891359e-02
-1.423950531999673785e+01 8.721813216714550954e-02
-1.422206458276254537e+01 8.808215013952133687e-02
-1.420462384552835289e+01 8.916750460166061876e-02
-1.418718310829416041e+01 9.038091087251561018e-02
-1.416974237105997148e+01 9.161528354490319770e-02
-1.415230163382577544e+01 9.275644558308547560e-02
-1.413486089659158651e+01 9.369034775948553717e-02
-1.411742015935739403e+01 9.431032789160030683e-02
-1.409997942212320154e+01 9.452392677306928337e-02
-1.408253868488900906e+01 9.425880628144837903e-02
-1.406509794765481658e+01 9.346738481131286469e-02
-1.404765721042062410e+01 9.212990988135684456e-02
-1.403021647318643161e+01 9.025581596092019376e-02
-1.401277573595223913e+01 8.788335182699297254e-02
-1.399533499871804665e+01 8.507758925885189338e-02
-1.397789426148385417e+01 8.192702826630511581e-02
-1.396045352424966168e+01 7.853908227617979743e-02
-1.394301278701546920e+01 7.503475509387887155e-02
-1.392557204978127672e+01 7.154281264817702324e-02
-1.390813131254708424e+01 6.819371598061593764e-02
-1.389069057531289175e+01 6.511353204416915619e-02
-1.387324983807870282e+01 6.241799191798379914e-02
-1.385580910084450679e+01 6.020683661560490701e-02
-1.383836836361031786e+01 5.855858819680474781e-02
-1.382092762637612182e+01 5.752591010254817783e-02
-1.380348688914193289e+01 5.713176847509159745e-02
-1.378604615190774041e+01 5.736666074336332216e-02
-1.376860541467354793e+01 5.818721879246877005e-02
-1.375116467743935544e+01 5.951650040561719257e-02
-1.373372394020516296e+01 6.124623697828275593e-02
-1.371628320297097048e+01 6.324119868424302182e-02
-1.369884246573677800e+01 6.534567274851740826e-02
-1.368140172850258551e+01 6.739184123877718646e-02
-1.366396099126839303e+01 6.920961789864374381e-02
-1.364652025403420055e+01 7.063729229744976357e-02
-1.362907951680000807e+01 7.153216881210054667e-02
-1.361163877956581558e+01 7.178030775387163331e-02
-1.359419804233162310e+01 7.130449578839506697e-02
-1.357675730509743417e+01 7.006969751205359420e-02
-1.355931656786324169e+01 6.808545839269453115e-02
-1.354187583062904920e+01 6.540501540848248085e-02
-1.352443509339485672e+01 6.212118934351724270e-02
-1.350699435616066424e+01 5.835944112101280196e-02
-1.348955361892647176e+01 5.426873532339471923e-02
-1.347211288169227927e+01 5.001103698721748314e-02
-1.345467214445808679e+01 4.575035522176458536e-02
-1.343723140722389431e+01 4.164223584206280804e-02
-1.341979066998970183e+01 3.782450513834970801e-02
-1.340234993275550934e+01 3.440989859235246695e-02
-1.338490919552131686e+01 3.148099812695166755e-02
-1.336746845828712438e+01 2.908767667654806391e-02
-1.335002772105293189e+01 2.724703362039811866e-02
-1.333258698381873941e+01 2.594561702874273804e-02
-1.331514624658454693e+01 2.514357970091713607e-02
-1.329770550935035445e+01 2.478030999135884954e-02
-1.328026477211616196e+01 2.478101486704419390e-02
-1.326282403488197303e+01 2.506370820323083892e-02
-1.324538329764778055e+01 2.554606788849308682e-02
-1.322794256041358807e+01 2.615166719472712328e-02
-1.321050182317939559e+01 2.681515610414368297e-02
-1.319306108594520310e+01 2.748606401930189444e-02
-1.317562034871101062e+01 2.813101265762734532e-02
-1.315817961147681814e+01 2.873426094878850368e-02
-1.314073887424262566e+01 2.929664359624205294e-02
-1.312329813700843317e+01 2.983310014543399946e-02
-1.310585739977424069e+01 3.036910882657723604e-02
-1.308841666254004821e+01 3.093642623768672051e-02
-1.307097592530585572e+01 3.156857966018958295e-02
-1.305353518807166324e+01 3.229655751680204218e-02
-1.303609445083747076e+01 3.314509520015695293e-02
-1.301865371360327828e+01 3.412986461535959942e-02
-1.300121297636908579e+01 3.525575833833178435e-02
-1.298377223913489331e+01 3.651632919954499873e-02
-1.296633150190070083e+01 3.789432058942202031e-02
-1.294889076466651190e+01 3.936311762248569796e-02
-1.293145002743231942e+01 4.088887632346820816e-02
-1.291400929019812693e+01 4.243305337015139400e-02
-1.289656855296393445e+01 4.395506247743695416e-02
-1.287912781572974197e+01 4.541481924176658108e-02
-1.286168707849554949e+01 4.677499387881863674e-02
-1.284424634126135700e+01 4.800285834942796120e-02
-1.282680560402716452e+01 4.907167872955016386e-02
-1.280936486679297204e+01 4.996165562669972748e-02
-1.279192412955877955e+01 5.066044920946210367e-02
-1.277448339232458707e+01 5.116333979723913794e-02
-1.275704265509039459e+01 5.147307300472288988e-02
-1.273960191785620211e+01 5.159942633471906182e-02
-1.272216118062200962e+01 5.155851954461104086e-02
-1.270472044338781714e+01 5.137188144764011366e-02
-1.268727970615362466e+01 5.106528649785735396e-02
-1.266983896891943218e+01 5.066738793355630988e-02
-1.265239823168523969e+01 5.020819925981552523e-02
-1.263495749445105076e+01 4.971750794798425466e-02
-1.261751675721685828e+01 4.922333743859129418e-02
-1.260007601998266580e+01 4.875059767931378546e-02
-1.258263528274847332e+01 4.832007267585961691e-02
-1.256519454551428083e+01 4.794787991973697983e-02
-1.254775380828008835e+01 4.764549830421992843e-02
-1.253031307104589587e+01 4.742039953773144467e-02
-1.251287233381170338e+01 4.727723878180976197e-02
-1.249543159657751090e+01 4.721947297429929247e-02
-1.247799085934331842e+01 4.725119272901367323e-02
-1.246055012210912594e+01 4.737888984102412576e-02
-1.244310938487493345e+01 4.761285050365145904e-02
-1.242566864764074097e+01 4.796787452291662035e-02
-1.240822791040654849e+01 4.846307806801720963e-02
-1.239078717317235601e+01 4.912064002129230139e-02
-1.237334643593816352e+01 4.996349054126275613e-02
-1.235590569870397104e+01 5.101209881954908709e-02
-1.233846496146977856e+01 5.228067375523442334e-02
-1.232102422423558963e+01 5.377322255155542186e-02
-1.230358348700139715e+01 5.547999541565489662e-02
-1.228614274976720466e+01 5.737486195293836633e-02
-1.226870201253301218e+01 5.941410716140369669e-02
-1.225126127529881970e+01 6.153700340048520734e-02
-1.223382053806462721e+01 6.366832184310047826e-02
-1.221637980083043473e+01 6.572271533042019220e-02
-1.219893906359624225e+01 6.761066404478323355e-02
-1.218149832636204977e+01 6.924545875443055554e-02
-1.216405758912785728e+01 7.055053435869208800e-02
-1.214661685189366480e+01 7.146638315775089012e-02
-1.212917611465947232e+01 7.195628629819661448e-02
-1.211173537742527984e+01 7.201020421867909693e-02
-1.209429464019108735e+01 7.164635092458794541e-02
-1.207685390295689487e+01 7.091021995904114861e-02
-1.205941316572270239e+01 6.987110197869048078e-02
-1.204197242848851346e+01 6.861640183155510997e-02
-1.202453169125432098e+01 6.724429547930295403e-02
-1.200709095402012849e+01 6.585543810455680991e-02
-1.198965021678593601e+01 6.454452686723263777e-02
-1.197220947955174353e+01 6.339252752740140440e-02
-1.195476874231755104e+01 6.246029599411046657e-02
-1.193732800508335856e+01 6.178417502945271478e-02
-1.191988726784916608e+01 6.137394087603764703e-02
-1.190244653061497360e+01 6.121323695502723511e-02
-1.188500579338078111e+01 6.126238648014889487e-02
-1.186756505614658863e+01 6.146324707886588468e-02
-1.185012431891239615e+01 6.174558027318980541e-02
-1.183268358167820367e+01 6.203427490296715974e-02
-1.181524284444401118e+01 6.225669870996957539e-02
-1.179780210720981870e+01 6.234946205791904589e-02
-1.178036136997562622e+01 6.226396036530995604e-02
-1.176292063274143374e+01 6.197020785347688576e-02
-1.174547989550724125e+01 6.145866825305765918e-02
-1.172803915827305232e+01 6.074000634111820923e-02
-1.171059842103885984e+01 5.984290278078539804e-02
-1.169315768380466736e+01 5.881026892919986870e-02
-1.167571694657047487e+01 5.769434654831705894e-02
-1.165827620933628239e+01 5.655126430599072274e-02
-1.164083547210208991e+01 5.543564135224880729e-02
-1.162339473486789743e+01 5.439577980581310201e-02
-1.160595399763370494e+01 5.346988276823676917e-02
-1.158851326039951246e+01 5.268358911668134803e-02
-1.157107252316531998e+01 5.204895124010800594e-02
-1.155363178593112750e+01 5.156481820227598600e-02
-1.153619104869693501e+01 5.121844341670180739e-02
-1.151875031146274253e+01 5.098802713968099420e-02
-1.150130957422855005e+01 5.084583837630781561e-02
-1.148386883699435757e+01 5.076154040627128133e-02
-1.146642809976016508e+01 5.070536574913622752e-02
-1.144898736252597260e+01 5.065084237891150087e-02
-1.143154662529178012e+01 5.057685304318570302e-02
-1.141410588805759119e+01 5.046890224474093883e-02
-1.139666515082339870e+01 5.031955973525478742e-02
-1.137922441358920622e+01 5.012813558077696546e-02
-1.136178367635501374e+01 4.989971241708105604e-02
-1.134434293912082126e+01 4.964371033179677123e-02
-1.132690220188662877e+01 4.937218640909432632e-02
-1.130946146465243629e+01 4.909807440276862250e-02
-1.129202072741824381e+01 4.883355259567216666e-02
-1.127457999018405133e+01 4.858869384435376276e-02
-1.125713925294985884e+01 4.837050654888092049e-02
-1.123969851571566636e+01 4.818242481792215509e-02
-1.122225777848147388e+01 4.802425615823695954e-02
-1.120481704124728140e+01 4.789255037241230140e-02
-1.118737630401308891e+01 4.778131726887364233e-02
-1.116993556677889643e+01 4.768299484323689635e-02
-1.115249482954470395e+01 4.758955381888683306e-02
-1.113505409231051146e+01 4.749361784933187058e-02
-1.111761335507631898e+01 4.738947996873655449e-02
-1.110017261784213005e+01 4.727390406748575163e-02
-1.108273188060793757e+01 4.714661509990902832e-02
-1.106529114337374509e+01 4.701040405717846205e-02
-1.104785040613955260e+01 4.687080448961112450e-02
-1.103040966890536012e+01 4.673533710611206538e-02
-1.101296893167116764e+01 4.661236682269905007e-02
-1.099552819443697516e+01 4.650966939290086810e-02
-1.097808745720278267e+01 4.643285661040392337e-02
-1.096064671996859019e+01 4.638385195931803845e-02
-1.094320598273439771e+01 4.635963336342971419e-02
-1.092576524550020522e+01 4.635145797513594290e-02
-1.090832450826601274e+01 4.634475023848670661e-02
-1.089088377103182026e+01 4.631976801641628921e-02
-1.087344303379762778e+01 4.625306758120097117e-02
-1.085600229656343529e+01 4.611967788657581752e-02
-1.083856155932924281e+01 4.589578361402164852e-02
-1.082112082209505033e+01 4.556162308073094525e-02
-1.080368008486085785e+01 4.510424826976374563e-02
-1.078623934762666892e+01 4.451978268328635885e-02
-1.076879861039247643e+01 4.381485398187884989e-02
-1.075135787315828395e+01 4.300696933263096350e-02
-1.073391713592409147e+01 4.212373031866135931e-02
-1.071647639868989899e+01 4.120093258089306543e-02
-1.069903566145570650e+01 4.027974075074213650e-02
-1.068159492422151402e+01 3.940324951785987434e-02
-1.066415418698732154e+01 3.861281871586858677e-02
-1.064671344975312905e+01 3.794459309934715419e-02
-1.062927271251893657e+01 3.742658392350031726e-02
-1.061183197528474409e+01 3.707660641425798015e-02
-1.059439123805055161e+01 3.690124909572347484e-02
-1.057695050081635912e+01 3.689591679168109650e-02
-1.055950976358216664e+01 3.704585927371172038e-02
-1.054206902634797416e+01 3.732799017093709620e-02
-1.052462828911378168e+01 3.771322912373549496e-02
-1.050718755187958919e+01 3.816907084707484715e-02
-1.048974681464539671e+01 3.866209729306552267e-02
-1.047230607741120778e+01 3.916019673446029248e-02
-1.045486534017701530e+01 3.963432510411850351e-02
-1.043742460294282282e+01 4.005972689900211964e-02
-1.041998386570863033e+01 4.041661215557346837e-02
-1.040254312847443785e+01 4.069035142210661316e-02
-1.038510239124024537e+01 4.087129493501261840e-02
-1.036766165400605288e+01 4.095434228227285561e-02
-1.035022091677186040e+01 4.093838580513810277e-02
-1.033278017953766792e+01 4.082572936171753597e-02
-1.031533944230347544e+01 4.062155061509185872e-02
-1.029789870506928295e+01 4.033343739082700941e-02
-1.028045796783509047e+01 3.997099418351284655e-02
-1.026301723060089799e+01 3.954548946401137410e-02
-1.024557649336670551e+01 3.906950178207575092e-02
-1.022813575613251302e+01 3.855652399995216500e-02
-1.021069501889832054e+01 3.802049905917285338e-02
-1.019325428166412806e+01 3.747528403174273104e-02
-1.017581354442993558e+01 3.693406681555787968e-02
-1.015837280719574665e+01 3.640878588601834803e-02
-1.014093206996155416e+01 3.590962230386956361e-02
-1.012349133272736168e+01 3.544464002800139235e-02
-1.010605059549316920e+01 3.501964268022458859e-02
-1.008860985825897671e+01 3.463829192397357981e-02
-1.007116912102478423e+01 3.430249696678093485e-02
-1.005372838379059175e+01 3.401304137695910362e-02
-1.003628764655639927e+01 3.377036936386547394e-02
-1.001884690932220678e+01 3.357541674173379620e-02
-1.000140617208801430e+01 3.343034936593781287e-02
-9.983965434853821819e+00 3.333906945140119316e-02
-9.966524697619629336e+00 3.330737040435810536e-02
-9.949083960385436853e+00 3.334266245846276983e-02
-9.931643223151244371e+00 3.345324956972974689e-02
-9.914202485917051888e+00 3.364720462515340127e-02
-9.896761748682859405e+00 3.393095511165589856e-02
-9.879321011448666923e+00 3.430774479657521664e-02
-9.861880274214474440e+00 3.477617000269786485e-02
-9.844439536980285510e+00 3.532899600212778546e-02
-9.826998799746093027e+00 3.595243809694099318e-02
-9.809558062511900545e+00 3.662604544966841652e-02
-9.792117325277708062e+00 3.732325970965425649e-02
-9.774676588043515579e+00 3.801264362133171398e-02
-9.757235850809323097e+00 3.865969699417704658e-02
-9.739795113575130614e+00 3.922910831270421533e-02
-9.722354376340938131e+00 3.968723799294864019e-02
-9.704913639106745649e+00 4.000459954251465305e-02
-9.687472901872553166e+00 4.015810046515864984e-02
-9.670032164638360683e+00 4.013282557464403766e-02
-9.652591427404168201e+00 3.992318875668637163e-02
-9.635150690169975718e+00 3.953334036479307784e-02
-9.617709952935783235e+00 3.897679008224501362e-02
-9.600269215701590753e+00 3.827528205868226813e-02
-9.582828478467398270e+00 3.745703294981331255e-02
-9.565387741233205787e+00 3.655450691723928502e-02
-9.547947003999013305e+00 3.560194826556405817e-02
-9.530506266764824375e+00 3.463291717473592629e-02
-9.513065529530631892e+00 3.367807381121247501e-02
-9.495624792296439409e+00 3.276343019750617425e-02
-9.478184055062246927e+00 3.190923939321645836e-02
-9.460743317828054444e+00 3.112962216682193042e-02
-9.443302580593861961e+00 3.043294905587033347e-02
-9.425861843359669479e+00 2.982290884949521242e-02
-9.408421106125476996e+00 2.930011229971955442e-02
-9.390980368891284513e+00 2.886401146978193055e-02
-9.373539631657092031e+00 2.851486878378318990e-02
-9.356098894422899548e+00 2.825549193081980728e-02
-9.338658157188707065e+00 2.809246508426524805e-02
-9.321217419954514583e+00 2.803665405252187340e-02
-9.303776682720322100e+00 2.810284011686984065e-02
-9.286335945486129617e+00 2.830843801299390977e-02
-9.268895208251937134e+00 2.867136806529312423e-02
-9.251454471017744652e+00 2.920726854945908738e-02
-9.234013733783552169e+00 2.992633805942682482e-02
-9.216572996549363239e+00 3.083017505650319581e-02
-9.199132259315170757e+00 3.190902067736208630e-02
-9.181691522080978274e+00 3.313980267011007452e-02
-9.164250784846785791e+00 3.448531968049088625e-02
-9.146810047612593308e+00 3.589479910078287317e-02
-9.129369310378400826e+00 3.730591812083065145e-02
-9.111928573144208343e+00 3.864821229103172773e-02
-9.094487835910015860e+00 3.984762887437988399e-02
-9.077047098675823378e+00 4.083183519717107496e-02
-9.059606361441630895e+00 4.153578526182535868e-02
-9.042165624207438412e+00 4.190699659239410790e-02
-9.024724886973245930e+00 4.191000200768060097e-02
-9.007284149739053447e+00 4.152951746170809033e-02
-8.989843412504860964e+00 4.077199816432436341e-02
-8.972402675270668482e+00 3.966542429250438651e-02
-8.954961938036475999e+00 3.825734310649622771e-02
-8.937521200802283516e+00 3.661137283190635944e-02
-8.920080463568091034e+00 3.480252362250377957e-02
-8.902639726333902104e+00 3.291179543233462707e-02
-8.885198989099709621e+00 3.102056179563745381e-02
-8.867758251865517138e+00 2.920524030461023324e-02
-8.850317514631324656e+00 2.753269045560644002e-02
-8.832876777397132173e+00 2.605667898237945534e-02
-8.815436040162939690e+00 2.481562704804145258e-02
-8.797995302928747208e+00 2.383171917010052515e-02
-8.780554565694554725e+00 2.311132576834486543e-02
-8.763113828460362242e+00 2.264658198391348437e-02
-8.745673091226169760e+00 2.241788302975148556e-02
-8.728232353991977277e+00 2.239700451813091131e-02
-8.710791616757784794e+00 2.255053474905210908e-02
-8.693350879523592312e+00 2.284331162616345945e-02
-8.675910142289399829e+00 2.324158469349156195e-02
-8.658469405055207346e+00 2.371566713426696490e-02
-8.641028667821014864e+00 2.424189813393328938e-02
-8.623587930586822381e+00 2.480379835435866584e-02
-8.606147193352629898e+00 2.539236699881568943e-02
-8.588706456118440968e+00 2.600553548441191312e-02
-8.571265718884248486e+00 2.664685783519660234e-02
-8.553824981650056003e+00 2.732357908874886304e-02
-8.536384244415863520e+00 2.804427708518613879e-02
-8.518943507181671038e+00 2.881631586693770425e-02
-8.501502769947478555e+00 2.964337569040752240e-02
-8.484062032713286072e+00 3.052333031220326107e-02
-8.466621295479093590e+00 3.144672255924929605e-02
-8.449180558244901107e+00 3.239604202364359392e-02
-8.431739821010708624e+00 3.334593497628569186e-02
-8.414299083776516142e+00 3.426438112582624873e-02
-8.396858346542323659e+00 3.511476359735721253e-02
-8.379417609308131176e+00 3.585864983245990595e-02
-8.361976872073938694e+00 3.645900633230361038e-02
-8.344536134839746211e+00 3.688350340706306879e-02
-8.327095397605553728e+00 3.710753886348439751e-02
-8.309654660371361246e+00 3.711662847093369355e-02
-8.292213923137168763e+00 3.690787620779917289e-02
-8.274773185902979833e+00 3.649034177132629009e-02
-8.257332448668787350e+00 3.588425337016115657e-02
-8.239891711434594868e+00 3.511915273163523921e-02
-8.222450974200402385e+00 3.423118725129609130e-02
-8.205010236966209902e+00 3.325986353744299351e-02
-8.187569499732017420e+00 3.224463394990943754e-02
-8.170128762497824937e+00 3.122169632389687130e-02
-8.152688025263632454e+00 3.022134754706969420e-02
-8.135247288029439972e+00 2.926615163065363068e-02
-8.117806550795247489e+00 2.837007532984518396e-02
-8.100365813561055006e+00 2.753862508151156893e-02
-8.082925076326862524e+00 2.676990409809619151e-02
-8.065484339092670041e+00 2.605641170080841978e-02
-8.048043601858477558e+00 2.538733819473159431e-02
-8.030602864624285075e+00 2.475107272289839636e-02
-8.013162127390092593e+00 2.413763874689445546e-02
-7.995721390155900998e+00 2.354079831173773452e-02
-7.978280652921708516e+00 2.295961564116822881e-02
-7.960839915687517809e+00 2.239933521282696377e-02
-7.943399178453325327e+00 2.187150159673901043e-02
-7.925958441219132844e+00 2.139332115144213994e-02
-7.908517703984940361e+00 2.098633356428667579e-02
-7.891076966750747879e+00 2.067451992008996486e-02
-7.873636229516555396e+00 2.048202036099174700e-02
-7.856195492282362913e+00 2.043066624408426332e-02
-7.838754755048170431e+00 2.053754751837703549e-02
-7.821314017813977948e+00 2.081283500091469021e-02
-7.803873280579787242e+00 2.125805925214139733e-02
-7.786432543345594759e+00 2.186501366776031491e-02
-7.768991806111402276e+00 2.261540114629503190e-02
-7.751551068877209794e+00 2.348128437840248106e-02
-7.734110331643017311e+00 2.442633370310958937e-02
-7.716669594408824828e+00 2.540779878162563801e-02
-7.699228857174632346e+00 2.637906678194379406e-02
-7.681788119940439863e+00 2.729261609550612255e-02
-7.664347382706247380e+00 2.810313600303338682e-02
-7.646906645472056674e+00 2.877056321321107626e-02
-7.629465908237864191e+00 2.926278823170406357e-02
-7.612025171003671709e+00 2.955780853208997416e-02
-7.594584433769479226e+00 2.964514984525932345e-02
-7.577143696535286743e+00 2.952643788916041109e-02
-7.559702959301094261e+00 2.921507513596394504e-02
-7.542262222066901778e+00 2.873505414125404611e-02
-7.524821484832709295e+00 2.811901333136215819e-02
-7.507380747598516813e+00 2.740570587555050605e-02
-7.489940010364326106e+00 2.663710111713325432e-02
-7.472499273130133624e+00 2.585536625266685387e-02
-7.455058535895941141e+00 2.509998079045303726e-02
-7.437617798661748658e+00 2.440521738231176199e-02
-7.420177061427556175e+00 2.379818192997147988e-02
-7.402736324193363693e+00 2.329754771927684820e-02
-7.385295586959171210e+00 2.291304889938608827e-02
-7.367854849724978727e+00 2.264572529695193029e-02
-7.350414112490786245e+00 2.248884114359379210e-02
-7.332973375256595538e+00 2.242934209778275553e-02
-7.315532638022403056e+00 2.244967384620509196e-02
-7.298091900788210573e+00 2.252976528750534613e-02
-7.280651163554018090e+00 2.264898088387430272e-02
-7.263210426319825608e+00 2.278786849077911458e-02
-7.245769689085633125e+00 2.292956665987991999e-02
-7.228328951851440642e+00 2.306078312204779684e-02
-7.210888214617248160e+00 2.317230720657518020e-02
-7.193447477383055677e+00 2.325906698829848310e-02
-7.176006740148864971e+00 2.331978194711270547e-02
-7.158566002914672488e+00 2.335629083409979795e-02
-7.141125265680480005e+00 2.337265143084502755e-02
-7.123684528446287523e+00 2.337411506870883809e-02
-7.106243791212095040e+00 2.336607652481605471e-02
-7.088803053977902557e+00 2.335309201687854608e-02
-7.071362316743710075e+00 2.333804682548837675e-02
-7.053921579509517592e+00 2.332154090238875224e-02
-7.036480842275325109e+00 2.330154580606029827e-02
-7.019040105041134403e+00 2.327336866074943000e-02
-7.001599367806941920e+00 2.322993750731066481e-02
-6.984158630572749438e+00 2.316239686578600368e-02
-6.966717893338556955e+00 2.306097322895060003e-02
-6.949277156104364472e+00 2.291603978869729760e-02
-6.931836418870171990e+00 2.271928165589334053e-02
-6.914395681635979507e+00 2.246484172991017672e-02
-6.896954944401787024e+00 2.215031769430339872e-02
-6.879514207167596318e+00 2.177748571442705144e-02
-6.862073469933403835e+00 2.135264760248155314e-02
-6.844632732699211353e+00 2.088653424429454120e-02
-6.827191995465018870e+00 2.039374514673569783e-02
-6.809751258230826387e+00 1.989175625901066363e-02
-6.792310520996633905e+00 1.939957890002419819e-02
-6.774869783762441422e+00 1.893619496251714579e-02
-6.757429046528248939e+00 1.851892205831168203e-02
-6.739988309294056457e+00 1.816187345223429367e-02
-6.722547572059865750e+00 1.787467047477326113e-02
-6.705106834825673268e+00 1.766154095399826568e-02
-6.687666097591480785e+00 1.752089935927209421e-02
-6.670225360357288302e+00 1.744545737489974421e-02
-6.652784623123095820e+00 1.742286264372523708e-02
-6.635343885888903337e+00 1.743681346936906684e-02
-6.617903148654710854e+00 1.746855281242255462e-02
-6.600462411420518372e+00 1.749860960084187456e-02
-6.583021674186325889e+00 1.750863189480545215e-02
-6.565580936952135183e+00 1.748314653118847317e-02
-6.548140199717942700e+00 1.741108428284406442e-02
-6.530699462483750217e+00 1.728692807137119369e-02
-6.513258725249557735e+00 1.711137310214658550e-02
-6.495817988015365252e+00 1.689142961720097383e-02
-6.478377250781172769e+00 1.663994793495366525e-02
-6.460936513546980287e+00 1.637459736072629027e-02
-6.443495776312787804e+00 1.611638066113461193e-02
-6.426055039078595321e+00 1.588780925799245652e-02
-6.408614301844404615e+00 1.571089671085445366e-02
-6.391173564610212132e+00 1.560514599490990355e-02
-6.373732827376019650e+00 1.558570754463017675e-02
-6.356292090141827167e+00 1.566186974576166610e-02
-6.338851352907634684e+00 1.583601303954178599e-02
-6.321410615673442202e+00 1.610311621938242607e-02
-6.303969878439249719e+00 1.645085329878870697e-02
-6.286529141205057236e+00 1.686026671197940127e-02
-6.269088403970864753e+00 1.730695291560288215e-02
-6.251647666736674047e+00 1.776265454328079113e-02
-6.234206929502481564e+00 1.819712293575231205e-02
-6.216766192268289082e+00 1.858009849051282802e-02
-6.199325455034096599e+00 1.888325454969247419e-02
-6.181884717799904116e+00 1.908196253326575539e-02
-6.164443980565711634e+00 1.915675937600997900e-02
-6.147003243331519151e+00 1.909442969264296686e-02
-6.129562506097326668e+00 1.888865065196770887e-02
-6.112121768863134186e+00 1.854018352953450480e-02
-6.094681031628943479e+00 1.805662910814886599e-02
-6.077240294394750997e+00 1.745179214522677574e-02
-6.059799557160558514e+00 1.674472165510805521e-02
-6.042358819926366031e+00 1.595850832074600933e-02
-6.024918082692173549e+00 1.511892822328936466e-02
-6.007477345457981066e+00 1.425302394832605665e-02
-5.990036608223788583e+00 1.338771081159900733e-02
-5.972595870989596101e+00 1.254848818611050895e-02
-5.955155133755403618e+00 1.175832429558871031e-02
-5.937714396521212912e+00 1.103676786091386912e-02
-5.920273659287020429e+00 1.039932220144637251e-02
-5.902832922052827946e+00 9.857097601350473318e-03
-5.885392184818635464e+00 9.416737128803814513e-03
-5.867951447584442981e+00 9.080591217545648866e-03
-5.850510710350250498e+00 8.847099030636478359e-03
-5.833069973116058016e+00 8.711321781995245636e-03
-5.815629235881865533e+00 8.665566321342618727e-03
-5.798188498647673050e+00 8.700037259456802272e-03
-5.780747761413482344e+00 8.803462685143996838e-03
-5.763307024179289861e+00 8.963651080310516481e-03
-5.745866286945097379e+00 9.167953482690742797e-03
-5.728425549710904896e+00 9.403622810085244046e-03
-5.710984812476712413e+00 9.658078918408615279e-03
-5.693544075242519931e+00 9.919101077331737848e-03
-5.676103338008327448e+00 1.017497743829340502e-02
-5.658662600774134965e+00 1.041464297452219905e-02
-5.641221863539942483e+00 1.062783349215884465e-02
-5.623781126305751776e+00 1.080527469332898116e-02
-5.606340389071559294e+00 1.093891355815878631e-02
-5.588899651837366811e+00 1.102218642307719113e-02
-5.571458914603174328e+00 1.105030595789380232e-02
-5.554018177368981846e+00 1.102053940554437172e-02
-5.536577440134789363e+00 1.093244415383090931e-02
-5.519136702900596880e+00 1.078802469891252877e-02
-5.501695965666404398e+00 1.059177761999931244e-02
-5.484255228432211915e+00 1.035059817708613994e-02
-5.466814491198021209e+00 1.007353304242027993e-02
-5.449373753963828726e+00 9.771377581533947226e-03
-5.431933016729636243e+00 9.456131749184134433e-03
-5.414492279495443761e+00 9.140344473830823435e-03
-5.397051542261251278e+00 8.836390558624382385e-03
-5.379610805027058795e+00 8.555734762795075971e-03
-5.362170067792866313e+00 8.308243177997980816e-03
-5.344729330558673830e+00 8.101601098757812633e-03
-5.327288593324481347e+00 7.940888877873562152e-03
-5.309847856090290641e+00 7.828353261632402943e-03
-5.292407118856098158e+00 7.763392881018051084e-03
-5.274966381621905676e+00 7.742755205410763522e-03
-5.257525644387713193e+00 7.760921097937129379e-03
-5.240084907153520710e+00 7.810634938639278609e-03
-5.222644169919328228e+00 7.883525458823729612e-03
-5.205203432685135745e+00 7.970756471024924641e-03
-5.187762695450943262e+00 8.063648008249161420e-03
-5.170321958216750780e+00 8.154216305727551503e-03
-5.152881220982560073e+00 8.235593937130244319e-03
-5.135440483748367591e+00 8.302307055134988678e-03
-5.117999746514175108e+00 8.350402767677475233e-03
-5.100559009279982625e+00 8.377434208560569431e-03
-5.083118272045790142e+00 8.382322469934477827e-03
-5.065677534811597660e+00 8.365122653003473352e-03
-5.048236797577405177e+00 8.326725952870992278e-03
-5.030796060343212694e+00 8.268531474062942518e-03
-5.013355323109020212e+00 8.192121072159891035e-03
-4.995914585874829505e+00 8.098968485293850036e-03
-4.978473848640637023e+00 7.990210579422129394e-03
-4.961033111406444540e+00 7.866503558003412958e-03
-4.943592374172252057e+00 7.727980153849083392e-03
-4.926151636938059575e+00 7.574314863723007572e-03
-4.908710899703867092e+00 7.404893291059483004e-03
-4.891270162469674609e+00 7.219069284662611892e-03
-4.873829425235482127e+00 7.016481091753400644e-03
-4.856388688001289644e+00 6.797386979910943067e-03
-4.838947950767098938e+00 6.562973723930611361e-03
-4.821507213532906455e+00 6.315589783552080783e-03
-4.804066476298713972e+00 6.058860050375093100e-03
-4.786625739064521490e+00 5.797650861312841908e-03
-4.769185001830329007e+00 5.537871554576752342e-03
-4.751744264596136524e+00 5.286120087714565700e-03
-4.734303527361944042e+00 5.049202247402431037e-03
-4.716862790127751559e+00 4.833573507955483961e-03
-4.699422052893559076e+00 4.644766572728095677e-03
-4.681981315659368370e+00 4.486873690312667001e-03
-4.664540578425175887e+00 4.362149708536137808e-03
-4.647099841190983405e+00 4.270789574857589144e-03
-4.629659103956790922e+00 4.210914016136934300e-03
-4.612218366722598439e+00 4.178771988270527440e-03
-4.594777629488405957e+00 4.169141516410598651e-03
-4.577336892254213474e+00 4.175885395795508187e-03
-4.559896155020020991e+00 4.192598324790033047e-03
-4.542455417785828509e+00 4.213270127700622508e-03
-4.525014680551637802e+00 4.232887438468450197e-03
-4.507573943317445320e+00 4.247903877439444809e-03
-4.490133206083252837e+00 4.256525311950192826e-03
-4.472692468849060354e+00 4.258779976572999414e-03
-4.455251731614867872e+00 4.256369876042540891e-03
-4.437810994380675389e+00 4.252326404860259750e-03
-4.420370257146482906e+00 4.250515985457693595e-03
-4.402929519912290424e+00 4.255057846212137278e-03
-4.385488782678097941e+00 4.269723941522812413e-03
-4.368048045443907235e+00 4.297389833866429448e-03
-4.350607308209714752e+00 4.339595797703875088e-03
-4.333166570975522269e+00 4.396261296771336938e-03
-4.315725833741329787e+00 4.465575957956166055e-03
-4.298285096507137304e+00 4.544069184037089794e-03
-4.280844359272944821e+00 4.626841431388827898e-03
-4.263403622038752339e+00 4.707925164790700140e-03
-4.245962884804559856e+00 4.780733951905028443e-03
-4.228522147570367373e+00 4.838554446433216902e-03
-4.211081410336174891e+00 4.875037585683480480e-03
-4.193640673101982408e+00 4.884650963742544032e-03
-4.176199935867789925e+00 4.863062447802246266e-03
-4.158759198633597443e+00 4.807434089654327551e-03
-4.141318461399404960e+00 4.716613947671272761e-03
-4.123877724165216030e+00 4.591220760164265759e-03
-4.106436986931023547e+00 4.433622217659978493e-03
-4.088996249696831065e+00 4.247812045975884673e-03
-4.071555512462638582e+00 4.039194695673513011e-03
-4.054114775228446099e+00 3.814289668570375498e-03
-4.036674037994253617e+00 3.580370801055906323e-03
-4.019233300760061134e+00 3.345059301749852589e-03
-4.001792563525868651e+00 3.115892824185995807e-03
-3.984351826291676169e+00 2.899895882372208276e-03
-3.966911089057483686e+00 2.703178860913671606e-03
-3.949470351823291203e+00 2.530593089538108083e-03
-3.932029614589098721e+00 2.385467440386256164e-03
-3.914588877354906238e+00 2.269447423686369800e-03
-3.897148140120713755e+00 2.182450897426110696e-03
-3.879707402886521272e+00 2.122745713624118666e-03
-3.862266665652328790e+00 2.087144651218226458e-03
-3.844825928418136307e+00 2.071302809975939310e-03
-3.827385191183943824e+00 2.070093344096837675e-03
-3.809944453949754894e+00 2.078030055091138490e-03
-3.792503716715562412e+00 2.089700838010693715e-03
-3.775062979481369929e+00 2.100174899358452085e-03
-3.757622242247177446e+00 2.105349280451355564e-03
-3.740181505012984964e+00 2.102206340053020591e-03
-3.722740767778792481e+00 2.088962859179049284e-03
-3.705300030544599998e+00 2.065102342869316356e-03
-3.687859293310407516e+00 2.031293667303035299e-03
-3.670418556076215033e+00 1.989210121207999303e-03
-3.652977818842022550e+00 1.941271874053437973e-03
-3.635537081607830068e+00 1.890340993915672757e-03
-3.618096344373637585e+00 1.839400765593604287e-03
-3.600655607139445102e+00 1.791250134945131332e-03
-3.583214869905252620e+00 1.748240012514046086e-03
-3.565774132671060137e+00 1.712071680701683076e-03
-3.548333395436867654e+00 1.683669678150122480e-03
-3.530892658202675172e+00 1.663133360542075594e-03
-3.513451920968482689e+00 1.649763826922776618e-03
-3.496011183734293759e+00 1.642156778240545876e-03
-3.478570446500101276e+00 1.638347544991795466e-03
-3.461129709265908794e+00 1.635992066792085493e-03
-3.443688972031716311e+00 1.632566848744554464e-03
-3.426248234797523828e+00 1.625571515178897723e-03
-3.408807497563331346e+00 1.612719137591579277e-03
-3.391366760329138863e+00 1.592101682607137978e-03
-3.373926023094946380e+00 1.562320463345327889e-03
-3.356485285860753898e+00 1.522574254998667427e-03
-3.339044548626561415e+00 1.472700708881814324e-03
-3.321603811392368932e+00 1.413169852482648418e-03
-3.304163074158176450e+00 1.345031745044568796e-03
-3.286722336923983967e+00 1.269823636826074298e-03
-3.269281599689791484e+00 1.189445027651008348e-03
-3.251840862455599002e+00 1.106011535539374192e-03
-3.234400125221406519e+00 1.021700148196993257e-03
-3.216959387987214036e+00 9.385989688775298696e-04
-3.199518650753021554e+00 8.585738330134072300e-04
-3.182077913518832624e+00 7.831621803368203540e-04
-3.164637176284640141e+00 7.135015195019412055e-04
-3.147196439050447658e+00 6.502960799766298880e-04
-3.129755701816255176e+00 5.938212764029094769e-04
-3.112314964582062693e+00 5.439619103882374846e-04
-3.094874227347870210e+00 5.002770488571155454e-04
-3.077433490113677728e+00 4.620825707620540459e-04
-3.059992752879485245e+00 4.285416234074288714e-04
-3.042552015645292762e+00 3.987536550283137709e-04
-3.025111278411100280e+00 3.718341098372416015e-04
-3.007670541176907797e+00 3.469789864780725252e-04
-2.990229803942715314e+00 3.235109129780713421e-04
-2.972789066708522832e+00 3.009058258314236648e-04
-2.955348329474330349e+00 2.788014584656912627e-04
-2.937907592240137866e+00 2.569904379157907787e-04
-2.920466855005945384e+00 2.354017590519621994e-04
-2.903026117771752901e+00 2.140747580431668360e-04
-2.885585380537560418e+00 1.931295292449299722e-04
-2.868144643303371488e+00 1.727371640855638311e-04
-2.850703906069179006e+00 1.530923989859059363e-04
-2.833263168834986523e+00 1.343903953289873930e-04
-2.815822431600794040e+00 1.168085614719698126e-04
-2.798381694366601558e+00 1.004936471290698011e-04
-2.780940957132409075e+00 8.555383402862354759e-05
-2.763500219898216592e+00 7.205521721375758766e-05
-2.746059482664024110e+00 6.002189692036077699e-05
-2.728618745429831627e+00 4.943884641717943140e-05
-2.711178008195639144e+00 4.025674850169906643e-05
-2.693737270961446661e+00 3.239806916145704895e-05
-2.676296533727254179e+00 2.576373640594458928e-05
-2.658855796493061696e+00 2.023989973799579498e-05
-2.641415059258869213e+00 1.570435291711753104e-05
-2.623974322024676731e+00 1.203230609133663477e-05
-2.606533584790484248e+00 9.101291659162881817e-06
-2.589092847556291765e+00 6.795080149818471262e-06
-2.571652110322099283e+00 5.006565989984391866e-06
-2.554211373087910353e+00 3.639655496285699543e-06
-2.536770635853717870e+00 2.610247854557430015e-06
-2.519329898619525387e+00 1.846441907919164464e-06
-2.501889161385332905e+00 1.288126266015262887e-06
-2.484448424151140422e+00 8.861181926933680441e-07
-2.467007686916947939e+00 6.010101251579601401e-07
-2.449566949682755457e+00 4.018648991289234536e-07
-2.432126212448562974e+00 2.648757754242358693e-07
-2.414685475214370491e+00 1.720791472646275642e-07
-2.397244737980178009e+00 1.101798001658093468e-07
-2.379804000745985526e+00 6.952339656901725262e-08
-2.362363263511793043e+00 4.323008909243783966e-08
-2.344922526277600561e+00 2.648752439028468358e-08
-2.327481789043408078e+00 1.599091903850115607e-08
-2.310041051809215595e+00 9.511774450433612519e-09
-2.292600314575023113e+00 5.574260394136837386e-09
-2.275159577340830630e+00 3.218356328517969477e-09
-2.257718840106641700e+00 1.830575225891377715e-09
-2.240278102872449217e+00 1.025733822734358416e-09
-2.222837365638256735e+00 5.661922840458417149e-10
-2.205396628404064252e+00 3.078684864437832879e-10
-2.187955891169871769e+00 1.649033807942119141e-10
-2.170515153935679287e+00 8.700595273953306658e-11
-2.153074416701486804e+00 4.521852929569615421e-11
-2.135633679467294321e+00 2.314865431129027944e-11
-2.118192942233101839e+00 1.167270292686866301e-11
-2.100752204998909356e+00 5.797605245196353021e-12
-2.083311467764716873e+00 2.836306112107380253e-12
-2.065870730530524391e+00 1.366724688592015063e-12
-2.048429993296331908e+00 6.486779403124712740e-13
-2.030989256062139425e+00 3.032455472627157185e-13
-2.013548518827946943e+00 1.396285922512974174e-13
-1.996107781593754460e+00 6.332374979867972648e-14
-1.978667044359561977e+00 2.828584850566053590e-14
-1.961226307125369495e+00 1.244458279203058344e-14
-1.943785569891180565e+00 5.392602967614630129e-15
-1.926344832656988082e+00 2.301559156941727106e-15
-1.908904095422795599e+00 9.674982923914189713e-16
-1.891463358188603117e+00 4.005728996501304159e-16
-1.874022620954410634e+00 1.633485418750481432e-16
-1.856581883720218151e+00 6.560704262295804601e-17
-1.839141146486025669e+00 2.595293153586980969e-17
-1.821700409251833186e+00 1.011166065720980942e-17
-1.804259672017640703e+00 3.880235453559399487e-18
-1.786818934783448221e+00 1.466535868123224533e-18
-1.769378197549255738e+00 5.459160519844922959e-19
-1.751937460315063255e+00 2.001507424740520976e-19
-1.734496723080870773e+00 7.227471028483697312e-20
-1.717055985846678290e+00 2.570472806701546707e-20
-1.699615248612485807e+00 9.004029138046849976e-21
-1.682174511378293325e+00 3.106402652303806053e-21
-1.664733774144100842e+00 1.055541630490421525e-21
-1.647293036909908359e+00 3.532560059596731870e-22
-1.629852299675719429e+00 1.164394493695278715e-22
-1.612411562441526947e+00 3.780132195394210537e-23
-1.594970825207334464e+00 1.208676216199310877e-23
-1.577530087973141981e+00 3.806352985074086621e-24
-1.560089350738949499e+00 1.180604315690159839e-24
-1.542648613504757016e+00 3.606588236985452221e-25
-1.525207876270564533e+00 1.085145784759488469e-25
-1.507767139036372050e+00 3.215787483302442490e-26
-1.490326401802179568e+00 9.386918923723505053e-27
-1.472885664567987085e+00 2.699570457570256906e-27
-1.455444927333794602e+00 7.655096220170391491e-28
-1.438004190099602120e+00 2.146490519893096375e-28
-1.420563452865409637e+00 6.012332574709873702e-29
-1.403122715631217154e+00 1.742282754530224789e-29
-1.385681978397024672e+00 5.793872652926001965e-30
-1.368241241162832189e+00 2.670164403648106271e-30
-1.350800503928639706e+00 1.842808015203562489e-30
-1.333359766694447224e+00 1.629344263155216451e-30
-1.315919029460258294e+00 1.580162178973737234e-30
-1.298478292226065811e+00 1.576044381086873144e-30
-1.281037554991873328e+00 1.584820689185006351e-30
-1.263596817757680846e+00 1.596835306002467746e-30
-1.246156080523488363e+00 1.608162460512727752e-30
-1.228715343289295880e+00 1.616372153357761119e-30
-1.211274606055103398e+00 1.619540950102994150e-30
-1.193833868820910915e+00 1.616083796025603015e-30
-1.176393131586718432e+00 1.604781663791214614e-30
-1.158952394352525950e+00 1.584842364588812993e-30
-1.141511657118333467e+00 1.555949133905655554e-30
-1.124070919884140984e+00 1.518281714827470375e-30
-1.106630182649948502e+00 1.472503713463540990e-30
-1.089189445415756019e+00 1.419714530485710359e-30
-1.071748708181563536e+00 1.361368016451841841e-30
-1.054307970947371054e+00 1.299163718737823705e-30
-1.036867233713178571e+00 1.234919894935938946e-30
-1.019426496478986088e+00 1.170439890924058432e-30
-1.001985759244797158e+00 1.107384605275785337e-30
-9.845450220106046757e-01 1.047163337846659972e-30
-9.671042847764121930e-01 9.908533302863379588e-31
-9.496635475422197104e-01 9.391549740409265039e-31
-9.322228103080272277e-01 8.923854255610095540e-31
-9.147820730738347450e-01 8.505088149555113438e-31
-8.973413358396422623e-01 8.131970038589901534e-31
-8.799005986054497797e-01 7.799115328665084799e-31
-8.624598613712572970e-01 7.499954467891148137e-31
-8.450191241370648143e-01 7.227633310596937611e-31
-8.275783869028723316e-01 6.975791206698884274e-31
-8.101376496686798490e-01 6.739138004757723010e-31
-7.926969124344873663e-01 6.513785584111384188e-31
-7.752561752002948836e-01 6.297327255361109633e-31
-7.578154379661024009e-01 6.088693665727095493e-31
-7.403747007319099183e-01 5.887841750778076359e-31
-7.229339634977174356e-01 5.695350321448057850e-31
-7.054932262635249529e-01 5.512000537848540102e-31
-6.880524890293360230e-01 5.338412286814065030e-31
-6.706117517951435403e-01 5.174790582495356353e-31
-6.531710145609510576e-01 5.020812995885889444e-31
-6.357302773267585749e-01 4.875663775657721106e-31
-6.182895400925660923e-01 4.738196595017704219e-31
-6.008488028583736096e-01 4.607188893493733165e-31
-5.834080656241811269e-01 4.481638664905229639e-31
-5.659673283899886442e-01 4.361050170073209718e-31
-5.485265911557961616e-01 4.245658211383737087e-31
-5.310858539216036789e-01 4.136550199745345963e-31
-5.136451166874111962e-01 4.035659592641901245e-31
-4.962043794532187135e-01 3.945621417431799619e-31
-4.787636422190262309e-01 3.869498504062936012e-31
-4.613229049848337482e-01 3.810403844491300729e-31
-4.438821677506412655e-01 3.771058501594563439e-31
-4.264414305164487828e-01 3.753334318986602573e-31
-4.090006932822563002e-01 3.757835282002135164e-31
-3.915599560480638175e-01 3.783570105153009891e-31
-3.741192188138748875e-01 3.827761330061831389e-31
-3.566784815796824049e-01 3.885823362900850798e-31
-3.392377443454899222e-01 3.951524567346448500e-31
-3.217970071112974395e-01 4.017328497658743982e-31
-3.043562698771049568e-01 4.074888853711643066e-31
-2.869155326429124742e-01 4.115654278009062421e-31
-2.694747954087199915e-01 4.131525137037911395e-31
-2.520340581745275088e-01 4.115496933790362559e-31
-2.345933209403350261e-01 4.062225191587303675e-31
-2.171525837061425435e-01 3.968454703409886607e-31
-1.997118464719500608e-01 3.833271011497899537e-31
-1.822711092377575781e-01 3.658151916872165019e-31
-1.648303720035650954e-01 3.446819045463347585e-31
-1.473896347693726128e-01 3.204911042541689923e-31
-1.299488975351801301e-01 2.939518025525810470e-31
-1.125081603009876474e-01 2.658629297998882315e-31
-9.506742306679516474e-02 2.370551741586501248e-31
-7.762668583260268207e-02 2.083354558432420652e-31
-6.018594859841375211e-02 1.804387969365938408e-31
-4.274521136422126943e-02 1.539910735876815391e-31
-2.530447413002878676e-02 1.294846110816209919e-31
-7.863736895836304086e-03 1.072670284896611301e-31
9.577000338356178588e-03 8.754235878844003102e-32
2.701773757254866126e-02 7.038241111038364631e-32
4.445847480674114394e-02 5.574568606337505307e-32
6.189921204093362661e-02 4.350091617844203612e-32
7.933994927512610928e-02 3.345243574974368872e-32
9.678068650931859196e-02 2.536500000707777208e-32
1.142214237435110746e-01 1.898626387479085518e-32
1.316621609777035573e-01 1.406578531467367668e-32
1.491028982118960400e-01 1.037004169792709506e-32
1.665436354460885227e-01 7.693468660233436857e-33
1.839843726802810053e-01 5.865906957390842984e-33
2.014251099144734880e-01 4.757058985142954924e-33
2.188658471486659707e-01 4.278620794378245977e-33
2.363065843828584534e-01 4.384692157289677788e-33
2.537473216170473833e-01 5.070911251190159063e-33
2.711880588512398660e-01 6.372551326290009602e-33
2.886287960854323487e-01 8.361594573520174548e-33
3.060695333196248313e-01 1.114260158029337371e-32
3.235102705538173140e-01 1.484705751627620335e-32
3.409510077880097967e-01 1.962582682278822287e-32
3.583917450222022794e-01 2.563940661482768735e-32
3.758324822563947620e-01 3.304584379455463439e-32
3.932732194905872447e-01 4.198646590955731917e-32
4.107139567247797274e-01 5.256994753563548622e-32
4.281546939589722101e-01 6.485565034413933540e-32
4.455954311931646927e-01 7.883757708247366382e-32
4.630361684273571754e-01 9.443059696292840204e-32
4.804769056615496581e-01 1.114607595280574382e-31
4.979176428957421408e-01 1.296614528571522844e-31
5.153583801299346234e-01 1.486768402432496870e-31
5.327991173641271061e-01 1.680734230381619353e-31
5.502398545983195888e-01 1.873597657211933747e-31
5.676805918325085187e-01 2.060134667446998191e-31
5.851213290667010014e-01 2.235134872594508074e-31
6.025620663008934841e-01 2.393751030449502862e-31
6.200028035350859668e-01 2.531841656430634547e-31
6.374435407692784494e-01 2.646271631681170915e-31
6.548842780034709321e-01 2.735138257050361285e-31
6.723250152376634148e-01 2.797897237262142074e-31
6.897657524718558975e-01 2.835373868473521274e-31
7.072064897060483801e-01 2.849657854316806284e-31
7.246472269402408628e-01 2.843893848529128528e-31
7.420879641744333455e-01 2.821992021239925991e-31
7.595287014086258282e-01 2.788291861535134775e-31
7.769694386428183108e-01 2.747216752472913747e-31
7.944101758770107935e-01 2.702956007411370453e-31
8.118509131112032762e-01 2.659205286662496493e-31
8.292916503453957588e-01 2.618986644415998555e-31
8.467323875795882415e-01 2.584557496080690700e-31
8.641731248137807242e-01 2.557405451669106186e-31
8.816138620479696542e-01 2.538315107088440465e-31
8.990545992821621368e-01 2.527485061319765964e-31
9.164953365163546195e-01 2.524669606494154026e-31
9.339360737505471022e-01 2.529320008018420077e-31
9.513768109847395849e-01 2.540704659353713508e-31
9.688175482189320675e-01 2.557994696105951642e-31
9.862582854531245502e-01 2.580310539660811309e-31
1.003699022687317033e+00 2.606733808325077597e-31
1.021139759921509516e+00 2.636296648763659610e-31
1.038580497155701998e+00 2.667965627582528386e-31
1.056021234389894481e+00 2.700639107339297163e-31
1.073461971624086964e+00 2.733175218291288239e-31
1.090902708858279446e+00 2.764462333660448652e-31
1.108343446092471929e+00 2.793536039388815582e-31
1.125784183326664412e+00 2.819737030100342794e-31
1.143224920560856894e+00 2.842894509461917319e-31
1.160665657795049377e+00 2.863511001824545595e-31
1.178106395029241860e+00 2.882918424095570110e-31
1.195547132263430790e+00 2.903373022740446916e-31
1.212987869497623272e+00 2.928059141744883509e-31
1.230428606731815755e+00 2.960978986310274063e-31
1.247869343966008238e+00 3.006717165579209294e-31
1.265310081200200720e+00 3.070083750361549659e-31
1.282750818434393203e+00 3.155656192933630930e-31
1.300191555668585686e+00 3.267256630377389339e-31
1.317632292902778168e+00 3.407414567950260008e-31
1.335073030136970651e+00 3.576873589235576512e-31
1.352513767371163134e+00 3.774202894687455412e-31
1.369954504605355616e+00 3.995569196891903921e-31
1.387395241839548099e+00 4.234711806131101354e-31
1.404835979073740582e+00 4.483144650475842028e-31
1.422276716307933064e+00 4.730585472693182637e-31
1.439717453542125547e+00 4.965587255014142011e-31
1.457158190776318030e+00 5.176323164049234465e-31
1.474598928010510512e+00 5.351457074834984914e-31
1.492039665244702995e+00 5.481019640041716933e-31
1.509480402478891925e+00 5.557206655587470588e-31
1.526921139713084408e+00 5.575022718300071089e-31
1.544361876947276890e+00 5.532708191200313732e-31
1.561802614181469373e+00 5.431909427544228333e-31
1.579243351415661856e+00 5.277578294073078771e-31
1.596684088649854338e+00 5.077614028159616533e-31
1.614124825884046821e+00 4.842285110880462001e-31
1.631565563118239304e+00 4.583488351705697562e-31
1.649006300352431786e+00 4.313914810574500451e-31
1.666447037586624269e+00 4.046196632697950270e-31
1.683887774820816752e+00 3.792105529996207821e-31
1.701328512055009234e+00 3.561863647628983371e-31
1.718769249289201717e+00 3.363612723579582069e-31
1.736209986523394200e+00 3.203069973280635004e-31
1.753650723757586682e+00 3.083381359565808786e-31
1.771091460991779165e+00 3.005167633932870963e-31
1.788532198225971648e+00 2.966751211292965200e-31
1.805972935460164130e+00 2.964570637006944581e-31
1.823413672694353060e+00 2.993906071286334265e-31
1.840854409928545543e+00 3.050546574518042032e-31
1.858295147162738026e+00 3.136105370386582784e-31
1.875735884396930508e+00 3.277992678222098452e-31
1.893176621631122991e+00 3.607731762109090865e-31
1.910617358865315474e+00 4.667856148842539749e-31
1.928058096099507956e+00 8.599972860884392786e-31
1.945498833333700439e+00 2.367570759729397781e-30
1.962939570567892922e+00 8.130927659690255976e-30
1.980380307802085404e+00 2.989389485802749754e-29
1.997821045036277887e+00 1.108813616453719675e-28
2.015261782270470370e+00 4.077373448709529141e-28
2.032702519504662853e+00 1.479380931810204625e-27
2.050143256738855335e+00 5.289335434669095591e-27
2.067583993973047818e+00 1.862919103413859041e-26
2.085024731207240301e+00 6.462765286524782614e-26
2.102465468441432783e+00 2.208329034470053841e-25
2.119906205675625266e+00 7.432380428292946500e-25
2.137346942909814196e+00 2.463830844147622267e-24
2.154787680144006679e+00 8.044765616289650503e-24
2.172228417378199161e+00 2.587238251045658300e-23
2.189669154612391644e+00 8.195605371527755811e-23
2.207109891846584127e+00 2.557103867178988328e-22
2.224550629080776609e+00 7.858498901075296323e-22
2.241991366314969092e+00 2.378789183611950718e-21
2.259432103549161575e+00 7.092489976385911161e-21
2.276872840783354057e+00 2.082904056900685382e-20
2.294313578017546540e+00 6.025165227879375935e-20
2.311754315251739023e+00 1.716719253172730935e-19
2.329195052485931505e+00 4.817943935230341075e-19
2.346635789720123988e+00 1.331858070941000790e-18
2.364076526954316471e+00 3.626515659817341520e-18
2.381517264188508953e+00 9.726538559162323313e-18
2.398958001422701436e+00 2.569603016014264975e-17
2.416398738656893919e+00 6.686742857862602966e-17
2.433839475891086401e+00 1.713981276867803481e-16
2.451280213125275331e+00 4.327553787772015995e-16
2.468720950359467814e+00 1.076281845950636428e-15
2.486161687593660297e+00 2.636689514999769992e-15
2.503602424827852779e+00 6.362734755555742138e-15
2.521043162062045262e+00 1.512456985881574345e-14
2.538483899296237745e+00 3.541435210281356362e-14
2.555924636530430227e+00 8.168370674694327325e-14
2.573365373764622710e+00 1.855899302555702788e-13
2.590806110998815193e+00 4.153740369194631834e-13
2.608246848233007675e+00 9.157850884149583595e-13
2.625687585467200158e+00 1.988934951334433490e-12
2.643128322701392641e+00 4.255240458526385306e-12
2.660569059935585123e+00 8.968258229144767165e-12
2.678009797169777606e+00 1.861987600547250953e-11
2.695450534403970089e+00 3.808330538155070679e-11
2.712891271638162571e+00 7.673375504696781190e-11
2.730332008872355054e+00 1.523131371633592886e-10
2.747772746106547537e+00 2.978467537112488625e-10
2.765213483340736467e+00 5.737978042068320895e-10
2.782654220574928949e+00 1.089034789164544013e-09
2.800094957809121432e+00 2.036330846859263870e-09
2.817535695043313915e+00 3.751336706139491439e-09
2.834976432277506397e+00 6.808679430513676523e-09
2.852417169511698880e+00 1.217552091426492698e-08
2.869857906745891363e+00 2.145208343591901371e-08
2.887298643980083845e+00 3.724079438299080722e-08
2.904739381214276328e+00 6.370112765690628407e-08
2.922180118448468811e+00 1.073658697187506656e-07
2.939620855682661293e+00 1.783157349119917266e-07
2.957061592916853776e+00 2.918313867541377703e-07
2.974502330151046259e+00 4.706621262276190246e-07
2.991943067385238741e+00 7.480644060723480863e-07
3.009383804619431224e+00 1.171764921108004816e-06
3.026824541853623707e+00 1.808984861325939754e-06
3.044265279087816189e+00 2.752615690053873913e-06
3.061706016322008672e+00 4.128554461746272062e-06
3.079146753556197602e+00 6.104082061260980772e-06
3.096587490790390085e+00 8.896998691815910545e-06
3.114028228024582567e+00 1.278502169851562975e-05
3.131468965258775050e+00 1.811471415092568530e-05
3.148909702492967533e+00 2.530897119326416868e-05
3.166350439727160015e+00 3.487187755182515091e-05
3.183791176961352498e+00 4.738960415709061726e-05
3.201231914195544981e+00 6.352597845752241490e-05
3.218672651429737464e+00 8.401148239733828105e-05
3.236113388663929946e+00 1.096247335865008096e-04
3.253554125898122429e+00 1.411659984358628575e-04
3.270994863132314912e+00 1.794229535442951366e-04
3.288435600366507394e+00 2.251297053046947129e-04
3.305876337600699877e+00 2.789209200493287621e-04
3.323317074834892360e+00 3.412837084419685055e-04
3.340757812069084842e+00 4.125105393869480221e-04
3.358198549303277325e+00 4.926568293509104917e-04
3.375639286537469808e+00 5.815068873835296933e-04
3.393080023771658738e+00 6.785515602689614354e-04
3.410520761005851220e+00 7.829802326209805985e-04
3.427961498240043703e+00 8.936888605513485092e-04
3.445402235474236186e+00 1.009304563073352414e-03
3.462842972708428668e+00 1.128226093860835522e-03
3.480283709942621151e+00 1.248678398406632148e-03
3.497724447176813634e+00 1.368778535800546257e-03
3.515165184411006116e+00 1.486609577086898948e-03
3.532605921645198599e+00 1.600298701152833274e-03
3.550046658879391082e+00 1.708095566381553822e-03
3.567487396113583564e+00 1.808447082548982759e-03
3.584928133347776047e+00 1.900064873457439976e-03
3.602368870581968530e+00 1.981981950794601752e-03
3.619809607816161012e+00 2.053595390229585264e-03
3.637250345050353495e+00 2.114692130179515218e-03
3.654691082284545978e+00 2.165455459240407578e-03
3.672131819518738460e+00 2.206450400658256997e-03
3.689572556752930943e+00 2.238587120516881412e-03
3.707013293987119873e+00 2.263062728660600320e-03
3.724454031221312356e+00 2.281283397677773793e-03
3.741894768455504838e+00 2.294770508784457937e-03
3.759335505689697321e+00 2.305056376322851125e-03
3.776776242923889804e+00 2.313576768710074675e-03
3.794216980158082286e+00 2.321568658767163198e-03
3.811657717392274769e+00 2.329982132155155716e-03
3.829098454626467252e+00 2.339414948541026704e-03
3.846539191860659734e+00 2.350076783240483743e-03
3.863979929094852217e+00 2.361787720417566055e-03
3.881420666329044700e+00 2.374012327768055316e-03
3.898861403563237182e+00 2.385926972612324899e-03
3.916302140797429665e+00 2.396514404084871229e-03
3.933742878031622148e+00 2.404676528850606225e-03
3.951183615265814630e+00 2.409354207599569316e-03
3.968624352500007113e+00 2.409642127793684089e-03
3.986065089734199596e+00 2.404887501967609489e-03
4.003505826968392078e+00 2.394763409611843415e-03
4.020946564202581008e+00 2.379310733804125468e-03
4.038387301436773491e+00 2.358946361959574512e-03
4.055828038670965974e+00 2.334439060268955844e-03
4.073268775905158456e+00 2.306857649591182759e-03
4.090709513139350939e+00 2.277498381228113943e-03
4.108150250373543422e+00 2.247799502122905732e-03
4.125590987607735904e+00 2.219250906869855555e-03
4.143031724841928387e+00 2.193305710325524089e-03
4.160472462076120870e+00 2.171298909827230374e-03
4.177913199310313352e+00 2.154376480244430108e-03
4.195353936544505835e+00 2.143436668308799226e-03
4.212794673778698318e+00 2.139084215161408953e-03
4.230235411012890800e+00 2.141597849065627127e-03
4.247676148247083283e+00 2.150911569682160962e-03
4.265116885481275766e+00 2.166610741586908872e-03
4.282557622715468248e+00 2.187944481424302159e-03
4.299998359949660731e+00 2.213855908775997413e-03
4.317439097183853214e+00 2.243031272787555496e-03
4.334879834418042144e+00 2.273967665184912796e-03
4.352320571652234626e+00 2.305057086414012343e-03
4.369761308886427109e+00 2.334682338079998275e-03
4.387202046120619592e+00 2.361318002605006759e-03
4.404642783354812074e+00 2.383628120938027003e-03
4.422083520589004557e+00 2.400551517908083073e-03
4.439524257823197040e+00 2.411366327044085246e-03
4.456964995057389523e+00 2.415727184579130951e-03
4.474405732291582005e+00 2.413671598331523262e-03
4.491846469525774488e+00 2.405595726499177179e-03
4.509287206759966971e+00 2.392203641643692903e-03
4.526727943994159453e+00 2.374437469424798587e-03
4.544168681228351936e+00 2.353398006592349965e-03
4.561609418462544419e+00 2.330266138119394502e-03
4.579050155696736901e+00 2.306234442314545989e-03
4.596490892930929384e+00 2.282455936657231885e-03
4.613931630165121867e+00 2.260013387459677142e-03
4.631372367399314349e+00 2.239908596216626940e-03
4.648813104633503279e+00 2.223067291656538342e-03
4.666253841867695762e+00 2.210352373482207464e-03
4.683694579101888245e+00 2.202576791002768420e-03
4.701135316336080727e+00 2.200507566528062293e-03
4.718576053570273210e+00 2.204854358743568287e-03
4.736016790804465693e+00 2.216239179748770612e-03
4.753457528038658175e+00 2.235147869850532144e-03
4.770898265272850658e+00 2.261868001303465360e-03
4.788339002507043141e+00 2.296421320741280202e-03
4.805779739741235623e+00 2.338501057570761734e-03
4.823220476975428106e+00 2.387425040871924645e-03
4.840661214209620589e+00 2.442114467366055582e-03
4.858101951443813071e+00 2.501105510375695260e-03
4.875542688678005554e+00 2.562597152445284920e-03
4.892983425912198037e+00 2.624534219381927536e-03
4.910424163146390519e+00 2.684720210960299825e-03
4.927864900380583002e+00 2.740950750088092143e-03
4.945305637614775485e+00 2.791155780367279935e-03
4.962746374848964415e+00 2.833537335848516220e-03
4.980187112083156897e+00 2.866689898645580215e-03
4.997627849317349380e+00 2.889691975695574469e-03
5.015068586551541863e+00 2.902160332305218048e-03
5.032509323785734345e+00 2.904261967504904313e-03
5.049950061019926828e+00 2.896682986697745026e-03
5.067390798254119311e+00 2.880557583183417526e-03
5.084831535488311793e+00 2.857363969880149200e-03
5.102272272722504276e+00 2.828796958399589900e-03
5.119713009956696759e+00 2.796628712689189136e-03
5.137153747190889241e+00 2.762569874558727396e-03
5.154594484425081724e+00 2.728142762584447219e-03
5.172035221659274207e+00 2.694576803314058678e-03
5.189475958893466689e+00 2.662733990637325670e-03
5.206916696127659172e+00 2.633069286475104957e-03
5.224357433361851655e+00 2.605627805385157553e-03
5.241798170596044137e+00 2.580077681648184143e-03
5.259238907830236620e+00 2.555774952004148930e-03
5.276679645064425550e+00 2.531854758142648102e-03
5.294120382298618033e+00 2.507341731279740926e-03
5.311561119532810515e+00 2.481271522069416081e-03
5.329001856767002998e+00 2.452814975328632737e-03
5.346442594001195481e+00 2.421396297672309683e-03
5.363883331235387963e+00 2.386796638666288748e-03
5.381324068469580446e+00 2.349234787820979851e-03
5.398764805703772929e+00 2.309417256562101665e-03
5.416205542937965411e+00 2.268551019745602450e-03
5.433646280172157894e+00 2.228313823700691417e-03
5.451087017406350377e+00 2.190779385692601024e-03
5.468527754640542859e+00 2.158298069627551021e-03
5.485968491874735342e+00 2.133337618093453930e-03
5.503409229108927825e+00 2.118292948931241228e-03
5.520849966343120307e+00 2.115278396024326130e-03
5.538290703577312790e+00 2.125919467357656467e-03
5.555731440811505273e+00 2.151163550027717156e-03
5.573172178045697756e+00 2.191129435662890305e-03
5.590612915279886685e+00 2.245013698537533069e-03
5.608053652514079168e+00 2.311067762741805896e-03
5.625494389748271651e+00 2.386653229203717936e-03
5.642935126982464134e+00 2.468375330225343247e-03
5.660375864216656616e+00 2.552286145578688391e-03
5.677816601450849099e+00 2.634141505293506255e-03
5.695257338685041582e+00 2.709689361905718869e-03
5.712698075919234064e+00 2.774963699874362106e-03
5.730138813153426547e+00 2.826557298238140288e-03
5.747579550387619030e+00 2.861848993441651594e-03
5.765020287621811512e+00 2.879166181167363506e-03
5.782461024856003995e+00 2.877870437551654451e-03
5.799901762090196478e+00 2.858362345756952291e-03
5.817342499324388960e+00 2.822009783775706552e-03
5.834783236558581443e+00 2.771011024820862687e-03
5.852223973792773926e+00 2.708209203870892007e-03
5.869664711026966408e+00 2.636877528875362486e-03
5.887105448261158891e+00 2.560494965919978081e-03
5.904546185495347821e+00 2.482530277861061570e-03
5.921986922729540304e+00 2.406248810542067646e-03
5.939427659963732786e+00 2.334552032742831171e-03
5.956868397197925269e+00 2.269855304331813532e-03
5.974309134432117752e+00 2.214005322776225245e-03
5.991749871666310234e+00 2.168235624114361881e-03
6.009190608900502717e+00 2.133156574889335123e-03
6.026631346134695200e+00 2.108775417197194125e-03
6.044072083368887682e+00 2.094541853178556994e-03
6.061512820603080165e+00 2.089415004538801475e-03
6.078953557837272648e+00 2.091947980796949550e-03
6.096394295071465130e+00 2.100386451258554488e-03
6.113835032305657613e+00 2.112777407443244652e-03
6.131275769539850096e+00 2.127083764026090323e-03
6.148716506774042578e+00 2.141299761802874842e-03
6.166157244008235061e+00 2.153561572485897246e-03
6.183597981242427544e+00 2.162247328787901806e-03
6.201038718476620026e+00 2.166061200693309135e-03
6.218479455710808956e+00 2.164097159820801801e-03
6.235920192945001439e+00 2.155879612588519709e-03
6.253360930179193922e+00 2.141379901613488408e-03
6.270801667413386404e+00 2.121009462578921003e-03
6.288242404647578887e+00 2.095591876076481272e-03
6.305683141881771370e+00 2.066316950458645281e-03
6.323123879115963852e+00 2.034680233255233353e-03
6.340564616350156335e+00 2.002411056964352454e-03
6.358005353584348818e+00 1.971391601008569590e-03
6.375446090818541300e+00 1.943568797517119086e-03
6.392886828052733783e+00 1.920860528149390253e-03
6.410327565286926266e+00 1.905057676948748073e-03
6.427768302521118748e+00 1.897724303492306095e-03
6.445209039755311231e+00 1.900099395562950379e-03
6.462649776989503714e+00 1.913005109173829005e-03
6.480090514223696196e+00 1.936767757976022054e-03
6.497531251457888679e+00 1.971158695221256630e-03
6.514971988692077609e+00 2.015362313248836735e-03
6.532412725926270092e+00 2.067977465982983459e-03
6.549853463160462574e+00 2.127056667368539336e-03
6.567294200394655057e+00 2.190184582474155248e-03
6.584734937628847540e+00 2.254593914720078810e-03
6.602175674863040022e+00 2.317313213723398886e-03
6.619616412097232505e+00 2.375337831317810098e-03
6.637057149331424988e+00 2.425812651868874265e-03
6.654497886565617470e+00 2.466213636326110813e-03
6.671938623799809953e+00 2.494514832285509368e-03
6.689379361034002436e+00 2.509328348478608722e-03
6.706820098268194918e+00 2.510006761139588378e-03
6.724260835502387401e+00 2.496700282636115167e-03
6.741701572736579884e+00 2.470364470166322608e-03
6.759142309970772367e+00 2.432717938142254892e-03
6.776583047204964849e+00 2.386153122394157108e-03
6.794023784439157332e+00 2.333606331406191340e-03
6.811464521673349815e+00 2.278395884454056334e-03
6.828905258907538744e+00 2.224038940539322003e-03
6.846345996141731227e+00 2.174058616653600558e-03
6.863786733375923710e+00 2.131793210428287958e-03
6.881227470610116193e+00 2.100218872882830736e-03
6.898668207844308675e+00 2.081796050691945774e-03
6.916108945078501158e+00 2.078348575606172796e-03
6.933549682312693641e+00 2.090982556962720212e-03
6.950990419546886123e+00 2.120050352604998644e-03
6.968431156781078606e+00 2.165162962460402164e-03
6.985871894015271089e+00 2.225252313638603850e-03
7.003312631249463571e+00 2.298683202122845520e-03
7.020753368483656054e+00 2.383413255505516942e-03
7.038194105717848537e+00 2.477198322842408089e-03
7.055634842952041019e+00 2.577840301411067191e-03
7.073075580186233502e+00 2.683474632190993060e-03
7.090516317420425985e+00 2.792895474337744530e-03
7.107957054654618467e+00 2.905917672478137460e-03
7.125397791888810950e+00 3.023775627377892506e-03
7.142838529122999880e+00 3.149559443519227980e-03
7.160279266357192363e+00 3.288687489465339561e-03
7.177720003591384845e+00 3.449410970674763200e-03
7.195160740825577328e+00 3.643339608282940290e-03
7.212601478059769811e+00 3.885967685997127313e-03
7.230042215293962293e+00 4.197166726587396590e-03
7.247482952528154776e+00 4.601595723354860376e-03
7.264923689762347259e+00 5.128963792672154749e-03
7.282364426996539741e+00 5.814065719151023659e-03
7.299805164230732224e+00 6.696501162320958427e-03
7.317245901464924707e+00 7.819986660967021691e-03
7.334686638699117189e+00 9.231179298667322591e-03
7.352127375933309672e+00 1.097795462109361041e-02
7.369568113167502155e+00 1.310712048058557122e-02
7.387008850401694637e+00 1.566160239184603842e-02
7.404449587635887120e+00 1.867720180583386583e-02
7.421890324870079603e+00 2.217910093769808258e-02
7.439331062104272085e+00 2.617835845150083898e-02
7.456771799338461015e+00 3.066869957756406667e-02
7.474212536572653498e+00 3.562394148408013633e-02
7.491653273806845981e+00 4.099639997477369513e-02
7.509094011041038463e+00 4.671658924484895642e-02
7.526534748275230946e+00 5.269444898116902587e-02
7.543975485509423429e+00 5.882221449042940309e-02
7.561416222743615911e+00 6.497889396245006000e-02
7.578856959977808394e+00 7.103614671234376177e-02
7.596297697212000877e+00 7.686518653413387803e-02
7.613738434446193359e+00 8.234418717025947243e-02
7.631179171680385842e+00 8.736556423322197618e-02
7.648619908914578325e+00 9.184246809409951640e-02
7.666060646148770807e+00 9.571385697022616323e-02
7.683501383382963290e+00 9.894763119137066354e-02
7.700942120617155773e+00 1.015414903797660640e-01
7.718382857851348255e+00 1.035214067438410823e-01
7.735823595085540738e+00 1.049378631487439678e-01
7.753264332319733221e+00 1.058602523025246184e-01
7.770705069553922151e+00 1.063700407738822212e-01
7.788145806788114633e+00 1.065534401235595230e-01
7.805586544022307116e+00 1.064943770261872064e-01
7.823027281256499599e+00 1.062685063374840394e-01
7.840468018490692081e+00 1.059388703052386166e-01
7.857908755724884564e+00 1.055535910930564536e-01
7.875349492959077047e+00 1.051457206253452042e-01
7.892790230193269529e+00 1.047350962700853427e-01
7.910230967427462012e+00 1.043317995620181571e-01
7.927671704661654495e+00 1.039406210466214397e-01
7.945112441895846978e+00 1.035658222582648696e-01
7.962553179130039460e+00 1.032154691571379179e-01
7.979993916364231943e+00 1.029046901910524864e-01
7.997434653598424426e+00 1.026573738332351160e-01
8.014875390832617796e+00 1.025060416242830619e-01
8.032316128066810279e+00 1.024898830072004524e-01
8.049756865301002762e+00 1.026511845500372444e-01
8.067197602535195244e+00 1.030305973714598367e-01
8.084638339769384174e+00 1.036618374823062155e-01
8.102079077003576657e+00 1.045664878823657495e-01
8.119519814237769140e+00 1.057495624538818263e-01
8.136960551471961622e+00 1.071964041648604954e-01
8.154401288706154105e+00 1.088713371253072493e-01
8.171842025940346588e+00 1.107182937840623799e-01
8.189282763174539070e+00 1.126634192301694259e-01
8.206723500408731553e+00 1.146194394726601090e-01
8.224164237642924036e+00 1.164913933033823457e-01
8.241604974877116518e+00 1.181831874033606455e-01
8.259045712111309001e+00 1.196043553771455603e-01
8.276486449345501484e+00 1.206763900614654939e-01
8.293927186579693966e+00 1.213380740296186727e-01
8.311367923813886449e+00 1.215493478457077420e-01
8.328808661048078932e+00 1.212934152478334499e-01
8.346249398282271414e+00 1.205769703106336077e-01
8.363690135516463897e+00 1.194286223690076004e-01
8.381130872750656380e+00 1.178957684474657847e-01
8.398571609984845310e+00 1.160403007865605379e-01
8.416012347219037792e+00 1.139336240884602086e-01
8.433453084453230275e+00 1.116514851454887547e-01
8.450893821687422758e+00 1.092690860267942488e-01
8.468334558921615240e+00 1.068568681728978009e-01
8.485775296155807723e+00 1.044772325359368814e-01
8.503216033390000206e+00 1.021823190333184528e-01
8.520656770624192689e+00 1.000128278355401218e-01
8.538097507858385171e+00 9.799774514186963825e-02
8.555538245092577654e+00 9.615475288693994815e-02
8.572978982326770137e+00 9.449106470619936249e-02
8.590419719560962619e+00 9.300444120614692611e-02
8.607860456795155102e+00 9.168419004396945182e-02
8.625301194029347585e+00 9.051203774742691555e-02
8.642741931263540067e+00 8.946285340137984099e-02
8.660182668497732550e+00 8.850529066827568514e-02
8.677623405731925033e+00 8.760247729112681514e-02
8.695064142966117515e+00 8.671290819895131896e-02
8.712504880200306445e+00 8.579168441353553221e-02
8.729945617434498928e+00 8.479218773040571311e-02
8.747386354668691411e+00 8.366820048660206233e-02
8.764827091902883893e+00 8.237638597320044720e-02
8.782267829137076376e+00 8.087895618222801231e-02
8.799708566371268859e+00 7.914628688324081007e-02
8.817149303605461341e+00 7.715920888034148717e-02
8.834590040839653824e+00 7.491071568120609425e-02
8.852030778073846307e+00 7.240688101563597101e-02
8.869471515308038789e+00 6.966686648648982849e-02
8.886912252542231272e+00 6.672200606168732229e-02
8.904352989776423755e+00 6.361406289188915875e-02
8.921793727010616237e+00 6.039284789483295030e-02
8.939234464244808720e+00 5.711345467529291287e-02
8.956675201479001203e+00 5.383339314720162611e-02
8.974115938713193685e+00 5.060989284789767922e-02
8.991556675947386168e+00 4.749760099197136015e-02
9.008997413181578651e+00 4.454682944331122413e-02
9.026438150415767581e+00 4.180242142898176610e-02
9.043878887649960063e+00 3.930322573322199420e-02
9.061319624884152546e+00 3.708209418756154563e-02
9.078760362118345029e+00 3.516626510310442294e-02
9.096201099352537511e+00 3.357796465068930980e-02
9.113641836586729994e+00 3.233505040952482090e-02
9.131082573820922477e+00 3.145153419568022524e-02
9.148523311055114959e+00 3.093785129663803937e-02
9.165964048289307442e+00 3.080078638604899846e-02
9.183404785523499925e+00 3.104301872357176015e-02
9.200845522757692407e+00 3.166230682319810114e-02
9.218286259991884890e+00 3.265039130421424490e-02
9.235726997226077373e+00 3.399174903748952703e-02
9.253167734460269855e+00 3.566237594313804299e-02
9.270608471694462338e+00 3.762880329498070886e-02
9.288049208928654821e+00 3.984755694444259283e-02
9.305489946162847303e+00 4.226524606563139552e-02
9.322930683397039786e+00 4.481941665207863496e-02
9.340371420631228716e+00 4.744022820811959196e-02
9.357812157865421199e+00 5.005291769735017993e-02
9.375252895099613681e+00 5.258091468281048814e-02
9.392693632333806164e+00 5.494937993982685481e-02
9.410134369567998647e+00 5.708887087452921977e-02
9.427575106802191129e+00 5.893880247868635291e-02
9.445015844036383612e+00 6.045037907229619534e-02
9.462456581270576095e+00 6.158872022436151505e-02
9.479897318504768577e+00 6.233398797112623541e-02
9.497338055738961060e+00 6.268143021920793978e-02
9.514778792973153543e+00 6.264037197972492643e-02
9.532219530207346025e+00 6.223229588796818507e-02
9.549660267441538508e+00 6.148824212960679603e-02
9.567101004675730991e+00 6.044581512980817806e-02
9.584541741909923473e+00 5.914610507013252222e-02
9.601982479144115956e+00 5.763081684528510718e-02
9.619423216378308439e+00 5.593985260311974683e-02
9.636863953612500922e+00 5.410952507700506758e-02
9.654304690846689851e+00 5.217149776718990606e-02
9.671745428080882334e+00 5.015246492644762077e-02
9.689186165315074817e+00 4.807450819497582906e-02
9.706626902549267299e+00 4.595600436026364005e-02
9.724067639783459782e+00 4.381291431265198211e-02
9.741508377017652265e+00 4.166025863120705747e-02
9.758949114251844748e+00 3.951358016095326414e-02
9.776389851486037230e+00 3.739020675510699998e-02
9.793830588720229713e+00 3.531015543785609445e-02
9.811271325954422196e+00 3.329655945494801317e-02
9.828712063188614678e+00 3.137554861969962805e-02
9.846152800422807161e+00 2.957556747740990033e-02
9.863593537656999644e+00 2.792617139825784994e-02
9.881034274891192126e+00 2.645639388057322017e-02
9.898475012125384609e+00 2.519282503957606667e-02
9.915915749359577092e+00 2.415757735027946121e-02
9.933356486593769574e+00 2.336633630238706821e-02
9.950797223827962057e+00 2.282669745416716564e-02
9.968237961062150987e+00 2.253697538225146041e-02
9.985678698296343470e+00 2.248563391895263761e-02
1.000311943553053595e+01 2.265143277166808619e-02
1.002056017276472843e+01 2.300431748118126826e-02
1.003800090999892092e+01 2.350700431888559649e-02
1.005544164723311340e+01 2.411713746320426344e-02
1.007288238446730588e+01 2.478983167515211306e-02
1.009032312170149837e+01 2.548036824029480812e-02
1.010776385893569085e+01 2.614679185569718234e-02
1.012520459616988333e+01 2.675216512115746390e-02
1.014264533340407581e+01 2.726627528499079092e-02
1.016008607063826830e+01 2.766665085413143321e-02
1.017752680787246078e+01 2.793882599175764522e-02
1.019496754510665326e+01 2.807587810104614917e-02
1.021240828234084574e+01 2.807734729273639318e-02
1.022984901957503823e+01 2.794771470925114243e-02
1.024728975680923071e+01 2.769466115001572443e-02
1.026473049404342319e+01 2.732734266737918763e-02
1.028217123127761212e+01 2.685490443028343971e-02
1.029961196851180460e+01 2.628541106764762866e-02
1.031705270574599709e+01 2.562530753216739343e-02
1.033449344298018957e+01 2.487944859935791939e-02
1.035193418021438205e+01 2.405165805262183404e-02
1.036937491744857454e+01 2.314571072302708948e-02
1.038681565468276702e+01 2.216658037716154328e-02
1.040425639191695950e+01 2.112176952204142602e-02
1.042169712915115198e+01 2.002253539917718539e-02
1.043913786638534447e+01 1.888484789780283876e-02
1.045657860361953695e+01 1.772995473867637617e-02
1.047401934085372943e+01 1.658447979934711547e-02
1.049146007808792191e+01 1.548003379465210348e-02
1.050890081532211440e+01 1.445236523778592290e-02
1.052634155255630688e+01 1.354011807549606108e-02
1.054378228979049936e+01 1.278328762995310786e-02
1.056122302702469185e+01 1.222147833229626085e-02
1.057866376425888433e+01 1.189206747120013716e-02
1.059610450149307326e+01 1.182837261758435711e-02
1.061354523872726574e+01 1.205791071934400951e-02
1.063098597596145822e+01 1.260082751576391269e-02
1.064842671319565071e+01 1.346856869705959948e-02
1.066586745042984319e+01 1.466285892614396617e-02
1.068330818766403567e+01 1.617504945368063163e-02
1.070074892489822815e+01 1.798588654879507837e-02
1.071818966213242064e+01 2.006573831600816371e-02
1.073563039936661312e+01 2.237529481229395822e-02
1.075307113660080560e+01 2.486672590171369601e-02
1.077051187383499808e+01 2.748524560783578014e-02
1.078795261106919057e+01 3.017099564554941160e-02
1.080539334830338305e+01 3.286113043576024961e-02
1.082283408553757553e+01 3.549196730636812458e-02
1.084027482277176802e+01 3.800106333952881638e-02
1.085771556000596050e+01 4.032909625386677660e-02
1.087515629724015298e+01 4.242145913875231683e-02
1.089259703447434546e+01 4.422952266030438090e-02
1.091003777170853439e+01 4.571156579613264853e-02
1.092747850894272688e+01 4.683341837508502026e-02
1.094491924617691936e+01 4.756888758096209507e-02
1.096235998341111184e+01 4.790005052668549340e-02
1.097980072064530432e+01 4.781748424719087925e-02
1.099724145787949681e+01 4.732047556612246908e-02
1.101468219511368929e+01 4.641721275036835015e-02
1.103212293234788177e+01 4.512491778967969019e-02
1.104956366958207425e+01 4.346984237680035640e-02
1.106700440681626674e+01 4.148703073660676283e-02
1.108444514405045922e+01 3.921975375172413042e-02
1.110188588128465170e+01 3.671854248453788883e-02
1.111932661851884419e+01 3.403979183397118358e-02
1.113676735575303667e+01 3.124395953249000171e-02
1.115420809298722915e+01 2.839344250568557118e-02
1.117164883022142163e+01 2.555026187949345495e-02
1.118908956745561412e+01 2.277372120941822259e-02
1.120653030468980660e+01 2.011821441377755620e-02
1.122397104192399553e+01 1.763134887186415187e-02
1.124141177915818801e+01 1.535251755646004773e-02
1.125885251639238049e+01 1.331200746088150207e-02
1.127629325362657298e+01 1.153067743837926304e-02
1.129373399086076546e+01 1.002018480435828106e-02
1.131117472809495794e+01 8.783693562801975566e-03
1.132861546532915042e+01 7.816962739497917978e-03
1.134605620256334291e+01 7.109693268571248836e-03
1.136349693979753539e+01 6.647005875335820421e-03
1.138093767703172787e+01 6.410928135198519680e-03
1.139837841426592036e+01 6.381782972807187142e-03
1.141581915150011284e+01 6.539389775179277157e-03
1.143325988873430532e+01 6.864010199461782410e-03
1.145070062596849780e+01 7.336992025874187855e-03
1.146814136320269029e+01 7.941085675892215964e-03
1.148558210043688277e+01 8.660429859663167779e-03
1.150302283767107525e+01 9.480226114586412858e-03
1.152046357490526773e+01 1.038614718259892392e-02
1.153790431213945666e+01 1.136355058208641557e-02
1.155534504937364915e+01 1.239659424108444097e-02
1.157278578660784163e+01 1.346737216639341643e-02
1.159022652384203411e+01 1.455520046848161192e-02
1.160766726107622659e+01 1.563618333523295392e-02
1.162510799831041908e+01 1.668317158398171032e-02
1.164254873554461156e+01 1.766619223028660299e-02
1.165998947277880404e+01 1.855337797954157569e-02
1.167743021001299653e+01 1.931236560149576093e-02
1.169487094724718901e+01 1.991206928307743748e-02
1.171231168448138149e+01 2.032467825817942109e-02
1.172975242171557042e+01 2.052768626471172808e-02
1.174719315894976646e+01 2.050574102121062794e-02
1.176463389618395539e+01 2.025210921853156515e-02
1.178207463341815142e+01 1.976958676037455023e-02
1.179951537065234035e+01 1.907074122428760801e-02
1.181695610788653639e+01 1.817744617059122159e-02
1.183439684512072532e+01 1.711974500622860662e-02
1.185183758235492135e+01 1.593415486974013653e-02
1.186927831958911028e+01 1.466157871111281423e-02
1.188671905682330632e+01 1.334502920100492235e-02
1.190415979405749525e+01 1.202737766690132812e-02
1.192160053129169128e+01 1.074932514764928571e-02
1.193904126852588021e+01 9.547754644180291017e-03
1.195648200576007625e+01 8.454570116430269733e-03
1.197392274299426518e+01 7.496066532695969814e-03
1.199136348022846121e+01 6.692814233764983120e-03
1.200880421746265014e+01 6.059986963385289790e-03
1.202624495469683907e+01 5.608021344256612292e-03
1.204368569193103511e+01 5.343469499826937648e-03
1.206112642916522404e+01 5.269897102308126330e-03
1.207856716639942007e+01 5.388685868588075426e-03
1.209600790363360900e+01 5.699620700478285479e-03
1.211344864086780504e+01 6.201174712563180605e-03
1.213088937810199397e+01 6.890447177443290161e-03
1.214833011533619000e+01 7.762756350866032405e-03
1.216577085257037893e+01 8.810937174507583319e-03
1.218321158980457497e+01 1.002443851686626169e-02
1.220065232703876390e+01 1.138835114000111282e-02
1.221809306427295994e+01 1.288252127648900278e-02
1.223553380150714887e+01 1.448091152103378638e-02
1.225297453874134490e+01 1.615135802495809569e-02
1.227041527597553383e+01 1.785584019448621315e-02
1.228785601320972987e+01 1.955132836881253583e-02
1.230529675044391880e+01 2.119121124752436011e-02
1.232273748767810773e+01 2.272723556599786504e-02
1.234017822491230376e+01 2.411182466087332527e-02
1.235761896214649269e+01 2.530058934436340071e-02
1.237505969938068873e+01 2.625481185532937620e-02
1.239250043661487766e+01 2.694367682293327682e-02
1.240994117384907369e+01 2.734604371082855964e-02
1.242738191108326262e+01 2.745160058163172503e-02
1.244482264831745866e+01 2.726130300621130986e-02
1.246226338555164759e+01 2.678707565650435135e-02
1.247970412278584362e+01 2.605082753792247255e-02
1.249714486002003255e+01 2.508289544332866980e-02
1.251458559725422859e+01 2.392007658115662821e-02
1.253202633448841752e+01 2.260343605171443587e-02
1.254946707172261355e+01 2.117607700401024848e-02
1.256690780895680248e+01 1.968104322320170935e-02
1.258434854619099852e+01 1.815949035608741338e-02
1.260178928342518745e+01 1.664921912108431948e-02
1.261923002065938348e+01 1.518361802006112926e-02
1.263667075789357241e+01 1.379101985436274186e-02
1.265411149512776134e+01 1.249443991866658853e-02
1.267155223236195738e+01 1.131163661708526648e-02
1.268899296959614631e+01 1.025541836689697686e-02
1.270643370683034235e+01 9.334113744097581947e-03
1.272387444406453127e+01 8.552123781416299739e-03
1.274131518129872731e+01 7.910484608126648609e-03
1.275875591853291624e+01 7.407383480351963957e-03
1.277619665576711228e+01 7.038589860237229150e-03
1.279363739300130121e+01 6.797783650152525517e-03
1.281107813023549724e+01 6.676782960098671602e-03
1.282851886746968617e+01 6.665691799783534169e-03
1.284595960470388221e+01 6.753001825213854510e-03
1.286340034193807114e+01 6.925690028422131807e-03
1.288084107917226717e+01 7.169354952954567865e-03
1.289828181640645610e+01 7.468427469918532610e-03
1.291572255364065214e+01 7.806479263884255441e-03
1.293316329087484107e+01 8.166634919771787252e-03
1.295060402810903000e+01 8.532074649079419287e-03
1.296804476534322603e+01 8.886597387075626311e-03
1.298548550257741496e+01 9.215201165061342320e-03
1.300292623981161100e+01 9.504631471424307074e-03
1.302036697704579993e+01 9.743849711231393831e-03
1.303780771427999596e+01 9.924382405107330316e-03
1.305524845151418489e+01 1.004052568433722210e-02
1.307268918874838093e+01 1.008939627272237988e-02
1.309012992598256986e+01 1.007083648463204077e-02
1.310757066321676589e+01 9.987194091836709697e-03
1.312501140045095482e+01 9.843006338172676992e-03
1.314245213768515086e+01 9.644620208015628610e-03
1.315989287491933979e+01 9.399778810985930447e-03
1.317733361215353582e+01 9.117197960419043401e-03
1.319477434938772475e+01 8.806149776687220709e-03
1.321221508662192079e+01 8.476063520803510387e-03
1.322965582385610972e+01 8.136149436129072599e-03
1.324709656109030576e+01 7.795049873778997149e-03
1.326453729832449469e+01 7.460523172503742348e-03
1.328197803555868362e+01 7.139168618936478014e-03
1.329941877279287965e+01 6.836203827560900781e-03
1.331685951002706858e+01 6.555307530217354198e-03
1.333430024726126462e+01 6.298539934900652254e-03
1.335174098449545355e+01 6.066349083516883907e-03
1.336918172172964958e+01 5.857665382826476863e-03
1.338662245896383851e+01 5.670078755010907363e-03
1.340406319619803455e+01 5.500085099441227865e-03
1.342150393343222348e+01 5.343382440531280544e-03
1.343894467066641951e+01 5.195193385385213185e-03
1.345638540790060844e+01 5.050589866983845252e-03
1.347382614513480448e+01 4.904798463553658276e-03
1.349126688236899341e+01 4.753469130853061643e-03
1.350870761960318944e+01 4.592895864657838868e-03
1.352614835683737837e+01 4.420183460837941863e-03
1.354358909407157441e+01 4.233359211835014714e-03
1.356102983130576334e+01 4.031431539585875364e-03
1.357847056853995227e+01 3.814399172041851253e-03
1.359591130577414830e+01 3.583214902267674567e-03
1.361335204300833723e+01 3.339707857123718274e-03
1.363079278024253327e+01 3.086468211045119946e-03
1.364823351747672220e+01 2.826698901033323358e-03
1.366567425471091823e+01 2.564040313541067310e-03
1.368311499194510716e+01 2.302375956931424460e-03
1.370055572917930320e+01 2.045629354555846685e-03
1.371799646641349213e+01 1.797564196738801008e-03
1.373543720364768816e+01 1.561600602218970665e-03
1.375287794088187709e+01 1.340659766848000152e-03
1.377031867811607313e+01 1.137047205755412679e-03
1.378775941535026206e+01 9.523814181939622894e-04
1.380520015258445810e+01 7.875705750111968838e-04
1.382264088981864703e+01 6.428353565475051915e-04
1.384008162705284306e+01 5.177719895578988254e-04
1.385752236428703199e+01 4.114463841126753054e-04
1.387496310152122803e+01 3.225084055741858310e-04
1.389240383875541696e+01 2.493148513982077863e-04
1.390984457598960589e+01 1.900505318895009336e-04
1.392728531322380192e+01 1.428386961233161123e-04
1.394472605045799085e+01 1.058345136510505840e-04
1.396216678769218689e+01 7.729800970127530984e-05
1.397960752492637582e+01 5.564539126323998075e-05
1.399704826216057185e+01 3.947982078187779981e-05
1.401448899939476078e+01 2.760423458617978170e-05
1.403192973662895682e+01 1.901971852625865915e-05
1.404937047386314575e+01 1.291329031991568055e-05
1.406681121109734178e+01 8.638806502274731179e-06
1.408425194833153071e+01 5.694252214647213993e-06
1.410169268556572675e+01 3.698027547077372731e-06
1.411913342279991568e+01 2.366139827000203121e-06
1.413657416003411171e+01 1.491542158787743043e-06
1.415401489726830064e+01 9.262859086443774003e-07
1.417145563450249668e+01 5.667086027287018966e-07
1.418889637173668561e+01 3.415637164488045125e-07
1.420633710897087454e+01 2.028027134776603655e-07
1.422377784620507057e+01 1.186204794253150057e-07
1.424121858343925950e+01 6.834771200231210727e-08
1.425865932067345554e+01 3.879375554026826691e-08
1.427610005790764447e+01 2.169046704191770607e-08
1.429354079514184050e+01 1.194651932316317639e-08
1.431098153237602943e+01 6.481505144480601785e-09
1.432842226961022547e+01 3.463931434911158665e-09
1.434586300684441440e+01 1.823555111010353959e-09
1.436330374407861044e+01 9.456321042805829678e-10
1.438074448131279937e+01 4.830332029220064380e-10
1.439818521854699540e+01 2.430419131710736500e-10
1.441562595578118433e+01 1.204572399197365453e-10
1.443306669301538037e+01 5.880719450950198620e-11
1.445050743024956930e+01 2.827953381127868251e-11
1.446794816748376533e+01 1.339543393093930568e-11
1.448538890471795426e+01 6.250038728924656931e-12
1.450282964195215030e+01 2.872425166849627615e-12
1.452027037918633923e+01 1.300330109307580071e-12
1.453771111642052816e+01 5.798240838962854594e-13
1.455515185365472419e+01 2.546686769730400351e-13
1.457259259088891312e+01 1.101768697741282960e-13
1.459003332812310916e+01 4.695047112490917771e-14
1.460747406535730164e+01 1.970711995221530586e-14
