# Energy-EF (eV)   pdos_atom1_p.dat
-2.027400040302726936e+01 2.312467178712822760e-16
-2.025655966579307687e+01 5.561759591822566634e-16
-2.023911892855888439e+01 1.318102624561530383e-15
-2.022167819132469191e+01 3.078198396853529373e-15
-2.020423745409049943e+01 7.083778662922405776e-15
-2.018679671685630694e+01 1.606444174249249602e-14
-2.016935597962211446e+01 3.590133210348346497e-14
-2.015191524238792198e+01 7.907013688660041654e-14
-2.013447450515372950e+01 1.716267316222190608e-13
-2.011703376791954057e+01 3.671488880737242936e-13
-2.009959303068534808e+01 7.741043926912211502e-13
-2.008215229345115560e+01 1.608692192678898182e-12
-2.006471155621696312e+01 3.295182631220262902e-12
-2.004727081898277063e+01 6.653299990241423494e-12
-2.002983008174857815e+01 1.324234078424389757e-11
-2.001238934451438567e+01 2.598258931939494165e-11
-1.999494860728019319e+01 5.025868603261765117e-11
-1.997750787004600070e+01 9.584576785989816783e-11
-1.996006713281180822e+01 1.802150311183135364e-10
-1.994262639557761574e+01 3.341100729359870584e-10
-1.992518565834342326e+01 6.107928193058528462e-10
-1.990774492110923077e+01 1.101109351282963680e-09
-1.989030418387503829e+01 1.957611871093277255e-09
-1.987286344664084581e+01 3.432502086309965786e-09
-1.985542270940665333e+01 5.936255498560175248e-09
-1.983798197217246084e+01 1.012656968338104692e-08
-1.982054123493826836e+01 1.704085908950891456e-08
-1.980310049770407588e+01 2.828995205128533211e-08
-1.978565976046988695e+01 4.633589891612128824e-08
-1.976821902323569446e+01 7.488269344035437126e-08
-1.975077828600150198e+01 1.194148533665970081e-07
-1.973333754876730950e+01 1.879245369099755896e-07
-1.971589681153311702e+01 2.918721990005482042e-07
-1.969845607429892453e+01 4.474273714970284210e-07
-1.968101533706473205e+01 6.770333149177547712e-07
-1.966357459983053957e+01 1.011330137018069659e-06
-1.964613386259634709e+01 1.491453573684644100e-06
-1.962869312536215460e+01 2.171699318244733824e-06
-1.961125238812796212e+01 3.122504585403035823e-06
-1.959381165089376964e+01 4.433649696711814363e-06
-1.957637091365957716e+01 6.217524753622838236e-06
-1.955893017642538467e+01 8.612243933554894159e-06
-1.954148943919119219e+01 1.178432900778644962e-05
-1.952404870195699971e+01 1.593063306247517475e-05
-1.950660796472280722e+01 2.127914561886161822e-05
-1.948916722748861829e+01 2.808832260546331158e-05
-1.947172649025442581e+01 3.664462917434941036e-05
-1.945428575302023333e+01 4.725807730885465811e-05
-1.943684501578604085e+01 6.025568520740286665e-05
-1.941940427855184836e+01 7.597297556314862592e-05
-1.940196354131765588e+01 9.474384997436360856e-05
-1.938452280408346340e+01 1.168894023466594871e-04
-1.936708206684927092e+01 1.427064330087858763e-04
-1.934964132961507843e+01 1.724565608619798283e-04
-1.933220059238088595e+01 2.063568680519164674e-04
-1.931475985514669347e+01 2.445729235204828272e-04
-1.929731911791250099e+01 2.872148071160930270e-04
-1.927987838067830850e+01 3.343364053310714061e-04
-1.926243764344411602e+01 3.859378091490517858e-04
-1.924499690620992354e+01 4.419701744305335194e-04
-1.922755616897573105e+01 5.023419847599385315e-04
-1.921011543174153857e+01 5.669253719305026966e-04
-1.919267469450734609e+01 6.355610781865772031e-04
-1.917523395727315361e+01 7.080608394032566946e-04
-1.915779322003896468e+01 7.842064408133753509e-04
-1.914035248280477219e+01 8.637454063780301491e-04
-1.912291174557057971e+01 9.463841357394827888e-04
-1.910547100833638723e+01 1.031780160583616220e-03
-1.908803027110219475e+01 1.119535891613422044e-03
-1.907058953386800226e+01 1.209196607000603699e-03
-1.905314879663380978e+01 1.300255365592053319e-03
-1.903570805939961730e+01 1.392166948371238765e-03
-1.901826732216542482e+01 1.484371857781207997e-03
-1.900082658493123233e+01 1.576329944307680022e-03
-1.898338584769703985e+01 1.667561571187701651e-03
-1.896594511046284737e+01 1.757692614244419369e-03
-1.894850437322865488e+01 1.846498285749554463e-03
-1.893106363599446240e+01 1.933940005953031348e-03
-1.891362289876026992e+01 2.020189496807525600e-03
-1.889618216152607744e+01 2.105635018799604900e-03
-1.887874142429188495e+01 2.190866183463108501e-03
-1.886130068705769602e+01 2.276635912477099465e-03
-1.884385994982350354e+01 2.363800649152063803e-03
-1.882641921258931106e+01 2.453242567238189589e-03
-1.880897847535511858e+01 2.545779947350174186e-03
-1.879153773812092609e+01 2.642073798115359383e-03
-1.877409700088673361e+01 2.742539932562382786e-03
-1.875665626365254113e+01 2.847275896407790684e-03
-1.873921552641834865e+01 2.956011313724651434e-03
-1.872177478918415616e+01 3.068088413195544685e-03
-1.870433405194996368e+01 3.182476887235904158e-03
-1.868689331471577120e+01 3.297824081419711666e-03
-1.866945257748157871e+01 3.412538151088476916e-03
-1.865201184024738623e+01 3.524898625799035255e-03
-1.863457110301319375e+01 3.633186141884051871e-03
-1.861713036577900127e+01 3.735821220770579616e-03
-1.859968962854480878e+01 3.831501056050767070e-03
-1.858224889131061630e+01 3.919323360954653050e-03
-1.856480815407642382e+01 3.998887322888723152e-03
-1.854736741684223134e+01 4.070363413697964360e-03
-1.852992667960804241e+01 4.134525962893113339e-03
-1.851248594237384992e+01 4.192744775547999937e-03
-1.849504520513965744e+01 4.246934489566168806e-03
-1.847760446790546496e+01 4.299462735306292839e-03
-1.846016373067127248e+01 4.353020492137153925e-03
-1.844272299343707999e+01 4.410460392588584633e-03
-1.842528225620288751e+01 4.474611155973063324e-03
-1.840784151896869503e+01 4.548078808507828065e-03
-1.839040078173450254e+01 4.633047697986377410e-03
-1.837296004450031006e+01 4.731096215304482315e-03
-1.835551930726611758e+01 4.843043148558527460e-03
-1.833807857003192510e+01 4.968840236260434369e-03
-1.832063783279773261e+01 5.107524354891767454e-03
-1.830319709556354013e+01 5.257238684267466489e-03
-1.828575635832934765e+01 5.415326270511137616e-03
-1.826831562109515517e+01 5.578492147319042381e-03
-1.825087488386096268e+01 5.743022422146753722e-03
-1.823343414662677375e+01 5.905041566082704779e-03
-1.821599340939258127e+01 6.060783716491466126e-03
-1.819855267215838879e+01 6.206851126771603840e-03
-1.818111193492419631e+01 6.340433656155603295e-03
-1.816367119769000382e+01 6.459467565632251961e-03
-1.814623046045581134e+01 6.562719477894921397e-03
-1.812878972322161886e+01 6.649791215458849929e-03
-1.811134898598742637e+01 6.721051958692100987e-03
-1.809390824875323389e+01 6.777514136135210851e-03
-1.807646751151904141e+01 6.820677064958586069e-03
-1.805902677428484893e+01 6.852366277480746205e-03
-1.804158603705065644e+01 6.874595896524715415e-03
-1.802414529981646396e+01 6.889476233115405732e-03
-1.800670456258227148e+01 6.899179589275934547e-03
-1.798926382534807900e+01 6.905965358358423685e-03
-1.797182308811388651e+01 6.912252752311488085e-03
-1.795438235087969403e+01 6.920717947951321447e-03
-1.793694161364550510e+01 6.934384190234025615e-03
-1.791950087641130906e+01 6.956670107291934753e-03
-1.790206013917712013e+01 6.991364198801696371e-03
-1.788461940194292765e+01 7.042502286886956862e-03
-1.786717866470873517e+01 7.114138809042742408e-03
-1.784973792747454269e+01 7.210020385483522851e-03
-1.783229719024035020e+01 7.333188570580810930e-03
-1.781485645300615772e+01 7.485555167732083938e-03
-1.779741571577196524e+01 7.667505067779851850e-03
-1.777997497853777276e+01 7.877585911867426502e-03
-1.776253424130358027e+01 8.112339595010337537e-03
-1.774509350406938779e+01 8.366317607222418032e-03
-1.772765276683519531e+01 8.632301738451765225e-03
-1.771021202960100283e+01 8.901726314658140252e-03
-1.769277129236681034e+01 9.165271383970543737e-03
-1.767533055513261786e+01 9.413572043465616782e-03
-1.765788981789842538e+01 9.637971086132854706e-03
-1.764044908066423289e+01 9.831233228740701713e-03
-1.762300834343004041e+01 9.988140919404944057e-03
-1.760556760619585148e+01 1.010590410110035267e-02
-1.758812686896165900e+01 1.018433771744481180e-02
-1.757068613172746652e+01 1.022578825341666740e-02
-1.755324539449327403e+01 1.023482041533343295e-02
-1.753580465725908155e+01 1.021770312727617210e-02
-1.751836392002488907e+01 1.018175667559428205e-02
-1.750092318279069659e+01 1.013463728187036575e-02
-1.748348244555650410e+01 1.008364008779778255e-02
-1.746604170832231162e+01 1.003509633768121315e-02
-1.744860097108811914e+01 9.993926593312153078e-03
-1.743116023385392666e+01 9.963391296658371740e-03
-1.741371949661973417e+01 9.945055744200287720e-03
-1.739627875938554169e+01 9.938961607730176576e-03
-1.737883802215134921e+01 9.943974395819923234e-03
-1.736139728491715672e+01 9.958258047078508840e-03
-1.734395654768296424e+01 9.979815799806467103e-03
-1.732651581044877176e+01 1.000703139323503611e-02
-1.730907507321458283e+01 1.003914653163512707e-02
-1.729163433598038679e+01 1.007661871628662970e-02
-1.727419359874619786e+01 1.012131684821135878e-02
-1.725675286151200538e+01 1.017652893747320562e-02
-1.723931212427781290e+01 1.024677519428601746e-02
-1.722187138704362042e+01 1.033743909647779659e-02
-1.720443064980942793e+01 1.045424719768357422e-02
-1.718698991257523545e+01 1.060264408254996300e-02
-1.716954917534104297e+01 1.078712078823766511e-02
-1.715210843810685049e+01 1.101056219272076274e-02
-1.713466770087265800e+01 1.127368055055812286e-02
-1.711722696363846552e+01 1.157459806362221184e-02
-1.709978622640427304e+01 1.190863102271859028e-02
-1.708234548917008055e+01 1.226831204983465894e-02
-1.706490475193588807e+01 1.264366628551122362e-02
-1.704746401470169559e+01 1.302273357871175027e-02
-1.703002327746750311e+01 1.339230397121729359e-02
-1.701258254023331062e+01 1.373881053763112425e-02
-1.699514180299911814e+01 1.404930459097299481e-02
-1.697770106576492921e+01 1.431242584320245245e-02
-1.696026032853073673e+01 1.451927622391790441e-02
-1.694281959129654425e+01 1.466411174935642117e-02
-1.692537885406235176e+01 1.474478205022875833e-02
-1.690793811682815928e+01 1.476287069018578438e-02
-1.689049737959396680e+01 1.472351892065203692e-02
-1.687305664235977432e+01 1.463494784918752990e-02
-1.685561590512558183e+01 1.450772548820176110e-02
-1.683817516789138935e+01 1.435385210743877864e-02
-1.682073443065719687e+01 1.418575648868107032e-02
-1.680329369342300438e+01 1.401530469897222658e-02
-1.678585295618881190e+01 1.385292068201358223e-02
-1.676841221895461942e+01 1.370690451152917731e-02
-1.675097148172042694e+01 1.358301111938841656e-02
-1.673353074448623445e+01 1.348432245220096241e-02
-1.671609000725204197e+01 1.341141290604892095e-02
-1.669864927001784949e+01 1.336277549516173661e-02
-1.668120853278366056e+01 1.333544833618111915e-02
-1.666376779554946452e+01 1.332576084182903776e-02
-1.664632705831527559e+01 1.333010863757161379e-02
-1.662888632108108311e+01 1.334566647220622113e-02
-1.661144558384689063e+01 1.337095877413929483e-02
-1.659400484661269815e+01 1.340622629600147012e-02
-1.657656410937850566e+01 1.345355188864214013e-02
-1.655912337214431318e+01 1.351673577478853215e-02
-1.654168263491012070e+01 1.360093764303158155e-02
-1.652424189767592821e+01 1.371212670051709555e-02
-1.650680116044173573e+01 1.385639938599246210e-02
-1.648936042320754325e+01 1.403923639719363743e-02
-1.647191968597335077e+01 1.426477543311372408e-02
-1.645447894873915828e+01 1.453517365581178701e-02
-1.643703821150496580e+01 1.485012491130696492e-02
-1.641959747427077332e+01 1.520658215957536134e-02
-1.640215673703658084e+01 1.559871657534108585e-02
-1.638471599980238835e+01 1.601812286575604594e-02
-1.636727526256819587e+01 1.645425722459706655e-02
-1.634983452533400694e+01 1.689507195550359747e-02
-1.633239378809981446e+01 1.732779126331073991e-02
-1.631495305086562198e+01 1.773975814852554733e-02
-1.629751231363142949e+01 1.811927460472856355e-02
-1.628007157639723701e+01 1.845635769634298984e-02
-1.626263083916304453e+01 1.874334298349027497e-02
-1.624519010192885204e+01 1.897528345742607869e-02
-1.622774936469465956e+01 1.915011480129696908e-02
-1.621030862746046708e+01 1.926858356594166391e-02
-1.619286789022627460e+01 1.933396032620030361e-02
-1.617542715299208211e+01 1.935158158646007459e-02
-1.615798641575788963e+01 1.932827920763686633e-02
-1.614054567852369715e+01 1.927176257610118890e-02
-1.612310494128950467e+01 1.919001618453043678e-02
-1.610566420405531218e+01 1.909076478802343088e-02
-1.608822346682111970e+01 1.898104215358020416e-02
-1.607078272958692722e+01 1.886688077410701714e-02
-1.605334199235273829e+01 1.875312212184626626e-02
-1.603590125511854225e+01 1.864333301192707890e-02
-1.601846051788435332e+01 1.853980544160913069e-02
-1.600101978065016084e+01 1.844361561536098093e-02
-1.598357904341596836e+01 1.835472218427153940e-02
-1.596613830618177587e+01 1.827209229665460385e-02
-1.594869756894758339e+01 1.819385438024873763e-02
-1.593125683171339091e+01 1.811748588254414802e-02
-1.591381609447919843e+01 1.804004995125810251e-02
-1.589637535724500594e+01 1.795849540375753575e-02
-1.587893462001081346e+01 1.787002849867079524e-02
-1.586149388277662098e+01 1.777255335872287081e-02
-1.584405314554242850e+01 1.766516194306564508e-02
-1.582661240830823601e+01 1.754863674574680746e-02
-1.580917167107404353e+01 1.742591304643355613e-02
-1.579173093383985105e+01 1.730243586765496319e-02
-1.577429019660565856e+01 1.718634275295473704e-02
-1.575684945937146964e+01 1.708840915999046764e-02
-1.573940872213727360e+01 1.702170945663371987e-02
-1.572196798490308467e+01 1.700097245172757510e-02
-1.570452724766888863e+01 1.704164371491215940e-02
-1.568708651043469970e+01 1.715870387268457475e-02
-1.566964577320050722e+01 1.736532789394551121e-02
-1.565220503596631474e+01 1.767150007528375463e-02
-1.563476429873212226e+01 1.808271841500085075e-02
-1.561732356149792977e+01 1.859892688762197072e-02
-1.559988282426373729e+01 1.921380308704260381e-02
-1.558244208702954481e+01 1.991450214627997137e-02
-1.556500134979535233e+01 2.068191820267072101e-02
-1.554756061256115984e+01 2.149147619761091615e-02
-1.553011987532696736e+01 2.231441495925636995e-02
-1.551267913809277488e+01 2.311947329218914590e-02
-1.549523840085858239e+01 2.387484985268474233e-02
-1.547779766362438991e+01 2.455027951546165724e-02
-1.546035692639019743e+01 2.511905667786236071e-02
-1.544291618915600495e+01 2.555984045727495435e-02
-1.542547545192181602e+01 2.585809695678373960e-02
-1.540803471468761998e+01 2.600706687907425665e-02
-1.539059397745343105e+01 2.600818866285175765e-02
-1.537315324021923857e+01 2.587095326458180994e-02
-1.535571250298504609e+01 2.561221200742702653e-02
-1.533827176575085360e+01 2.525499948848016971e-02
-1.532083102851666112e+01 2.482696634198041860e-02
-1.530339029128246864e+01 2.435853991678819941e-02
-1.528594955404827616e+01 2.388094407892341065e-02
-1.526850881681408367e+01 2.342421283377546862e-02
-1.525106807957989119e+01 2.301532738014769666e-02
-1.523362734234569871e+01 2.267659395930756924e-02
-1.521618660511150622e+01 2.242436183661964191e-02
-1.519874586787731374e+01 2.226815814666011778e-02
-1.518130513064312126e+01 2.221029011122431160e-02
-1.516386439340892878e+01 2.224593614332348937e-02
-1.514642365617473629e+01 2.236371648727396647e-02
-1.512898291894054736e+01 2.254670250938204529e-02
-1.511154218170635133e+01 2.277379319217554335e-02
-1.509410144447216240e+01 2.302135994765388063e-02
-1.507666070723796636e+01 2.326503909808605788e-02
-1.505921997000377743e+01 2.348153794465643318e-02
-1.504177923276958495e+01 2.365031762863460674e-02
-1.502433849553539247e+01 2.375502557082726299e-02
-1.500689775830119999e+01 2.378457246392059674e-02
-1.498945702106700750e+01 2.373378226429750590e-02
-1.497201628383281502e+01 2.360358529029264740e-02
-1.495457554659862254e+01 2.340076969421693923e-02
-1.493713480936443005e+01 2.313734947476943360e-02
-1.491969407213023757e+01 2.282964183107903319e-02
-1.490225333489604509e+01 2.249716780997254237e-02
-1.488481259766185261e+01 2.216149447014460067e-02
-1.486737186042766012e+01 2.184512344846345835e-02
-1.484993112319346764e+01 2.157050221072722221e-02
-1.483249038595927516e+01 2.135919566895543714e-02
-1.481504964872508268e+01 2.123121466155733147e-02
-1.479760891149089375e+01 2.120446227317427171e-02
-1.478016817425669771e+01 2.129423660164204979e-02
-1.476272743702250878e+01 2.151272448785928118e-02
-1.474528669978831630e+01 2.186843646289531040e-02
-1.472784596255412382e+01 2.236556616379948778e-02
-1.471040522531993133e+01 2.300330131997187569e-02
-1.469296448808573885e+01 2.377515899742626074e-02
-1.467552375085154637e+01 2.466845503066550718e-02
-1.465808301361735388e+01 2.566403746710797101e-02
-1.464064227638316140e+01 2.673641035406026586e-02
-1.462320153914896892e+01 2.785434556272600726e-02
-1.460576080191477644e+01 2.898202959163282202e-02
-1.458832006468058395e+01 3.008072674250651668e-02
-1.457087932744639147e+01 3.111086998810482646e-02
-1.455343859021219899e+01 3.203442756029159511e-02
-1.453599785297800651e+01 3.281734702209916643e-02
-1.451855711574381402e+01 3.343185669260421988e-02
-1.450111637850962509e+01 3.385840998829191956e-02
-1.448367564127542906e+01 3.408709024046993608e-02
-1.446623490404124013e+01 3.411834652764449138e-02
-1.444879416680704409e+01 3.396299687327333089e-02
-1.443135342957285516e+01 3.364150443849611705e-02
-1.441391269233866268e+01 3.318259619900623680e-02
-1.439647195510447020e+01 3.262134504411060010e-02
-1.437903121787027771e+01 3.199687107378155343e-02
-1.436159048063608523e+01 3.134983493633488466e-02
-1.434414974340189275e+01 3.071989686017253043e-02
-1.432670900616770027e+01 3.014330295179629138e-02
-1.430926826893350778e+01 2.965073952449789538e-02
-1.429182753169931530e+01 2.926557064438197256e-02
-1.427438679446512282e+01 2.900254672850408402e-02
-1.425694605723093034e+01 2.886704458260917761e-02
-1.423950531999673785e+01 2.885487215432366165e-02
-1.422206458276254537e+01 2.895264410640588024e-02
-1.420462384552835289e+01 2.913870648268182539e-02
-1.418718310829416041e+01 2.938456007044074406e-02
-1.416974237105997148e+01 2.965670326850316715e-02
-1.415230163382577544e+01 2.991878811551247630e-02
-1.413486089659158651e+01 3.013396026254067800e-02
-1.411742015935739403e+01 3.026723813153470513e-02
-1.409997942212320154e+01 3.028778106081722252e-02
-1.408253868488900906e+01 3.017090270865753487e-02
-1.406509794765481658e+01 2.989970465166380195e-02
-1.404765721042062410e+01 2.946623446796098680e-02
-1.403021647318643161e+01 2.887210942558411653e-02
-1.401277573595223913e+01 2.812858675340849587e-02
-1.399533499871804665e+01 2.725609941739501677e-02
-1.397789426148385417e+01 2.628330783759626199e-02
-1.396045352424966168e+01 2.524573982822088045e-02
-1.394301278701546920e+01 2.418410193331558058e-02
-1.392557204978127672e+01 2.314234619873929005e-02
-1.390813131254708424e+01 2.216557025146109403e-02
-1.389069057531289175e+01 2.129781975217198003e-02
-1.387324983807870282e+01 2.057985567597621357e-02
-1.385580910084450679e+01 2.004694854724725292e-02
-1.383836836361031786e+01 1.972676995223169791e-02
-1.382092762637612182e+01 1.963746798406765248e-02
-1.380348688914193289e+01 1.978603444345888862e-02
-1.378604615190774041e+01 2.016709180058234505e-02
-1.376860541467354793e+01 2.076223977977326857e-02
-1.375116467743935544e+01 2.154009759852681949e-02
-1.373372394020516296e+01 2.245715270686588633e-02
-1.371628320297097048e+01 2.345947792357017808e-02
-1.369884246573677800e+01 2.448530807844061588e-02
-1.368140172850258551e+01 2.546838119670654516e-02
-1.366396099126839303e+01 2.634185844575158419e-02
-1.364652025403420055e+01 2.704255452472158552e-02
-1.362907951680000807e+01 2.751514925571288406e-02
-1.361163877956581558e+01 2.771602309652003091e-02
-1.359419804233162310e+01 2.761637115901687672e-02
-1.357675730509743417e+01 2.720430336648685388e-02
-1.355931656786324169e+01 2.648572767471110354e-02
-1.354187583062904920e+01 2.548392828815588401e-02
-1.352443509339485672e+01 2.423787707393531415e-02
-1.350699435616066424e+01 2.279943789905789636e-02
-1.348955361892647176e+01 2.122972540759197890e-02
-1.347211288169227927e+01 1.959495018127031113e-02
-1.345467214445808679e+01 1.796211462141152071e-02
-1.343723140722389431e+01 1.639491718534919970e-02
-1.341979066998970183e+01 1.495018095285706450e-02
-1.340234993275550934e+01 1.367505399767283449e-02
-1.338490919552131686e+01 1.260514399955476803e-02
-1.336746845828712438e+01 1.176365857122050988e-02
-1.335002772105293189e+01 1.116153523291830811e-02
-1.333258698381873941e+01 1.079846788774751001e-02
-1.331514624658454693e+01 1.066467444065126273e-02
-1.329770550935035445e+01 1.074320491940140496e-02
-1.328026477211616196e+01 1.101256149580551354e-02
-1.326282403488197303e+01 1.144939072888004165e-02
-1.324538329764778055e+01 1.203101353739149081e-02
-1.322794256041358807e+01 1.273757935606688318e-02
-1.321050182317939559e+01 1.355366713153546843e-02
-1.319306108594520310e+01 1.446920628000527599e-02
-1.317562034871101062e+01 1.547965334359212297e-02
-1.315817961147681814e+01 1.658543105606193752e-02
-1.314073887424262566e+01 1.779071017614478750e-02
-1.312329813700843317e+01 1.910168345647271504e-02
-1.310585739977424069e+01 2.052453734546897529e-02
-1.308841666254004821e+01 2.206336270329159119e-02
-1.307097592530585572e+01 2.371825496329471594e-02
-1.305353518807166324e+01 2.548383386597032063e-02
-1.303609445083747076e+01 2.734836415901857956e-02
-1.301865371360327828e+01 2.929358671084730109e-02
-1.300121297636908579e+01 3.129528322780988914e-02
-1.298377223913489331e+01 3.332450858342867611e-02
-1.296633150190070083e+01 3.534934481678224383e-02
-1.294889076466651190e+01 3.733697114154337082e-02
-1.293145002743231942e+01 3.925581289609696156e-02
-1.291400929019812693e+01 4.107753307502409745e-02
-1.289656855296393445e+01 4.277866186525269843e-02
-1.287912781572974197e+01 4.434171675994345863e-02
-1.286168707849554949e+01 4.575573895673789443e-02
-1.284424634126135700e+01 4.701624938466098663e-02
-1.282680560402716452e+01 4.812469816700295361e-02
-1.280936486679297204e+01 4.908753462526702083e-02
-1.279192412955877955e+01 4.991505431937785092e-02
-1.277448339232458707e+01 5.062018258946824473e-02
-1.275704265509039459e+01 5.121733258803742861e-02
-1.273960191785620211e+01 5.172143583210873224e-02
-1.272216118062200962e+01 5.214719366832094166e-02
-1.270472044338781714e+01 5.250854876945400956e-02
-1.268727970615362466e+01 5.281833634541708428e-02
-1.266983896891943218e+01 5.308805237318325876e-02
-1.265239823168523969e+01 5.332767447301260677e-02
-1.263495749445105076e+01 5.354548944417156231e-02
-1.261751675721685828e+01 5.374791503405937365e-02
-1.260007601998266580e+01 5.393934391371717207e-02
-1.258263528274847332e+01 5.412207475939792567e-02
-1.256519454551428083e+01 5.429641844285458541e-02
-1.254775380828008835e+01 5.446106830576500496e-02
-1.253031307104589587e+01 5.461379794966379070e-02
-1.251287233381170338e+01 5.475249874793806926e-02
-1.249543159657751090e+01 5.487649887216507899e-02
-1.247799085934331842e+01 5.498802755852552626e-02
-1.246055012210912594e+01 5.509361755519351367e-02
-1.244310938487493345e+01 5.520519102821942747e-02
-1.242566864764074097e+01 5.534056345461356441e-02
-1.240822791040654849e+01 5.552313504122464993e-02
-1.239078717317235601e+01 5.578062157721466741e-02
-1.237334643593816352e+01 5.614279952670966217e-02
-1.235590569870397104e+01 5.663838859413386495e-02
-1.233846496146977856e+01 5.729134756598608380e-02
-1.232102422423558963e+01 5.811699132099817228e-02
-1.230358348700139715e+01 5.911842463355995031e-02
-1.228614274976720466e+01 6.028381285711626597e-02
-1.226870201253301218e+01 6.158496044409546288e-02
-1.225126127529881970e+01 6.297754618725490139e-02
-1.223382053806462721e+01 6.440318128657530894e-02
-1.221637980083043473e+01 6.579323531931388636e-02
-1.219893906359624225e+01 6.707414546249793053e-02
-1.218149832636204977e+01 6.817371806523778166e-02
-1.216405758912785728e+01 6.902777871793733255e-02
-1.214661685189366480e+01 6.958645012575694067e-02
-1.212917611465947232e+01 6.981934862639119221e-02
-1.211173537742527984e+01 6.971909000717903260e-02
-1.209429464019108735e+01 6.930267111896988574e-02
-1.207685390295689487e+01 6.861052330974978797e-02
-1.205941316572270239e+01 6.770328799753481952e-02
-1.204197242848851346e+01 6.665661258369857955e-02
-1.202453169125432098e+01 6.555447722575506730e-02
-1.200709095402012849e+01 6.448171627288727670e-02
-1.198965021678593601e+01 6.351647711938254726e-02
-1.197220947955174353e+01 6.272335785295321542e-02
-1.195476874231755104e+01 6.214788649901764606e-02
-1.193732800508335856e+01 6.181285994668343081e-02
-1.191988726784916608e+01 6.171686690733542424e-02
-1.190244653061497360e+01 6.183509752701041307e-02
-1.188500579338078111e+01 6.212231530715642963e-02
-1.186756505614658863e+01 6.251765724453337003e-02
-1.185012431891239615e+01 6.295075589489490531e-02
-1.183268358167820367e+01 6.334855890161000813e-02
-1.181524284444401118e+01 6.364216863315379225e-02
-1.179780210720981870e+01 6.377304169199697614e-02
-1.178036136997562622e+01 6.369797272032877433e-02
-1.176292063274143374e+01 6.339242935587688366e-02
-1.174547989550724125e+01 6.285198905845786055e-02
-1.172803915827305232e+01 6.209183265001804591e-02
-1.171059842103885984e+01 6.114445025147910440e-02
-1.169315768380466736e+01 6.005588999590712185e-02
-1.167571694657047487e+01 5.888100933624450944e-02
-1.165827620933628239e+01 5.767826017473996758e-02
-1.164083547210208991e+01 5.650454761216439775e-02
-1.162339473486789743e+01 5.541065134996556868e-02
-1.160595399763370494e+01 5.443759950266371939e-02
-1.158851326039951246e+01 5.361425283606862519e-02
-1.157107252316531998e+01 5.295621172692013129e-02
-1.155363178593112750e+01 5.246601647744694036e-02
-1.153619104869693501e+01 5.213448913136446705e-02
-1.151875031146274253e+01 5.194297218750505707e-02
-1.150130957422855005e+01 5.186616197611843698e-02
-1.148386883699435757e+01 5.187521248577810912e-02
-1.146642809976016508e+01 5.194079582072520102e-02
-1.144898736252597260e+01 5.203584248047189720e-02
-1.143154662529178012e+01 5.213774138901762500e-02
-1.141410588805759119e+01 5.222984901992759610e-02
-1.139666515082339870e+01 5.230223245560831208e-02
-1.137922441358920622e+01 5.235164678925530168e-02
-1.136178367635501374e+01 5.238081750189640257e-02
-1.134434293912082126e+01 5.239715840089449045e-02
-1.132690220188662877e+01 5.241110103700157008e-02
-1.130946146465243629e+01 5.243423872393408042e-02
-1.129202072741824381e+01 5.247749516726890606e-02
-1.127457999018405133e+01 5.254951384026028405e-02
-1.125713925294985884e+01 5.265543128011797996e-02
-1.123969851571566636e+01 5.279614916064793301e-02
-1.122225777848147388e+01 5.296816176817656374e-02
-1.120481704124728140e+01 5.316393379282408765e-02
-1.118737630401308891e+01 5.337276465576192008e-02
-1.116993556677889643e+01 5.358202564861486161e-02
-1.115249482954470395e+01 5.377861926411749843e-02
-1.113505409231051146e+01 5.395048884784450771e-02
-1.111761335507631898e+01 5.408800209411188109e-02
-1.110017261784213005e+01 5.418504369212298610e-02
-1.108273188060793757e+01 5.423967953115748503e-02
-1.106529114337374509e+01 5.425429570721670286e-02
-1.104785040613955260e+01 5.423516805236944238e-02
-1.103040966890536012e+01 5.419147917296990996e-02
-1.101296893167116764e+01 5.413386594605040791e-02
-1.099552819443697516e+01 5.407264536960551538e-02
-1.097808745720278267e+01 5.401592318998687386e-02
-1.096064671996859019e+01 5.396782925633661354e-02
-1.094320598273439771e+01 5.392713747778681704e-02
-1.092576524550020522e+01 5.388650966361400313e-02
-1.090832450826601274e+01 5.383254807915566209e-02
-1.089088377103182026e+01 5.374675316248393037e-02
-1.087344303379762778e+01 5.360736856236292258e-02
-1.085600229656343529e+01 5.339196938472619974e-02
-1.083856155932924281e+01 5.308052945327703526e-02
-1.082112082209505033e+01 5.265860918358009762e-02
-1.080368008486085785e+01 5.212025503426194473e-02
-1.078623934762666892e+01 5.147020660935385655e-02
-1.076879861039247643e+01 5.072507219280279755e-02
-1.075135787315828395e+01 4.991325190795843636e-02
-1.073391713592409147e+01 4.907354454931655424e-02
-1.071647639868989899e+01 4.825254698770736067e-02
-1.069903566145570650e+01 4.750111792244044590e-02
-1.068159492422151402e+01 4.687030554206102206e-02
-1.066415418698732154e+01 4.640721147235186972e-02
-1.064671344975312905e+01 4.615126998753311255e-02
-1.062927271251893657e+01 4.613136109662793749e-02
-1.061183197528474409e+01 4.636405855466552844e-02
-1.059439123805055161e+01 4.685315754173655090e-02
-1.057695050081635912e+01 4.759045562259744955e-02
-1.055950976358216664e+01 4.855760003711950129e-02
-1.054206902634797416e+01 4.972868720517160945e-02
-1.052462828911378168e+01 5.107322342735304277e-02
-1.050718755187958919e+01 5.255903778444899477e-02
-1.048974681464539671e+01 5.415477878829512426e-02
-1.047230607741120778e+01 5.583171653358075248e-02
-1.045486534017701530e+01 5.756469634607335600e-02
-1.043742460294282282e+01 5.933222851150254940e-02
-1.041998386570863033e+01 6.111583079895913095e-02
-1.040254312847443785e+01 6.289884724793658177e-02
-1.038510239124024537e+01 6.466503361053591026e-02
-1.036766165400605288e+01 6.639721878786818132e-02
-1.035022091677186040e+01 6.807632169934597910e-02
-1.033278017953766792e+01 6.968093062402019866e-02
-1.031533944230347544e+01 7.118754969195674465e-02
-1.029789870506928295e+01 7.257150171139437056e-02
-1.028045796783509047e+01 7.380836648679077461e-02
-1.026301723060089799e+01 7.487574672757539573e-02
-1.024557649336670551e+01 7.575510324644232907e-02
-1.022813575613251302e+01 7.643339499658155511e-02
-1.021069501889832054e+01 7.690429776556585717e-02
-1.019325428166412806e+01 7.716885059667369373e-02
-1.017581354442993558e+01 7.723547733745417254e-02
-1.015837280719574665e+01 7.711943404328099050e-02
-1.014093206996155416e+01 7.684182220243601646e-02
-1.012349133272736168e+01 7.642836628331919901e-02
-1.010605059549316920e+01 7.590817097027932614e-02
-1.008860985825897671e+01 7.531264559550900073e-02
-1.007116912102478423e+01 7.467471638276741708e-02
-1.005372838379059175e+01 7.402835482389517885e-02
-1.003628764655639927e+01 7.340835198140338580e-02
-1.001884690932220678e+01 7.285018486928813986e-02
-1.000140617208801430e+01 7.238977124194985457e-02
-9.983965434853821819e+00 7.206290597588298208e-02
-9.966524697619629336e+00 7.190421969114532685e-02
-9.949083960385436853e+00 7.194559212641687962e-02
-9.931643223151244371e+00 7.221407346865685306e-02
-9.914202485917051888e+00 7.272949402286382758e-02
-9.896761748682859405e+00 7.350205130612143256e-02
-9.879321011448666923e+00 7.453023097781681650e-02
-9.861880274214474440e+00 7.579942770333029933e-02
-9.844439536980285510e+00 7.728157780722871850e-02
-9.826998799746093027e+00 7.893600264208899819e-02
-9.809558062511900545e+00 8.071150609891444838e-02
-9.792117325277708062e+00 8.254959588670462978e-02
-9.774676588043515579e+00 8.438853424012973670e-02
-9.757235850809323097e+00 8.616779652335324058e-02
-9.739795113575130614e+00 8.783244675665628776e-02
-9.722354376340938131e+00 8.933693876166604042e-02
-9.704913639106745649e+00 9.064792034994134662e-02
-9.687472901872553166e+00 9.174574462801579622e-02
-9.670032164638360683e+00 9.262455713250930533e-02
-9.652591427404168201e+00 9.329100518293689803e-02
-9.635150690169975718e+00 9.376178097821051549e-02
-9.617709952935783235e+00 9.406034060170027911e-02
-9.600269215701590753e+00 9.421322212022449627e-02
-9.582828478467398270e+00 9.424641083145249287e-02
-9.565387741233205787e+00 9.418217053999727861e-02
-9.547947003999013305e+00 9.403668580310595160e-02
-9.530506266764824375e+00 9.381875527932551084e-02
-9.513065529530631892e+00 9.352965614245310755e-02
-9.495624792296439409e+00 9.316417828638280663e-02
-9.478184055062246927e+00 9.271271577660386565e-02
-9.460743317828054444e+00 9.216420851798096114e-02
-9.443302580593861961e+00 9.150965225025366190e-02
-9.425861843359669479e+00 9.074583986699058524e-02
-9.408421106125476996e+00 8.987896088440337772e-02
-9.390980368891284513e+00 8.892766878947473697e-02
-9.373539631657092031e+00 8.792523029245162547e-02
-9.356098894422899548e+00 8.692040097107688046e-02
-9.338658157188707065e+00 8.597673468857593149e-02
-9.321217419954514583e+00 8.517013517148487589e-02
-9.303776682720322100e+00 8.458459956627654985e-02
-9.286335945486129617e+00 8.430628183997256053e-02
-9.268895208251937134e+00 8.441620661116659707e-02
-9.251454471017744652e+00 8.498217086045359303e-02
-9.234013733783552169e+00 8.605055435445865819e-02
-9.216572996549363239e+00 8.763888837070678284e-02
-9.199132259315170757e+00 8.973007690353577981e-02
-9.181691522080978274e+00 9.226910297275214834e-02
-9.164250784846785791e+00 9.516287598488956667e-02
-9.146810047612593308e+00 9.828359222768900949e-02
-9.129369310378400826e+00 1.014756154862131998e-01
-9.111928573144208343e+00 1.045654804279488037e-01
-9.094487835910015860e+00 1.073742305362054839e-01
-9.077047098675823378e+00 1.097309807058467201e-01
-9.059606361441630895e+00 1.114863919276196796e-01
-9.042165624207438412e+00 1.125246970085328896e-01
-9.024724886973245930e+00 1.127730361006286097e-01
-9.007284149739053447e+00 1.122071386138758092e-01
-8.989843412504860964e+00 1.108527898847254112e-01
-8.972402675270668482e+00 1.087829939024020642e-01
-8.954961938036475999e+00 1.061112237773783190e-01
-8.937521200802283516e+00 1.029815748772056339e-01
-8.920080463568091034e+00 9.955694619221593100e-02
-8.902639726333902104e+00 9.600653561508507017e-02
-8.885198989099709621e+00 9.249392942284967445e-02
-8.867758251865517138e+00 8.916690471214287761e-02
-8.850317514631324656e+00 8.614977705908674621e-02
-8.832876777397132173e+00 8.353876132727018622e-02
-8.815436040162939690e+00 8.140042609728710687e-02
-8.797995302928747208e+00 7.977296520833372651e-02
-8.780554565694554725e+00 7.866972769214140848e-02
-8.763113828460362242e+00 7.808426903815356146e-02
-8.745673091226169760e+00 7.799612314672013658e-02
-8.728232353991977277e+00 7.837653840503153169e-02
-8.710791616757784794e+00 7.919355109211294319e-02
-8.693350879523592312e+00 8.041595320572821060e-02
-8.675910142289399829e+00 8.201591493223953089e-02
-8.658469405055207346e+00 8.397021239839186357e-02
-8.641028667821014864e+00 8.626016507396187805e-02
-8.623587930586822381e+00 8.887049133001032053e-02
-8.606147193352629898e+00 9.178734409361968827e-02
-8.588706456118440968e+00 9.499580035173232906e-02
-8.571265718884248486e+00 9.847706416583362765e-02
-8.553824981650056003e+00 1.022056205610903101e-01
-8.536384244415863520e+00 1.061465619906599989e-01
-8.518943507181671038e+00 1.102533080823120543e-01
-8.501502769947478555e+00 1.144659520649133622e-01
-8.484062032713286072e+00 1.187104837176596178e-01
-8.466621295479093590e+00 1.228991424532774879e-01
-8.449180558244901107e+00 1.269321266686222471e-01
-8.431739821010708624e+00 1.307008114491243211e-01
-8.414299083776516142e+00 1.340924992078393607e-01
-8.396858346542323659e+00 1.369965521386771745e-01
-8.379417609308131176e+00 1.393115500921909555e-01
-8.361976872073938694e+00 1.409529127799714621e-01
-8.344536134839746211e+00 1.418602579431647581e-01
-8.327095397605553728e+00 1.420036739478388321e-01
-8.309654660371361246e+00 1.413880949763477723e-01
-8.292213923137168763e+00 1.400550936520353895e-01
-8.274773185902979833e+00 1.380816445579100826e-01
-8.257332448668787350e+00 1.355757377265855435e-01
-8.239891711434594868e+00 1.326690919096153720e-01
-8.222450974200402385e+00 1.295075809710545811e-01
-8.205010236966209902e+00 1.262402890928846777e-01
-8.187569499732017420e+00 1.230083052299886376e-01
-8.170128762497824937e+00 1.199344236431530847e-01
-8.152688025263632454e+00 1.171148254634030161e-01
-8.135247288029439972e+00 1.146135885318054354e-01
-8.117806550795247489e+00 1.124605415505230827e-01
-8.100365813561055006e+00 1.106525903722757193e-01
-8.082925076326862524e+00 1.091582518858758566e-01
-8.065484339092670041e+00 1.079247852273195613e-01
-8.048043601858477558e+00 1.068870523003610656e-01
-8.030602864624285075e+00 1.059770964226144363e-01
-8.013162127390092593e+00 1.051334086881966778e-01
-7.995721390155900998e+00 1.043089488872480791e-01
-7.978280652921708516e+00 1.034771800812035875e-01
-7.960839915687517809e+00 1.026356322247315433e-01
-7.943399178453325327e+00 1.018067952635747647e-01
-7.925958441219132844e+00 1.010364213529198335e-01
-7.908517703984940361e+00 1.003895595580300698e-01
-7.891076966750747879e+00 9.994483274386831151e-02
-7.873636229516555396e+00 9.978758275544503953e-02
-7.856195492282362913e+00 1.000025533088235302e-01
-7.838754755048170431e+00 1.006667556109687722e-01
-7.821314017813977948e+00 1.018430816454694854e-01
-7.803873280579787242e+00 1.035751107011786964e-01
-7.786432543345594759e+00 1.058834142975909470e-01
-7.768991806111402276e+00 1.087635207233531437e-01
-7.751551068877209794e+00 1.121855676832466397e-01
-7.734110331643017311e+00 1.160955603725178503e-01
-7.716669594408824828e+00 1.204180677677416794e-01
-7.699228857174632346e+00 1.250601319658753707e-01
-7.681788119940439863e+00 1.299161296888109163e-01
-7.664347382706247380e+00 1.348733046718064710e-01
-7.646906645472056674e+00 1.398176771499645143e-01
-7.629465908237864191e+00 1.446400262910042256e-01
-7.612025171003671709e+00 1.492416308579795625e-01
-7.594584433769479226e+00 1.535394446381199429e-01
-7.577143696535286743e+00 1.574703824342726655e-01
-7.559702959301094261e+00 1.609944086888134285e-01
-7.542262222066901778e+00 1.640961635669928587e-01
-7.524821484832709295e+00 1.667849376197466926e-01
-7.507380747598516813e+00 1.690929178322243542e-01
-7.489940010364326106e+00 1.710717696388067421e-01
-7.472499273130133624e+00 1.727877783231234754e-01
-7.455058535895941141e+00 1.743159295648884499e-01
-7.437617798661748658e+00 1.757334395452531950e-01
-7.420177061427556175e+00 1.771133272774249034e-01
-7.402736324193363693e+00 1.785186380674931850e-01
-7.385295586959171210e+00 1.799978687212965001e-01
-7.367854849724978727e+00 1.815820154257843655e-01
-7.350414112490786245e+00 1.832834792603104113e-01
-7.332973375256595538e+00 1.850968470735218363e-01
-7.315532638022403056e+00 1.870013478285228459e-01
-7.298091900788210573e+00 1.889645977145843203e-01
-7.280651163554018090e+00 1.909471174868554166e-01
-7.263210426319825608e+00 1.929070491971978107e-01
-7.245769689085633125e+00 1.948045212249443214e-01
-7.228328951851440642e+00 1.966052026628873628e-01
-7.210888214617248160e+00 1.982827330662995380e-01
-7.193447477383055677e+00 1.998198876041846483e-01
-7.176006740148864971e+00 2.012085153574553475e-01
-7.158566002914672488e+00 2.024484468633455658e-01
-7.141125265680480005e+00 2.035456882283281366e-01
-7.123684528446287523e+00 2.045102919992436430e-01
-7.106243791212095040e+00 2.053543147190187712e-01
-7.088803053977902557e+00 2.060902383624366729e-01
-7.071362316743710075e+00 2.067301525181435284e-01
-7.053921579509517592e+00 2.072858744521608731e-01
-7.036480842275325109e+00 2.077700363064863831e-01
-7.019040105041134403e+00 2.081980071291977541e-01
-7.001599367806941920e+00 2.085903600065343866e-01
-6.984158630572749438e+00 2.089754618132685648e-01
-6.966717893338556955e+00 2.093916764894292737e-01
-6.949277156104364472e+00 2.098886515883701120e-01
-6.931836418870171990e+00 2.105272152476425351e-01
-6.914395681635979507e+00 2.113775496581734581e-01
-6.896954944401787024e+00 2.125155174637534117e-01
-6.879514207167596318e+00 2.140172755474181177e-01
-6.862073469933403835e+00 2.159525811175147803e-01
-6.844632732699211353e+00 2.183774362133617253e-01
-6.827191995465018870e+00 2.213268876545751163e-01
-6.809751258230826387e+00 2.248088673623096501e-01
-6.792310520996633905e+00 2.287999052609989981e-01
-6.774869783762441422e+00 2.332433752268835425e-01
-6.757429046528248939e+00 2.380506651638615578e-01
-6.739988309294056457e+00 2.431053331184914734e-01
-6.722547572059865750e+00 2.482699701961564032e-01
-6.705106834825673268e+00 2.533951871925577692e-01
-6.687666097591480785e+00 2.583299174222533079e-01
-6.670225360357288302e+00 2.629321110481864232e-01
-6.652784623123095820e+00 2.670788956604652764e-01
-6.635343885888903337e+00 2.706753842307501046e-01
-6.617903148654710854e+00 2.736614991036424027e-01
-6.600462411420518372e+00 2.760164132643238566e-01
-6.583021674186325889e+00 2.777604485600436712e-01
-6.565580936952135183e+00 2.789544799176649215e-01
-6.548140199717942700e+00 2.796970501938785270e-01
-6.530699462483750217e+00 2.801194912970576545e-01
-6.513258725249557735e+00 2.803793774437089992e-01
-6.495817988015365252e+00 2.806526222156687234e-01
-6.478377250781172769e+00 2.811244969464276044e-01
-6.460936513546980287e+00 2.819798206301456500e-01
-6.443495776312787804e+00 2.833925738336414701e-01
-6.426055039078595321e+00 2.855152345106532485e-01
-6.408614301844404615e+00 2.884682227971212543e-01
-6.391173564610212132e+00 2.923299614977943328e-01
-6.373732827376019650e+00 2.971281835840393626e-01
-6.356292090141827167e+00 3.028332143869648108e-01
-6.338851352907634684e+00 3.093539897037930753e-01
-6.321410615673442202e+00 3.165375130523070957e-01
-6.303969878439249719e+00 3.241722897867712616e-01
-6.286529141205057236e+00 3.319960042517811627e-01
-6.269088403970864753e+00 3.397073495134652621e-01
-6.251647666736674047e+00 3.469815159757995149e-01
-6.234206929502481564e+00 3.534884460941932760e-01
-6.216766192268289082e+00 3.589126223162746876e-01
-6.199325455034096599e+00 3.629729240255814560e-01
-6.181884717799904116e+00 3.654410024779027322e-01
-6.164443980565711634e+00 3.661566961357247130e-01
-6.147003243331519151e+00 3.650392352150296782e-01
-6.129562506097326668e+00 3.620933352122541193e-01
-6.112121768863134186e+00 3.574097104410667303e-01
-6.094681031628943479e+00 3.511599982249993812e-01
-6.077240294394750997e+00 3.435865215966181219e-01
-6.059799557160558514e+00 3.349876913998198202e-01
-6.042358819926366031e+00 3.257001300370676589e-01
-6.024918082692173549e+00 3.160787770864186830e-01
-6.007477345457981066e+00 3.064763140389549223e-01
-5.990036608223788583e+00 2.972232335112608981e-01
-5.972595870989596101e+00 2.886097935260911740e-01
-5.955155133755403618e+00 2.808709547519970817e-01
-5.937714396521212912e+00 2.741752084306802173e-01
-5.920273659287020429e+00 2.686179704458731554e-01
-5.902832922052827946e+00 2.642199447390350397e-01
-5.885392184818635464e+00 2.609305497721450817e-01
-5.867951447584442981e+00 2.586361626211182152e-01
-5.850510710350250498e+00 2.571725825701854373e-01
-5.833069973116058016e+00 2.563407754392318383e-01
-5.815629235881865533e+00 2.559246650652766686e-01
-5.798188498647673050e+00 2.557095268191461601e-01
-5.780747761413482344e+00 2.554994444802392572e-01
-5.763307024179289861e+00 2.551323410917356593e-01
-5.745866286945097379e+00 2.544912954235540870e-01
-5.728425549710904896e+00 2.535111973853983458e-01
-5.710984812476712413e+00 2.521802468723153834e-01
-5.693544075242519931e+00 2.505363127354099939e-01
-5.676103338008327448e+00 2.486586828451646802e-01
-5.658662600774134965e+00 2.466561913959976482e-01
-5.641221863539942483e+00 2.446530514249719845e-01
-5.623781126305751776e+00 2.427739095996566399e-01
-5.606340389071559294e+00 2.411296577079981296e-01
-5.588899651837366811e+00 2.398053846479544782e-01
-5.571458914603174328e+00 2.388515590841194802e-01
-5.554018177368981846e+00 2.382791381690086419e-01
-5.536577440134789363e+00 2.380588537807460658e-01
-5.519136702900596880e+00 2.381244889272416954e-01
-5.501695965666404398e+00 2.383795725222658812e-01
-5.484255228432211915e+00 2.387066287090495731e-01
-5.466814491198021209e+00 2.389779403618751685e-01
-5.449373753963828726e+00 2.390667321479986451e-01
-5.431933016729636243e+00 2.388577383238658647e-01
-5.414492279495443761e+00 2.382562740895959041e-01
-5.397051542261251278e+00 2.371951490708215093e-01
-5.379610805027058795e+00 2.356390166709438627e-01
-5.362170067792866313e+00 2.335860142931420191e-01
-5.344729330558673830e+00 2.310667919213403310e-01
-5.327288593324481347e+00 2.281412317540737478e-01
-5.309847856090290641e+00 2.248933178066536420e-01
-5.292407118856098158e+00 2.214247161683215170e-01
-5.274966381621905676e+00 2.178476734413207494e-01
-5.257525644387713193e+00 2.142778358696600383e-01
-5.240084907153520710e+00 2.108275401866240850e-01
-5.222644169919328228e+00 2.076000362292404477e-01
-5.205203432685135745e+00 2.046849791367936211e-01
-5.187762695450943262e+00 2.021553851316002237e-01
-5.170321958216750780e+00 2.000660907844062086e-01
-5.152881220982560073e+00 1.984536043001847438e-01
-5.135440483748367591e+00 1.973371030030929563e-01
-5.117999746514175108e+00 1.967202283501089666e-01
-5.100559009279982625e+00 1.965932714914556401e-01
-5.083118272045790142e+00 1.969353380662495490e-01
-5.065677534811597660e+00 1.977161342575937675e-01
-5.048236797577405177e+00 1.988971233164048003e-01
-5.030796060343212694e+00 2.004319506840157583e-01
-5.013355323109020212e+00 2.022662066359704192e-01
-4.995914585874829505e+00 2.043367624912464930e-01
-4.978473848640637023e+00 2.065710521336628636e-01
-4.961033111406444540e+00 2.088867493355963112e-01
-4.943592374172252057e+00 2.111922944570195082e-01
-4.926151636938059575e+00 2.133886436188870694e-01
-4.908710899703867092e+00 2.153724547876269824e-01
-4.891270162469674609e+00 2.170407073202933468e-01
-4.873829425235482127e+00 2.182965049177273964e-01
-4.856388688001289644e+00 2.190555744468574151e-01
-4.838947950767098938e+00 2.192527841043973302e-01
-4.821507213532906455e+00 2.188478984648013770e-01
-4.804066476298713972e+00 2.178297889413312594e-01
-4.786625739064521490e+00 2.162184348467282580e-01
-4.769185001830329007e+00 2.140642740826692314e-01
-4.751744264596136524e+00 2.114447682712601029e-01
-4.734303527361944042e+00 2.084583959335994663e-01
-4.716862790127751559e+00 2.052166317012290020e-01
-4.699422052893559076e+00 2.018347602056503320e-01
-4.681981315659368370e+00 1.984225660770801425e-01
-4.664540578425175887e+00 1.950760039294013592e-01
-4.647099841190983405e+00 1.918708686295731436e-01
-4.629659103956790922e+00 1.888592605844478800e-01
-4.612218366722598439e+00 1.860692972998045924e-01
-4.594777629488405957e+00 1.835081027221880934e-01
-4.577336892254213474e+00 1.811676640497994761e-01
-4.559896155020020991e+00 1.790327414776364534e-01
-4.542455417785828509e+00 1.770897067416219994e-01
-4.525014680551637802e+00 1.753350175290372404e-01
-4.507573943317445320e+00 1.737820352083354336e-01
-4.490133206083252837e+00 1.724650688227287454e-01
-4.472692468849060354e+00 1.714398608285485071e-01
-4.455251731614867872e+00 1.707801795620485785e-01
-4.437810994380675389e+00 1.705706930382306363e-01
-4.420370257146482906e+00 1.708968025814595060e-01
-4.402929519912290424e+00 1.718325472351124317e-01
-4.385488782678097941e+00 1.734279943030000160e-01
-4.368048045443907235e+00 1.756976678152145921e-01
-4.350607308209714752e+00 1.786115168994244495e-01
-4.333166570975522269e+00 1.820896951149640619e-01
-4.315725833741329787e+00 1.860020368946930791e-01
-4.298285096507137304e+00 1.901726232419825580e-01
-4.280844359272944821e+00 1.943892823049798713e-01
-4.263403622038752339e+00 1.984173325682800915e-01
-4.245962884804559856e+00 2.020164059632895137e-01
-4.228522147570367373e+00 2.049588354864289308e-01
-4.211081410336174891e+00 2.070478939034084975e-01
-4.193640673101982408e+00 2.081341472872285381e-01
-4.176199935867789925e+00 2.081283419465815299e-01
-4.158759198633597443e+00 2.070095602694548287e-01
-4.141318461399404960e+00 2.048278282992214705e-01
-4.123877724165216030e+00 2.017008902660628045e-01
-4.106436986931023547e+00 1.978054284543976638e-01
-4.088996249696831065e+00 1.933635424423701121e-01
-4.071555512462638582e+00 1.886257536844902771e-01
-4.054114775228446099e+00 1.838521215362940719e-01
-4.036674037994253617e+00 1.792932107841324896e-01
-4.019233300760061134e+00 1.751726222961737522e-01
-4.001792563525868651e+00 1.716725918787961880e-01
-3.984351826291676169e+00 1.689238027471109127e-01
-3.966911089057483686e+00 1.670000871559179922e-01
-3.949470351823291203e+00 1.659181685873603318e-01
-3.932029614589098721e+00 1.656420793205810871e-01
-3.914588877354906238e+00 1.660914390869380475e-01
-3.897148140120713755e+00 1.671524488955730969e-01
-3.879707402886521272e+00 1.686902737281704978e-01
-3.862266665652328790e+00 1.705614718610439784e-01
-3.844825928418136307e+00 1.726252685459109537e-01
-3.827385191183943824e+00 1.747527393100266890e-01
-3.809944453949754894e+00 1.768333197613639884e-01
-3.792503716715562412e+00 1.787784426800005100e-01
-3.775062979481369929e+00 1.805224668044139169e-01
-3.757622242247177446e+00 1.820213591916098606e-01
-3.740181505012984964e+00 1.832497910837013466e-01
-3.722740767778792481e+00 1.841973890230578781e-01
-3.705300030544599998e+00 1.848648493486428623e-01
-3.687859293310407516e+00 1.852604923189655195e-01
-3.670418556076215033e+00 1.853976318871669304e-01
-3.652977818842022550e+00 1.852929062979969677e-01
-3.635537081607830068e+00 1.849654928051860936e-01
-3.618096344373637585e+00 1.844369526416853589e-01
-3.600655607139445102e+00 1.837313466394179529e-01
-3.583214869905252620e+00 1.828752415664395559e-01
-3.565774132671060137e+00 1.818972916247595384e-01
-3.548333395436867654e+00 1.808272134401512077e-01
-3.530892658202675172e+00 1.796941489874193387e-01
-3.513451920968482689e+00 1.785245942298324395e-01
-3.496011183734293759e+00 1.773402249468947756e-01
-3.478570446500101276e+00 1.761560430287383572e-01
-3.461129709265908794e+00 1.749792748124787412e-01
-3.443688972031716311e+00 1.738093712878978903e-01
-3.426248234797523828e+00 1.726392986356893033e-01
-3.408807497563331346e+00 1.714580927459222193e-01
-3.391366760329138863e+00 1.702544206646246783e-01
-3.373926023094946380e+00 1.690206875388367280e-01
-3.356485285860753898e+00 1.677570884698072473e-01
-3.339044548626561415e+00 1.664749587642250228e-01
-3.321603811392368932e+00 1.651988349594313843e-01
-3.304163074158176450e+00 1.639667953924598964e-01
-3.286722336923983967e+00 1.628288781572011512e-01
-3.269281599689791484e+00 1.618436385068126315e-01
-3.251840862455599002e+00 1.610731641227338140e-01
-3.234400125221406519e+00 1.605770749192708680e-01
-3.216959387987214036e+00 1.604061639535631079e-01
-3.199518650753021554e+00 1.605963723395635590e-01
-3.182077913518832624e+00 1.611637352833330261e-01
-3.164637176284640141e+00 1.621008048560061143e-01
-3.147196439050447658e+00 1.633748746445373712e-01
-3.129755701816255176e+00 1.649281328971971827e-01
-3.112314964582062693e+00 1.666796830526502127e-01
-3.094874227347870210e+00 1.685292153850041219e-01
-3.077433490113677728e+00 1.703620028977774203e-01
-3.059992752879485245e+00 1.720548306064675903e-01
-3.042552015645292762e+00 1.734824441775743853e-01
-3.025111278411100280e+00 1.745241114183395115e-01
-3.007670541176907797e+00 1.750699176536796298e-01
-2.990229803942715314e+00 1.750264553555532510e-01
-2.972789066708522832e+00 1.743216152563178967e-01
-2.955348329474330349e+00 1.729082401340923947e-01
-2.937907592240137866e+00 1.707664652696121721e-01
-2.920466855005945384e+00 1.679046429036816224e-01
-2.903026117771752901e+00 1.643588312454264400e-01
-2.885585380537560418e+00 1.601909174726396656e-01
-2.868144643303371488e+00 1.554855309347536185e-01
-2.850703906069179006e+00 1.503459774261591275e-01
-2.833263168834986523e+00 1.448894780740449528e-01
-2.815822431600794040e+00 1.392420199135435688e-01
-2.798381694366601558e+00 1.335331172109770759e-01
-2.780940957132409075e+00 1.278907463640296394e-01
-2.763500219898216592e+00 1.224366612908334567e-01
-2.746059482664024110e+00 1.172822325235178126e-01
-2.728618745429831627e+00 1.125248942960853649e-01
-2.711178008195639144e+00 1.082452400493807143e-01
-2.693737270961446661e+00 1.045047836463360025e-01
-2.676296533727254179e+00 1.013444010724632444e-01
-2.658855796493061696e+00 9.878347979807000634e-02
-2.641415059258869213e+00 9.681982063478401790e-02
-2.623974322024676731e+00 9.543034871691495613e-02
-2.606533584790484248e+00 9.457268644037589156e-02
-2.589092847556291765e+00 9.418761586739284042e-02
-2.571652110322099283e+00 9.420241060109957321e-02
-2.554211373087910353e+00 9.453495226935343387e-02
-2.536770635853717870e+00 9.509847373787762292e-02
-2.519329898619525387e+00 9.580670152735018541e-02
-2.501889161385332905e+00 9.657911495596964435e-02
-2.484448424151140422e+00 9.734600797848916298e-02
-2.467007686916947939e+00 9.805303592466806106e-02
-2.449566949682755457e+00 9.866495272979451669e-02
-2.432126212448562974e+00 9.916828966322135952e-02
-2.414685475214370491e+00 9.957278587644466383e-02
-2.397244737980178009e+00 9.991144538223206695e-02
-2.379804000745985526e+00 1.002391569306062685e-01
-2.362363263511793043e+00 1.006298686892416056e-01
-2.344922526277600561e+00 1.011723591466098665e-01
-2.327481789043408078e+00 1.019646940008989283e-01
-2.310041051809215595e+00 1.031075135814732424e-01
-2.292600314575023113e+00 1.046963645154691952e-01
-2.275159577340830630e+00 1.068133780925508425e-01
-2.257718840106641700e+00 1.095187055386407093e-01
-2.240278102872449217e+00 1.128422387333543331e-01
-2.222837365638256735e+00 1.167762568667519985e-01
-2.205396628404064252e+00 1.212697211747282566e-01
-2.187955891169871769e+00 1.262249638226844717e-01
-2.170515153935679287e+00 1.314974577119816801e-01
-2.153074416701486804e+00 1.368991940302061172e-01
-2.135633679467294321e+00 1.422059302183117935e-01
-2.118192942233101839e+00 1.471682170904564380e-01
-2.100752204998909356e+00 1.515257035006232766e-01
-2.083311467764716873e+00 1.550237998487739854e-01
-2.065870730530524391e+00 1.574314172747955931e-01
-2.048429993296331908e+00 1.585582473722494390e-01
-2.030989256062139425e+00 1.582699570555682334e-01
-2.013548518827946943e+00 1.564997738772495595e-01
-1.996107781593754460e+00 1.532552302597260663e-01
-1.978667044359561977e+00 1.486192925787451768e-01
-1.961226307125369495e+00 1.427456677534953144e-01
-1.943785569891180565e+00 1.358486821823993718e-01
-1.926344832656988082e+00 1.281886848858895256e-01
-1.908904095422795599e+00 1.200543644854681902e-01
-1.891463358188603117e+00 1.117436328745864960e-01
-1.874022620954410634e+00 1.035447894056603507e-01
-1.856581883720218151e+00 9.571954157988794842e-02
-1.839141146486025669e+00 8.848915406048775412e-02
-1.821700409251833186e+00 8.202458159832694273e-02
-1.804259672017640703e+00 7.644097852734432763e-02
-1.786818934783448221e+00 7.179653249026515804e-02
-1.769378197549255738e+00 6.809519629974720989e-02
-1.751937460315063255e+00 6.529262391362600226e-02
-1.734496723080870773e+00 6.330446723297729339e-02
-1.717055985846678290e+00 6.201615233519543885e-02
-1.699615248612485807e+00 6.129330415340829286e-02
-1.682174511378293325e+00 6.099209689952298646e-02
-1.664733774144100842e+00 6.096894275417794745e-02
-1.647293036909908359e+00 6.108906846651342148e-02
-1.629852299675719429e+00 6.123365307560640208e-02
-1.612411562441526947e+00 6.130530484458252688e-02
-1.594970825207334464e+00 6.123174485367406661e-02
-1.577530087973141981e+00 6.096764620194357331e-02
-1.560089350738949499e+00 6.049465923956984237e-02
-1.542648613504757016e+00 5.981973898526863481e-02
-1.525207876270564533e+00 5.897197957709625349e-02
-1.507767139036372050e+00 5.799824534239035601e-02
-1.490326401802179568e+00 5.695795817310041892e-02
-1.472885664567987085e+00 5.591744499780171296e-02
-1.455444927333794602e+00 5.494425859536890278e-02
-1.438004190099602120e+00 5.410185655345505634e-02
-1.420563452865409637e+00 5.344496030478063098e-02
-1.403122715631217154e+00 5.301582861151472176e-02
-1.385681978397024672e+00 5.284158157055275640e-02
-1.368241241162832189e+00 5.293261726158801639e-02
-1.350800503928639706e+00 5.328208641379766214e-02
-1.333359766694447224e+00 5.386633880778968209e-02
-1.315919029460258294e+00 5.464622997016494593e-02
-1.298478292226065811e+00 5.556917310476319066e-02
-1.281037554991873328e+00 5.657182945089476306e-02
-1.263596817757680846e+00 5.758333868395639626e-02
-1.246156080523488363e+00 5.852898907092014130e-02
-1.228715343289295880e+00 5.933420837319263591e-02
-1.211274606055103398e+00 5.992872034296139322e-02
-1.193833868820910915e+00 6.025066381689683781e-02
-1.176393131586718432e+00 6.025042289972130233e-02
-1.158952394352525950e+00 5.989388155068281483e-02
-1.141511657118333467e+00 5.916480790551822272e-02
-1.124070919884140984e+00 5.806610337429175817e-02
-1.106630182649948502e+00 5.661972335704858889e-02
-1.089189445415756019e+00 5.486518703507197586e-02
-1.071748708181563536e+00 5.285673201729979703e-02
-1.054307970947371054e+00 5.065931810001700342e-02
-1.036867233713178571e+00 4.834382174853717878e-02
-1.019426496478986088e+00 4.598186766741903242e-02
-1.001985759244797158e+00 4.364079811811979320e-02
-9.845450220106046757e-01 4.137927348980798004e-02
-9.671042847764121930e-01 3.924392715485965077e-02
-9.496635475422197104e-01 3.726737176559266618e-02
-9.322228103080272277e-01 3.546768959631430712e-02
-9.147820730738347450e-01 3.384935929488108036e-02
-8.973413358396422623e-01 3.240540108432443667e-02
-8.799005986054497797e-01 3.112038612955994599e-02
-8.624598613712572970e-01 2.997387213066915121e-02
-8.450191241370648143e-01 2.894380653947453697e-02
-8.275783869028723316e-01 2.800948158296049859e-02
-8.101376496686798490e-01 2.715372232378770317e-02
-7.926969124344873663e-01 2.636412327026326288e-02
-7.752561752002948836e-01 2.563329878000724510e-02
-7.578154379661024009e-01 2.495825486309910524e-02
-7.403747007319099183e-01 2.433910481575696574e-02
-7.229339634977174356e-01 2.377742389090663558e-02
-7.054932262635249529e-01 2.327456189988356960e-02
-6.880524890293360230e-01 2.283020810136807480e-02
-6.706117517951435403e-01 2.244143780878453398e-02
-6.531710145609510576e-01 2.210237769742614752e-02
-6.357302773267585749e-01 2.180452218457905669e-02
-6.182895400925660923e-01 2.153763180609851238e-02
-6.008488028583736096e-01 2.129105934430593899e-02
-5.834080656241811269e-01 2.105529007361551380e-02
-5.659673283899886442e-01 2.082345413486541216e-02
-5.485265911557961616e-01 2.059257283280014478e-02
-5.310858539216036789e-01 2.036433413323148964e-02
-5.136451166874111962e-01 2.014525066684577648e-02
-4.962043794532187135e-01 1.994612910519690668e-02
-4.787636422190262309e-01 1.978086467783025937e-02
-4.613229049848337482e-01 1.966466005467854689e-02
-4.438821677506412655e-01 1.961184489799814440e-02
-4.264414305164487828e-01 1.963353255224506086e-02
-4.090006932822563002e-01 1.973538609806415808e-02
-3.915599560480638175e-01 1.991577174165577377e-02
-3.741192188138748875e-01 2.016455044010111164e-02
-3.566784815796824049e-01 2.046269959926735882e-02
-3.392377443454899222e-01 2.078287055909148334e-02
-3.217970071112974395e-01 2.109088337703700008e-02
-3.043562698771049568e-01 2.134805037946123710e-02
-2.869155326429124742e-01 2.151411812435225293e-02
-2.694747954087199915e-01 2.155053768445042844e-02
-2.520340581745275088e-01 2.142372703951217830e-02
-2.345933209403350261e-01 2.110798405534081157e-02
-2.171525837061425435e-01 2.058774553021782208e-02
-1.997118464719500608e-01 1.985896247523302738e-02
-1.822711092377575781e-01 1.892946399889056108e-02
-1.648303720035650954e-01 1.781829776360697309e-02
-1.473896347693726128e-01 1.655414815396191036e-02
-1.299488975351801301e-01 1.517302906837886614e-02
-1.125081603009876474e-01 1.371551481761893593e-02
-9.506742306679516474e-02 1.222380306542147736e-02
-7.762668583260268207e-02 1.073889682857937997e-02
-6.018594859841375211e-02 9.298152466068517613e-03
-4.274521136422126943e-02 7.933375862817457561e-03
-2.530447413002878676e-02 6.669570778282988936e-03
-7.863736895836304086e-03 5.524363306895198507e-03
9.577000338356178588e-03 4.508055047095605589e-03
2.701773757254866126e-02 3.624202678183196646e-03
4.445847480674114394e-02 2.870587517597573708e-03
6.189921204093362661e-02 2.240426028906217486e-03
7.933994927512610928e-02 1.723678847170605124e-03
9.678068650931859196e-02 1.308337168648918093e-03
1.142214237435110746e-01 9.815956770014146009e-04
1.316621609777035573e-01 7.308548105030445276e-04
1.491028982118960400e-01 5.445270985500293018e-04
1.665436354460885227e-01 4.126487443053784496e-04
1.839843726802810053e-01 3.273163053634492838e-04
2.014251099144734880e-01 2.829783556855467981e-04
2.188658471486659707e-01 2.766137426903676364e-04
2.363065843828584534e-01 3.078227430887167204e-04
2.537473216170473833e-01 3.788469485390062491e-04
2.711880588512398660e-01 4.945203244345447967e-04
2.886287960854323487e-01 6.621400077478908431e-04
3.060695333196248313e-01 8.912335010231238778e-04
3.235102705538173140e-01 1.193191330343150317e-03
3.409510077880097967e-01 1.580733035869259784e-03
3.583917450222022794e-01 2.067181110861434582e-03
3.758324822563947620e-01 2.665532949824714077e-03
3.932732194905872447e-01 3.387344641124885418e-03
4.107139567247797274e-01 4.241470795628650425e-03
4.281546939589722101e-01 5.232738291724075251e-03
4.455954311931646927e-01 6.360664206177025354e-03
4.630361684273571754e-01 7.618353694093524427e-03
4.804769056615496581e-01 8.991726355552747199e-03
4.979176428957421408e-01 1.045921461434051215e-02
5.153583801299346234e-01 1.199205162009443597e-02
5.327991173641271061e-01 1.355521879875322237e-02
5.502398545983195888e-01 1.510905754908868984e-02
5.676805918325085187e-01 1.661147245457814114e-02
5.851213290667010014e-01 1.802057451884717804e-02
6.025620663008934841e-01 1.929754387224575166e-02
6.200028035350859668e-01 2.040944363040366957e-02
6.374435407692784494e-01 2.133169951942524845e-02
6.548842780034709321e-01 2.204997893341248405e-02
6.723250152376634148e-01 2.256125833285476182e-02
6.897657524718558975e-01 2.287395359009613410e-02
7.072064897060483801e-01 2.300709307726253247e-02
7.246472269402408628e-01 2.298862338343756959e-02
7.420879641744333455e-01 2.285303668301766691e-02
7.595287014086258282e-01 2.263858250935001787e-02
7.769694386428183108e-01 2.238436447110719527e-02
7.944101758770107935e-01 2.212761944722050830e-02
8.118509131112032762e-01 2.190143465963233227e-02
8.292916503453957588e-01 2.173308449345298654e-02
8.467323875795882415e-01 2.164307638135926429e-02
8.641731248137807242e-01 2.164489827222470381e-02
8.816138620479696542e-01 2.174537382388658929e-02
8.990545992821621368e-01 2.194546768345275595e-02
9.164953365163546195e-01 2.224134997974658995e-02
9.339360737505471022e-01 2.262552918669829410e-02
9.513768109847395849e-01 2.308789331618436511e-02
9.688175482189320675e-01 2.361655396749074223e-02
9.862582854531245502e-01 2.419845593756376687e-02
1.003699022687317033e+00 2.481978517343917667e-02
1.021139759921509516e+00 2.546626821615784533e-02
1.038580497155701998e+00 2.612349690927173382e-02
1.056021234389894481e+00 2.677742575250166915e-02
1.073461971624086964e+00 2.741517221124236542e-02
1.090902708858279446e+00 2.802620299094553402e-02
1.108343446092471929e+00 2.860391643593945821e-02
1.125784183326664412e+00 2.914754148079170756e-02
1.143224920560856894e+00 2.966417893330366290e-02
1.160665657795049377e+00 3.017072542767628568e-02
1.178106395029241860e+00 3.069535887046042494e-02
1.195547132263430790e+00 3.127824000871388954e-02
1.212987869497623272e+00 3.197110790657086560e-02
1.230428606731815755e+00 3.283552235747131537e-02
1.247869343966008238e+00 3.393963155623259259e-02
1.265310081200200720e+00 3.535350921067555163e-02
1.282750818434393203e+00 3.714329501503118441e-02
1.300191555668585686e+00 3.936456359403724126e-02
1.317632292902778168e+00 4.205551389672600865e-02
1.335073030136970651e+00 4.523068776155329818e-02
1.352513767371163134e+00 4.887597081649708991e-02
1.369954504605355616e+00 5.294558608092594931e-02
1.387395241839548099e+00 5.736165584495809405e-02
1.404835979073740582e+00 6.201668781446230405e-02
1.422276716307933064e+00 6.677905646362797265e-02
1.439717453542125547e+00 7.150122991121114768e-02
1.457158190776318030e+00 7.603017353237001563e-02
1.474598928010510512e+00 8.021908357904732056e-02
1.492039665244702995e+00 8.393940408234572270e-02
1.509480402478891925e+00 8.709198682740337816e-02
1.526921139713084408e+00 8.961628323238285398e-02
1.544361876947276890e+00 9.149660931349605508e-02
1.561802614181469373e+00 9.276478570858719130e-02
1.579243351415661856e+00 9.349879535041207002e-02
1.596684088649854338e+00 9.381748342686813125e-02
1.614124825884046821e+00 9.387170487773102701e-02
1.631565563118239304e+00 9.383266232335669976e-02
1.649006300352431786e+00 9.387843708255398656e-02
1.666447037586624269e+00 9.417987347417706989e-02
1.683887774820816752e+00 9.488702026984854876e-02
1.701328512055009234e+00 9.611726418829241725e-02
1.718769249289201717e+00 9.794612120116910625e-02
1.736209986523394200e+00 1.004014032042438720e-01
1.753650723757586682e+00 1.034611766111667164e-01
1.771091460991779165e+00 1.070556040523249069e-01
1.788532198225971648e+00 1.110724384604235976e-01
1.805972935460164130e+00 1.153656458039810789e-01
1.823413672694353060e+00 1.197663903497377391e-01
1.840854409928545543e+00 1.240954419846462264e-01
1.858295147162738026e+00 1.281759712985032773e-01
1.875735884396930508e+00 1.318456918537824207e-01
1.893176621631122991e+00 1.349673912583922442e-01
1.910617358865315474e+00 1.374370574107984799e-01
1.928058096099507956e+00 1.391890404550657490e-01
1.945498833333700439e+00 1.401979742925604788e-01
1.962939570567892922e+00 1.404774875526242084e-01
1.980380307802085404e+00 1.400760322569778449e-01
1.997821045036277887e+00 1.390704175253923147e-01
2.015261782270470370e+00 1.375578267993047277e-01
2.032702519504662853e+00 1.356471981362171730e-01
2.050143256738855335e+00 1.334508462892121383e-01
2.067583993973047818e+00 1.310771032698061223e-01
2.085024731207240301e+00 1.286245649447360084e-01
2.102465468441432783e+00 1.261782810056776838e-01
2.119906205675625266e+00 1.238079491934939158e-01
2.137346942909814196e+00 1.215679106504093804e-01
2.154787680144006679e+00 1.194985285184323592e-01
2.172228417378199161e+00 1.176283955834180328e-01
2.189669154612391644e+00 1.159767757471861505e-01
2.207109891846584127e+00 1.145557401530015590e-01
2.224550629080776609e+00 1.133715982279050599e-01
2.241991366314969092e+00 1.124254199539416466e-01
2.259432103549161575e+00 1.117126630106505120e-01
2.276872840783354057e+00 1.112221192439491885e-01
2.294313578017546540e+00 1.109345454317308965e-01
2.311754315251739023e+00 1.108214195041073158e-01
2.329195052485931505e+00 1.108442548834688984e-01
2.346635789720123988e+00 1.109548171783194120e-01
2.364076526954316471e+00 1.110964376111012869e-01
2.381517264188508953e+00 1.112064348065582992e-01
2.398958001422701436e+00 1.112194739780504871e-01
2.416398738656893919e+00 1.110715416235237840e-01
2.433839475891086401e+00 1.107041189147645599e-01
2.451280213125275331e+00 1.100681111375695354e-01
2.468720950359467814e+00 1.091271338687247044e-01
2.486161687593660297e+00 1.078598567453638302e-01
2.503602424827852779e+00 1.062612409989643486e-01
2.521043162062045262e+00 1.043426509518581013e-01
2.538483899296237745e+00 1.021309465775570163e-01
2.555924636530430227e+00 9.966675378783521055e-02
2.573365373764622710e+00 9.700215040500681507e-02
2.590806110998815193e+00 9.419799883681184705e-02
2.608246848233007675e+00 9.132111161459897930e-02
2.625687585467200158e+00 8.844137098362184202e-02
2.643128322701392641e+00 8.562885958077533222e-02
2.660569059935585123e+00 8.295101502148746753e-02
2.678009797169777606e+00 8.046980978173440269e-02
2.695450534403970089e+00 7.823898264248108081e-02
2.712891271638162571e+00 7.630140252223333031e-02
2.730332008872355054e+00 7.468671441105828590e-02
2.747772746106547537e+00 7.340947979943890367e-02
2.765213483340736467e+00 7.246805953548154933e-02
2.782654220574928949e+00 7.184447911254059072e-02
2.800094957809121432e+00 7.150545731780617864e-02
2.817535695043313915e+00 7.140467215097659470e-02
2.834976432277506397e+00 7.148619681340147303e-02
2.852417169511698880e+00 7.168888536811948708e-02
2.869857906745891363e+00 7.195134818491202844e-02
2.887298643980083845e+00 7.221705598387165304e-02
2.904739381214276328e+00 7.243906649633934103e-02
2.922180118448468811e+00 7.258388818553011823e-02
2.939620855682661293e+00 7.263407881830322155e-02
2.957061592916853776e+00 7.258931052395467542e-02
2.974502330151046259e+00 7.246579755756728247e-02
2.991943067385238741e+00 7.229415523192524173e-02
3.009383804619431224e+00 7.211591626115927689e-02
3.026824541853623707e+00 7.197905643747523619e-02
3.044265279087816189e+00 7.193296417766102679e-02
3.061706016322008672e+00 7.202332423784049698e-02
3.079146753556197602e+00 7.228737715899957728e-02
3.096587490790390085e+00 7.274996923905428792e-02
3.114028228024582567e+00 7.342073127226082796e-02
3.131468965258775050e+00 7.429262603746789040e-02
3.148909702492967533e+00 7.534199144253114766e-02
3.166350439727160015e+00 7.653008406725482493e-02
3.183791176961352498e+00 7.780600204846199741e-02
3.201231914195544981e+00 7.911074329050692133e-02
3.218672651429737464e+00 8.038204339676799370e-02
3.236113388663929946e+00 8.155954834545413312e-02
3.253554125898122429e+00 8.258982204729553578e-02
3.270994863132314912e+00 8.343068023044181158e-02
3.288435600366507394e+00 8.405438802264346421e-02
3.305876337600699877e+00 8.444936149571835582e-02
3.323317074834892360e+00 8.462016750508694063e-02
3.340757812069084842e+00 8.458580675726845577e-02
3.358198549303277325e+00 8.437646978099232198e-02
3.375639286537469808e+00 8.402914709982570174e-02
3.393080023771658738e+00 8.358262549295611410e-02
3.410520761005851220e+00 8.307248801588112963e-02
3.427961498240043703e+00 8.252674121333825052e-02
3.445402235474236186e+00 8.196261512314183262e-02
3.462842972708428668e+00 8.138492944608620439e-02
3.480283709942621151e+00 8.078621348460471308e-02
3.497724447176813634e+00 8.014853738270311112e-02
3.515165184411006116e+00 7.944679076507878135e-02
3.532605921645198599e+00 7.865296333361992964e-02
3.550046658879391082e+00 7.774086491799411802e-02
3.567487396113583564e+00 7.669068404632455038e-02
3.584928133347776047e+00 7.549282615151967080e-02
3.602368870581968530e+00 7.415058488162801220e-02
3.619809607816161012e+00 7.268136272104398776e-02
3.637250345050353495e+00 7.111634438851556494e-02
3.654691082284545978e+00 6.949871098883816933e-02
3.672131819518738460e+00 6.788064042043139013e-02
3.689572556752930943e+00 6.631945240925382623e-02
3.707013293987119873e+00 6.487331570304080697e-02
3.724454031221312356e+00 6.359694032145668530e-02
3.741894768455504838e+00 6.253763687138298721e-02
3.759335505689697321e+00 6.173205050848529912e-02
3.776776242923889804e+00 6.120378395785421033e-02
3.794216980158082286e+00 6.096202608144268148e-02
3.811657717392274769e+00 6.100121079589416323e-02
3.829098454626467252e+00 6.130165265303960664e-02
3.846539191860659734e+00 6.183104310534778131e-02
3.863979929094852217e+00 6.254664547339455760e-02
3.881420666329044700e+00 6.339799554571268203e-02
3.898861403563237182e+00 6.432989715962510180e-02
3.916302140797429665e+00 6.528549745776422719e-02
3.933742878031622148e+00 6.620923517643614864e-02
3.951183615265814630e+00 6.704947805391926752e-02
3.968624352500007113e+00 6.776070232514140590e-02
3.986065089734199596e+00 6.830511661892042785e-02
4.003505826968392078e+00 6.865369030872958689e-02
4.020946564202581008e+00 6.878660605111780457e-02
4.038387301436773491e+00 6.869320995906444405e-02
4.055828038670965974e+00 6.837157270920349306e-02
4.073268775905158456e+00 6.782779478193956546e-02
4.090709513139350939e+00 6.707518625666124279e-02
4.108150250373543422e+00 6.613342767649636744e-02
4.125590987607735904e+00 6.502777923389387038e-02
4.143031724841928387e+00 6.378835986809716641e-02
4.160472462076120870e+00 6.244947609382352216e-02
4.177913199310313352e+00 6.104895184854283730e-02
4.195353936544505835e+00 5.962740161831760199e-02
4.212794673778698318e+00 5.822740121880755348e-02
4.230235411012890800e+00 5.689254033905900843e-02
4.247676148247083283e+00 5.566638022018372683e-02
4.265116885481275766e+00 5.459137770294680836e-02
4.282557622715468248e+00 5.370786199718808468e-02
4.299998359949660731e+00 5.305315386147833878e-02
4.317439097183853214e+00 5.266089407100145448e-02
4.334879834418042144e+00 5.256060091924357608e-02
4.352320571652234626e+00 5.277741330063447089e-02
4.369761308886427109e+00 5.333191017414950358e-02
4.387202046120619592e+00 5.423984523554315623e-02
4.404642783354812074e+00 5.551161322984504709e-02
4.422083520589004557e+00 5.715128322167469660e-02
4.439524257823197040e+00 5.915509883027719740e-02
4.456964995057389523e+00 6.150945135509395395e-02
4.474405732291582005e+00 6.418846496895068421e-02
4.491846469525774488e+00 6.715147217328244766e-02
4.509287206759966971e+00 7.034077662181414947e-02
4.526727943994159453e+00 7.368017358646110349e-02
4.544168681228351936e+00 7.707470525113675752e-02
4.561609418462544419e+00 8.041205760861061536e-02
4.579050155696736901e+00 8.356585923336147526e-02
4.596490892930929384e+00 8.640093389649841638e-02
4.613931630165121867e+00 8.878031463401007961e-02
4.631372367399314349e+00 9.057357997388290616e-02
4.648813104633503279e+00 9.166585956010274427e-02
4.666253841867695762e+00 9.196670902665102232e-02
4.683694579101888245e+00 9.141799660129787397e-02
4.701135316336080727e+00 8.999998783657689461e-02
4.718576053570273210e+00 8.773495690164401228e-02
4.736016790804465693e+00 8.468787601963742584e-02
4.753457528038658175e+00 8.096401093733193721e-02
4.770898265272850658e+00 7.670354539200353872e-02
4.788339002507043141e+00 7.207363596297226838e-02
4.805779739741235623e+00 6.725852916579888596e-02
4.823220476975428106e+00 6.244853214320648938e-02
4.840661214209620589e+00 5.782870453312499714e-02
4.858101951443813071e+00 5.356813097802656798e-02
4.875542688678005554e+00 4.981055009051395949e-02
4.892983425912198037e+00 4.666697248620452904e-02
4.910424163146390519e+00 4.421073747901314160e-02
4.927864900380583002e+00 4.247525536208418551e-02
4.945305637614775485e+00 4.145447778318982895e-02
4.962746374848964415e+00 4.110594668398358936e-02
4.980187112083156897e+00 4.135610258468465361e-02
4.997627849317349380e+00 4.210739216122330597e-02
5.015068586551541863e+00 4.324660736015555756e-02
5.032509323785734345e+00 4.465381709575710900e-02
5.049950061019926828e+00 4.621122120705543207e-02
5.067390798254119311e+00 4.781126823666197873e-02
5.084831535488311793e+00 4.936343650712213260e-02
5.102272272722504276e+00 5.079918268308865337e-02
5.119713009956696759e+00 5.207471065516260794e-02
5.137153747190889241e+00 5.317139830862326055e-02
5.154594484425081724e+00 5.409392710157913398e-02
5.172035221659274207e+00 5.486637084237154516e-02
5.189475958893466689e+00 5.552669372826862793e-02
5.206916696127659172e+00 5.612026107083423893e-02
5.224357433361851655e+00 5.669305939760643787e-02
5.241798170596044137e+00 5.728534205220258552e-02
5.259238907830236620e+00 5.792635700553345340e-02
5.276679645064425550e+00 5.863068048647950004e-02
5.294120382298618033e+00 5.939648839881012110e-02
5.311561119532810515e+00 6.020587069187027102e-02
5.329001856767002998e+00 6.102706031263529368e-02
5.346442594001195481e+00 6.181823746909149292e-02
5.363883331235387963e+00 6.253240774409536684e-02
5.381324068469580446e+00 6.312275807596567923e-02
5.398764805703772929e+00 6.354787695887215149e-02
5.416205542937965411e+00 6.377628270835362934e-02
5.433646280172157894e+00 6.378982425107784793e-02
5.451087017406350377e+00 6.358568240233818114e-02
5.468527754640542859e+00 6.317688088729950247e-02
5.485968491874735342e+00 6.259138943661861354e-02
5.503409229108927825e+00 6.187004321134356721e-02
5.520849966343120307e+00 6.106359709444661443e-02
5.538290703577312790e+00 6.022927221951887566e-02
5.555731440811505273e+00 5.942713714927901764e-02
5.573172178045697756e+00 5.871660770040924848e-02
5.590612915279886685e+00 5.815326431564155074e-02
5.608053652514079168e+00 5.778609403819061352e-02
5.625494389748271651e+00 5.765518482363844732e-02
5.642935126982464134e+00 5.778984810901302560e-02
5.660375864216656616e+00 5.820712911253245192e-02
5.677816601450849099e+00 5.891068256687521931e-02
5.695257338685041582e+00 5.989003548564721807e-02
5.712698075919234064e+00 6.112031273426597744e-02
5.730138813153426547e+00 6.256254712987334432e-02
5.747579550387619030e+00 6.416471595375400350e-02
5.765020287621811512e+00 6.586362741686807576e-02
5.782461024856003995e+00 6.758771901127236248e-02
5.799901762090196478e+00 6.926072952521020176e-02
5.817342499324388960e+00 7.080608163403449840e-02
5.834783236558581443e+00 7.215168311723600680e-02
5.852223973792773926e+00 7.323474577168948008e-02
5.869664711026966408e+00 7.400615455687468980e-02
5.887105448261158891e+00 7.443391229654519603e-02
5.904546185495347821e+00 7.450524514446575652e-02
5.921986922729540304e+00 7.422707785820788218e-02
5.939427659963732786e+00 7.362476180733988629e-02
5.956868397197925269e+00 7.273913996051369069e-02
5.974309134432117752e+00 7.162223412062673766e-02
5.991749871666310234e+00 7.033201199767051548e-02
6.009190608900502717e+00 6.892681072396941722e-02
6.026631346134695200e+00 6.746004210170337967e-02
6.044072083368887682e+00 6.597577621162267758e-02
6.061512820603080165e+00 6.450569775326699118e-02
6.078953557837272648e+00 6.306776720241162593e-02
6.096394295071465130e+00 6.166671759098817790e-02
6.113835032305657613e+00 6.029630263934158269e-02
6.131275769539850096e+00 5.894300887200569494e-02
6.148716506774042578e+00 5.759077625103524445e-02
6.166157244008235061e+00 5.622615647784836440e-02
6.183597981242427544e+00 5.484328630102099089e-02
6.201038718476620026e+00 5.344806844396009921e-02
6.218479455710808956e+00 5.206103175761309099e-02
6.235920192945001439e+00 5.071847571961451973e-02
6.253360930179193922e+00 4.947167884634690038e-02
6.270801667413386404e+00 4.838414941933432550e-02
6.288242404647578887e+00 4.752710202041023763e-02
6.305683141881771370e+00 4.697353618436114070e-02
6.323123879115963852e+00 4.679145615116513113e-02
6.340564616350156335e+00 4.703688712219623869e-02
6.358005353584348818e+00 4.774740040505027344e-02
6.375446090818541300e+00 4.893684837943183125e-02
6.392886828052733783e+00 5.059192685032662395e-02
6.410327565286926266e+00 5.267103024369482189e-02
6.427768302521118748e+00 5.510565476583123568e-02
6.445209039755311231e+00 5.780435393720700921e-02
6.462649776989503714e+00 6.065898401219839420e-02
6.480090514223696196e+00 6.355272219819459167e-02
6.497531251457888679e+00 6.636912808885275794e-02
6.514971988692077609e+00 6.900137577293459501e-02
6.532412725926270092e+00 7.136073192183073344e-02
6.549853463160462574e+00 7.338340540448613780e-02
6.567294200394655057e+00 7.503504615455537652e-02
6.584734937628847540e+00 7.631241162980116621e-02
6.602175674863040022e+00 7.724202262373557060e-02
6.619616412097232505e+00 7.787596135329161173e-02
6.637057149331424988e+00 7.828528345312336933e-02
6.654497886565617470e+00 7.855178172451979246e-02
6.671938623799809953e+00 7.875901892648572156e-02
6.689379361034002436e+00 7.898361601183857827e-02
6.706820098268194918e+00 7.928773181515978707e-02
6.724260835502387401e+00 7.971350707733698693e-02
6.741701572736579884e+00 8.027999187613606147e-02
6.759142309970772367e+00 8.098276527395012470e-02
6.776583047204964849e+00 8.179613083514353233e-02
6.794023784439157332e+00 8.267747436460123889e-02
6.811464521673349815e+00 8.357313848620386010e-02
6.828905258907538744e+00 8.442502975049252789e-02
6.846345996141731227e+00 8.517714091227121531e-02
6.863786733375923710e+00 8.578124143956672443e-02
6.881227470610116193e+00 8.620114651397881023e-02
6.898668207844308675e+00 8.641519125795113498e-02
6.916108945078501158e+00 8.641677939297208455e-02
6.933549682312693641e+00 8.621311052650885987e-02
6.950990419546886123e+00 8.582238924425127091e-02
6.968431156781078606e+00 8.526996224806906999e-02
6.985871894015271089e+00 8.458390741960629400e-02
7.003312631249463571e+00 8.379061146284902395e-02
7.020753368483656054e+00 8.291082926214976556e-02
7.038194105717848537e+00 8.195663179157455791e-02
7.055634842952041019e+00 8.092953548254662455e-02
7.073075580186233502e+00 7.981997849928847144e-02
7.090516317420425985e+00 7.860817981351672645e-02
7.107957054654618467e+00 7.726629368388153452e-02
7.125397791888810950e+00 7.576166107407218686e-02
7.142838529122999880e+00 7.406086534499467522e-02
7.160279266357192363e+00 7.213422669604906134e-02
7.177720003591384845e+00 6.996032312899716499e-02
7.195160740825577328e+00 6.753011010348687615e-02
7.212601478059769811e+00 6.485023063011215172e-02
7.230042215293962293e+00 6.194516414819439820e-02
7.247482952528154776e+00 5.885795443420056838e-02
7.264923689762347259e+00 5.564937788321659695e-02
7.282364426996539741e+00 5.239555337818378039e-02
7.299805164230732224e+00 4.918413985424593959e-02
7.317245901464924707e+00 4.610940224786105185e-02
7.334686638699117189e+00 4.326653604776758977e-02
7.352127375933309672e+00 4.074571309011202486e-02
7.369568113167502155e+00 3.862633885819356100e-02
7.387008850401694637e+00 3.697199189903714600e-02
7.404449587635887120e+00 3.582645191486359681e-02
7.421890324870079603e+00 3.521112214847192667e-02
7.439331062104272085e+00 3.512402486615439495e-02
7.456771799338461015e+00 3.554040912370359101e-02
7.474212536572653498e+00 3.641487127939187912e-02
7.491653273806845981e+00 3.768476391311553070e-02
7.509094011041038463e+00 3.927456916346329374e-02
7.526534748275230946e+00 4.110084656959801797e-02
7.543975485509423429e+00 4.307733849543379095e-02
7.561416222743615911e+00 4.511982945543684814e-02
7.578856959977808394e+00 4.715040642169800872e-02
7.596297697212000877e+00 4.910084882447188909e-02
7.613738434446193359e+00 5.091497951168101610e-02
7.631179171680385842e+00 5.254991924003005188e-02
7.648619908914578325e+00 5.397629444764525525e-02
7.666060646148770807e+00 5.517753922363004965e-02
7.683501383382963290e+00 5.614849832000230745e-02
7.700942120617155773e+00 5.689357345859335363e-02
7.718382857851348255e+00 5.742465934504433628e-02
7.735823595085540738e+00 5.775909237795513046e-02
7.753264332319733221e+00 5.791779113171643262e-02
7.770705069553922151e+00 5.792371229534980237e-02
7.788145806788114633e+00 5.780068799049660477e-02
7.805586544022307116e+00 5.757265789438257425e-02
7.823027281256499599e+00 5.726326736331772277e-02
7.840468018490692081e+00 5.689577277598512062e-02
7.857908755724884564e+00 5.649317691773284716e-02
7.875349492959077047e+00 5.607850801879722680e-02
7.892790230193269529e+00 5.567515317741353331e-02
7.910230967427462012e+00 5.530715816420760100e-02
7.927671704661654495e+00 5.499941027632966606e-02
7.945112441895846978e+00 5.477762983306228711e-02
7.962553179130039460e+00 5.466811102682061357e-02
7.979993916364231943e+00 5.469717625988197718e-02
7.997434653598424426e+00 5.489034091013515748e-02
8.014875390832617796e+00 5.527122680110915787e-02
8.032316128066810279e+00 5.586030911006941574e-02
8.049756865301002762e+00 5.667362722087640470e-02
8.067197602535195244e+00 5.772162762609604758e-02
8.084638339769384174e+00 5.900832848424486521e-02
8.102079077003576657e+00 6.053099397652624697e-02
8.119519814237769140e+00 6.228047778821643038e-02
8.136960551471961622e+00 6.424233800477494039e-02
8.154401288706154105e+00 6.639874365951269064e-02
8.171842025940346588e+00 6.873109325509793588e-02
8.189282763174539070e+00 7.122315825605884942e-02
8.206723500408731553e+00 7.386446245976815983e-02
8.224164237642924036e+00 7.665352478064481334e-02
8.241604974877116518e+00 7.960054118509755916e-02
8.259045712111309001e+00 8.272907209416512087e-02
8.276486449345501484e+00 8.607634193677776713e-02
8.293927186579693966e+00 8.969185052802546021e-02
8.311367923813886449e+00 9.363413887051055817e-02
8.328808661048078932e+00 9.796573597401515843e-02
8.346249398282271414e+00 1.027465231981155996e-01
8.363690135516463897e+00 1.080259675475805231e-01
8.381130872750656380e+00 1.138348701230755267e-01
8.398571609984845310e+00 1.201774235652880440e-01
8.416012347219037792e+00 1.270244473919995842e-01
8.433453084453230275e+00 1.343086526752052812e-01
8.450893821687422758e+00 1.419226670681102420e-01
8.468334558921615240e+00 1.497203300155487971e-01
8.485775296155807723e+00 1.575214627678397095e-01
8.503216033390000206e+00 1.651199593012697142e-01
8.520656770624192689e+00 1.722946742826191868e-01
8.538097507858385171e+00 1.788222505122778472e-01
8.555538245092577654e+00 1.844907774562326019e-01
8.572978982326770137e+00 1.891130425168610352e-01
8.590419719560962619e+00 1.925381502129906719e-01
8.607860456795155102e+00 1.946604441115440676e-01
8.625301194029347585e+00 1.954249535292898743e-01
8.642741931263540067e+00 1.948289640429105019e-01
8.660182668497732550e+00 1.929197267551253647e-01
8.677623405731925033e+00 1.897887199843794892e-01
8.695064142966117515e+00 1.855632064782464230e-01
8.712504880200306445e+00 1.803960496021440596e-01
8.729945617434498928e+00 1.744548416896615495e-01
8.747386354668691411e+00 1.679113560855645115e-01
8.764827091902883893e+00 1.609321800499484700e-01
8.782267829137076376e+00 1.536711520774725614e-01
8.799708566371268859e+00 1.462639555939486136e-01
8.817149303605461341e+00 1.388249528100817809e-01
8.834590040839653824e+00 1.314461123395934405e-01
8.852030778073846307e+00 1.241977150321377232e-01
8.869471515308038789e+00 1.171304237403837101e-01
8.886912252542231272e+00 1.102782711106753133e-01
8.904352989776423755e+00 1.036621420541252447e-01
8.921793727010616237e+00 9.729338628873014649e-02
8.939234464244808720e+00 9.117727267618479237e-02
8.956675201479001203e+00 8.531607561106922810e-02
8.974115938713193685e+00 7.971165437052481206e-02
8.991556675947386168e+00 7.436744471742687268e-02
9.008997413181578651e+00 6.928982838428511537e-02
9.026438150415767581e+00 6.448888315956398387e-02
9.043878887649960063e+00 5.997854739921697209e-02
9.061319624884152546e+00 5.577625991654754090e-02
9.078760362118345029e+00 5.190215941789353554e-02
9.096201099352537511e+00 4.837794529213567535e-02
9.113641836586729994e+00 4.522551127329463988e-02
9.131082573820922477e+00 4.246546354840818882e-02
9.148523311055114959e+00 4.011562528872277683e-02
9.165964048289307442e+00 3.818961258331578928e-02
9.183404785523499925e+00 3.669554649866434842e-02
9.200845522757692407e+00 3.563494747056531603e-02
9.218286259991884890e+00 3.500184582984347537e-02
9.235726997226077373e+00 3.478213830577896182e-02
9.253167734460269855e+00 3.495322423126494271e-02
9.270608471694462338e+00 3.548396325608432073e-02
9.288049208928654821e+00 3.633500282504183859e-02
9.305489946162847303e+00 3.745952201237431889e-02
9.322930683397039786e+00 3.880442326575372913e-02
9.340371420631228716e+00 4.031197287069105545e-02
9.357812157865421199e+00 4.192184614497049266e-02
9.375252895099613681e+00 4.357348023021775235e-02
9.392693632333806164e+00 4.520858472309318560e-02
9.410134369567998647e+00 4.677361852411749538e-02
9.427575106802191129e+00 4.822201961963474420e-02
9.445015844036383612e+00 4.951597959440576235e-02
9.462456581270576095e+00 5.062758861317315229e-02
9.479897318504768577e+00 5.153923647935764601e-02
9.497338055738961060e+00 5.224323362406643745e-02
9.514778792973153543e+00 5.274070166293443745e-02
9.532219530207346025e+00 5.303986431423238918e-02
9.549660267441538508e+00 5.315393463232676030e-02
9.567101004675730991e+00 5.309883499136398843e-02
9.584541741909923473e+00 5.289099733674870046e-02
9.601982479144115956e+00 5.254547265028806230e-02
9.619423216378308439e+00 5.207453424682218640e-02
9.636863953612500922e+00 5.148689652081318152e-02
9.654304690846689851e+00 5.078759798617660942e-02
9.671745428080882334e+00 4.997852411425401237e-02
9.689186165315074817e+00 4.905947976572788694e-02
9.706626902549267299e+00 4.802966912803289384e-02
9.724067639783459782e+00 4.688940670386685522e-02
9.741508377017652265e+00 4.564186721821959780e-02
9.758949114251844748e+00 4.429468435290059847e-02
9.776389851486037230e+00 4.286122552910000966e-02
9.793830588720229713e+00 4.136139936119682947e-02
9.811271325954422196e+00 3.982189066681763451e-02
9.828712063188614678e+00 3.827576221120979061e-02
9.846152800422807161e+00 3.676141042040401846e-02
9.863593537656999644e+00 3.532091225859173428e-02
9.881034274891192126e+00 3.399785050029095756e-02
9.898475012125384609e+00 3.283475246972072242e-02
9.915915749359577092e+00 3.187031989349597277e-02
9.933356486593769574e+00 3.113666083219631883e-02
9.950797223827962057e+00 3.065675409940062102e-02
9.968237961062150987e+00 3.044237755531551542e-02
9.985678698296343470e+00 3.049271058910629426e-02
1.000311943553053595e+01 3.079377645767930952e-02
1.002056017276472843e+01 3.131882337367827146e-02
1.003800090999892092e+01 3.202965922221628903e-02
1.005544164723311340e+01 3.287886173611644092e-02
1.007288238446730588e+01 3.381269456969656501e-02
1.009032312170149837e+01 3.477448175423776544e-02
1.010776385893569085e+01 3.570813954502562865e-02
1.012520459616988333e+01 3.656154415166144867e-02
1.014264533340407581e+01 3.728943060922084579e-02
1.016008607063826830e+01 3.785557132699401278e-02
1.017752680787246078e+01 3.823406662564685782e-02
1.019496754510665326e+01 3.840968329431454498e-02
1.021240828234084574e+01 3.837728726785303440e-02
1.022984901957503823e+01 3.814051829553590650e-02
1.024728975680923071e+01 3.770993444935589328e-02
1.026473049404342319e+01 3.710090218497272968e-02
1.028217123127761212e+01 3.633151781594300828e-02
1.029961196851180460e+01 3.542081859222370038e-02
1.031705270574599709e+01 3.438748142052990009e-02
1.033449344298018957e+01 3.324912447227992146e-02
1.035193418021438205e+01 3.202223423242687994e-02
1.036937491744857454e+01 3.072265152830888288e-02
1.038681565468276702e+01 2.936647701812545447e-02
1.040425639191695950e+01 2.797120861229682870e-02
1.042169712915115198e+01 2.655690498141245748e-02
1.043913786638534447e+01 2.514718036230809139e-02
1.045657860361953695e+01 2.376987146323803271e-02
1.047401934085372943e+01 2.245726920872189586e-02
1.049146007808792191e+01 2.124586658541887871e-02
1.050890081532211440e+01 2.017562953204128998e-02
1.052634155255630688e+01 1.928884331280180872e-02
1.054378228979049936e+01 1.862861801353725422e-02
1.056122302702469185e+01 1.823715319070188037e-02
1.057866376425888433e+01 1.815386589546145665e-02
1.059610450149307326e+01 1.841348284261031323e-02
1.061354523872726574e+01 1.904419133301605074e-02
1.063098597596145822e+01 2.006593844084408537e-02
1.064842671319565071e+01 2.148896542497681639e-02
1.066586745042984319e+01 2.331266310248148246e-02
1.068330818766403567e+01 2.552483054877919752e-02
1.070074892489822815e+01 2.810140938799187554e-02
1.071818966213242064e+01 3.100674505417792479e-02
1.073563039936661312e+01 3.419439284143682700e-02
1.075307113660080560e+01 3.760844176370261444e-02
1.077051187383499808e+01 4.118527837472856640e-02
1.078795261106919057e+01 4.485566400145041960e-02
1.080539334830338305e+01 4.854696207840214495e-02
1.082283408553757553e+01 5.218533650489854542e-02
1.084027482277176802e+01 5.569775322046804922e-02
1.085771556000596050e+01 5.901365662611651047e-02
1.087515629724015298e+01 6.206625532987854882e-02
1.089259703447434546e+01 6.479342770977128407e-02
1.091003777170853439e+01 6.713833285390986838e-02
1.092747850894272688e+01 6.904987128506255567e-02
1.094491924617691936e+01 7.048316926741364508e-02
1.096235998341111184e+01 7.140025221421975044e-02
1.097980072064530432e+01 7.177102568071151711e-02
1.099724145787949681e+01 7.157460336895980768e-02
1.101468219511368929e+01 7.080092409730943948e-02
1.103212293234788177e+01 6.945250184195930765e-02
1.104956366958207425e+01 6.754607377541423097e-02
1.106700440681626674e+01 6.511386697640805798e-02
1.108444514405045922e+01 6.220420542031639827e-02
1.110188588128465170e+01 5.888122713923535367e-02
1.111932661851884419e+01 5.522357068208355590e-02
1.113676735575303667e+01 5.132200651730530611e-02
1.115420809298722915e+01 4.727611445955338942e-02
1.117164883022142163e+01 4.319022304976218724e-02
1.118908956745561412e+01 3.916891396101829237e-02
1.120653030468980660e+01 3.531244217317528605e-02
1.122397104192399553e+01 3.171242618902782306e-02
1.124141177915818801e+01 2.844812466665143369e-02
1.125885251639238049e+01 2.558354546502472626e-02
1.127629325362657298e+01 2.316554319614091972e-02
1.129373399086076546e+01 2.122296612546682032e-02
1.131117472809495794e+01 1.976682535868938898e-02
1.132861546532915042e+01 1.879138781790712365e-02
1.134605620256334291e+01 1.827604400157849251e-02
1.136349693979753539e+01 1.818777177331215231e-02
1.138093767703172787e+01 1.848400470113087737e-02
1.139837841426592036e+01 1.911571220716931641e-02
1.141581915150011284e+01 2.003050355038047195e-02
1.143325988873430532e+01 2.117557482943307687e-02
1.145070062596849780e+01 2.250032696751254682e-02
1.146814136320269029e+01 2.395849516702266632e-02
1.148558210043688277e+01 2.550965084895012031e-02
1.150302283767107525e+01 2.711997042041218095e-02
1.152046357490526773e+01 2.876221480161694419e-02
1.153790431213945666e+01 3.041492984363759061e-02
1.155534504937364915e+01 3.206095668388615066e-02
1.157278578660784163e+01 3.368542438858814630e-02
1.159022652384203411e+01 3.527347309608570847e-02
1.160766726107622659e+01 3.680801092484597276e-02
1.162510799831041908e+01 3.826782982152906326e-02
1.164254873554461156e+01 3.962638575731014523e-02
1.165998947277880404e+01 4.085148473620110743e-02
1.167743021001299653e+01 4.190601274372346419e-02
1.169487094724718901e+01 4.274971698931925856e-02
1.171231168448138149e+01 4.334190514243158737e-02
1.172975242171557042e+01 4.364479914618213385e-02
1.174719315894976646e+01 4.362718043365505782e-02
1.176463389618395539e+01 4.326790971380262141e-02
1.178207463341815142e+01 4.255890578734643215e-02
1.179951537065234035e+01 4.150722446130158255e-02
1.181695610788653639e+01 4.013598237309811551e-02
1.183439684512072532e+01 3.848400616032041088e-02
1.185183758235492135e+01 3.660423528649662389e-02
1.186927831958911028e+01 3.456104629340198131e-02
1.188671905682330632e+01 3.242677895239597791e-02
1.190415979405749525e+01 3.027781743191037406e-02
1.192160053129169128e+01 2.819060556644130758e-02
1.193904126852588021e+01 2.623795501406874994e-02
1.195648200576007625e+01 2.448594509732165622e-02
1.197392274299426518e+01 2.299162441175407745e-02
1.199136348022846121e+01 2.180162004190632982e-02
1.200880421746265014e+01 2.095165370052159276e-02
1.202624495469683907e+01 2.046686694457006475e-02
1.204368569193103511e+01 2.036277883866766461e-02
1.206112642916522404e+01 2.064664510947259238e-02
1.207856716639942007e+01 2.131896130525138752e-02
1.209600790363360900e+01 2.237485480173731847e-02
1.211344864086780504e+01 2.380514086601049489e-02
1.213088937810199397e+01 2.559687388934707777e-02
1.214833011533619000e+01 2.773330198915038153e-02
1.216577085257037893e+01 3.019322500677065757e-02
1.218321158980457497e+01 3.294985372013276015e-02
1.220065232703876390e+01 3.596936092931764251e-02
1.221809306427295994e+01 3.920939068267242228e-02
1.223553380150714887e+01 4.261783812365455698e-02
1.225297453874134490e+01 4.613221919881154570e-02
1.227041527597553383e+01 4.967991099515729064e-02
1.228785601320972987e+01 5.317946009060741525e-02
1.230529675044391880e+01 5.654303538090643677e-02
1.232273748767810773e+01 5.967995753063641551e-02
1.234017822491230376e+01 6.250108870732164201e-02
1.235761896214649269e+01 6.492373503536741364e-02
1.237505969938068873e+01 6.687662034907831954e-02
1.239250043661487766e+01 6.830444855256258274e-02
1.240994117384907369e+01 6.917159077866501249e-02
1.242738191108326262e+01 6.946451108726746371e-02
1.244482264831745866e+01 6.919267036338057342e-02
1.246226338555164759e+01 6.838780513890381496e-02
1.247970412278584362e+01 6.710164515055180856e-02
1.249714486002003255e+01 6.540228911358691999e-02
1.251458559725422859e+01 6.336958399763251149e-02
1.253202633448841752e+01 6.108993608128066022e-02
1.254946707172261355e+01 5.865101599704693885e-02
1.256690780895680248e+01 5.613680526369753399e-02
1.258434854619099852e+01 5.362337435381086398e-02
1.260178928342518745e+01 5.117569182318297549e-02
1.261923002065938348e+01 4.884565195905293117e-02
1.263667075789357241e+01 4.667138657970710397e-02
1.265411149512776134e+01 4.467780603744762880e-02
1.267155223236195738e+01 4.287820482626397006e-02
1.268899296959614631e+01 4.127667670979619230e-02
1.270643370683034235e+01 3.987101973530778748e-02
1.272387444406453127e+01 3.865577806229623936e-02
1.274131518129872731e+01 3.762506841816411207e-02
1.275875591853291624e+01 3.677487484799717848e-02
1.277619665576711228e+01 3.610456371872147047e-02
1.279363739300130121e+01 3.561746556768776578e-02
1.281107813023549724e+01 3.532048178976958386e-02
1.282851886746968617e+01 3.522279008297832942e-02
1.284595960470388221e+01 3.533382949801974066e-02
1.286340034193807114e+01 3.566083094469205128e-02
1.288084107917226717e+01 3.620621176593490087e-02
1.289828181640645610e+01 3.696516742590042620e-02
1.291572255364065214e+01 3.792376864657236168e-02
1.293316329087484107e+01 3.905781295968246969e-02
1.295060402810903000e+01 4.033259454294556984e-02
1.296804476534322603e+01 4.170365709676991661e-02
1.298548550257741496e+01 4.311849384673931834e-02
1.300292623981161100e+01 4.451906772624900088e-02
1.302036697704579993e+01 4.584495180500624406e-02
1.303780771427999596e+01 4.703683990526349307e-02
1.305524845151418489e+01 4.804015138675788582e-02
1.307268918874838093e+01 4.880845082487574038e-02
1.309012992598256986e+01 4.930641971769539333e-02
1.310757066321676589e+01 4.951215002723796665e-02
1.312501140045095482e+01 4.941857537945559126e-02
1.314245213768515086e+01 4.903391301323750673e-02
1.315989287491933979e+01 4.838105647721135244e-02
1.317733361215353582e+01 4.749593375559124642e-02
1.319477434938772475e+01 4.642492491183102671e-02
1.321221508662192079e+01 4.522151254629874773e-02
1.322965582385610972e+01 4.394241041708895484e-02
1.324709656109030576e+01 4.264347205529492313e-02
1.326453729832449469e+01 4.137571350327935715e-02
1.328197803555868362e+01 4.018178532497503758e-02
1.329941877279287965e+01 3.909319499500757411e-02
1.331685951002706858e+01 3.812851257320174631e-02
1.333430024726126462e+01 3.729269639344473530e-02
1.335174098449545355e+01 3.657756234172105519e-02
1.336918172172964958e+01 3.596330448869261565e-02
1.338662245896383851e+01 3.542087172200028555e-02
1.340406319619803455e+01 3.491492831405442615e-02
1.342150393343222348e+01 3.440708571951518746e-02
1.343894467066641951e+01 3.385909220438557132e-02
1.345638540790060844e+01 3.323570366785243146e-02
1.347382614513480448e+01 3.250702498713384930e-02
1.349126688236899341e+01 3.165019414106134271e-02
1.350870761960318944e+01 3.065036742473616418e-02
1.352614835683737837e+01 2.950104047123213932e-02
1.354358909407157441e+01 2.820379702959007612e-02
1.356102983130576334e+01 2.676761065197704945e-02
1.357847056853995227e+01 2.520783373484494772e-02
1.359591130577414830e+01 2.354499810322516207e-02
1.361335204300833723e+01 2.180352860862035808e-02
1.363079278024253327e+01 2.001044393439217403e-02
1.364823351747672220e+01 1.819409388251039955e-02
1.366567425471091823e+01 1.638296445162598994e-02
1.368311499194510716e+01 1.460457269606135755e-02
1.370055572917930320e+01 1.288447162174694363e-02
1.371799646641349213e+01 1.124538821616502364e-02
1.373543720364768816e+01 9.706521288000638167e-03
1.375287794088187709e+01 8.283026601381821702e-03
1.377031867811607313e+01 6.985712546917674168e-03
1.378775941535026206e+01 5.820959699617449593e-03
1.380520015258445810e+01 4.790863136705438875e-03
1.382264088981864703e+01 3.893579628104007484e-03
1.384008162705284306e+01 3.123845641185029210e-03
1.385752236428703199e+01 2.473619249811155954e-03
1.387496310152122803e+01 1.932791507663780047e-03
1.389240383875541696e+01 1.489911565233901581e-03
1.390984457598960589e+01 1.132874564566300254e-03
1.392728531322380192e+01 8.495309592050665371e-04
1.394472605045799085e+01 6.281885829200249769e-04
1.396216678769218689e+01 4.579925212902332581e-04
1.397960752492637582e+01 3.291807779876749227e-04
1.399704826216057185e+01 2.332244602913617767e-04
1.401448899939476078e+01 1.628688989458546173e-04
1.403192973662895682e+01 1.120965144097496249e-04
1.404937047386314575e+01 7.603358692908079874e-05
1.406681121109734178e+01 5.082196501491278740e-05
1.408425194833153071e+01 3.347391017604790255e-05
1.410169268556572675e+01 2.172449745157076752e-05
1.411913342279991568e+01 1.389194755857564515e-05
1.413657416003411171e+01 8.752470665206916014e-06
1.415401489726830064e+01 5.432982486961726827e-06
1.417145563450249668e+01 3.322567022281073249e-06
1.418889637173668561e+01 2.001825363647026274e-06
1.420633710897087454e+01 1.188190603610989235e-06
1.422377784620507057e+01 6.947765731269665738e-07
1.424121858343925950e+01 4.002174114013952536e-07
1.425865932067345554e+01 2.271078002181324115e-07
1.427610005790764447e+01 1.269543647796046877e-07
1.429354079514184050e+01 6.990973366205452354e-08
1.431098153237602943e+01 3.792255276096447130e-08
1.432842226961022547e+01 2.026391541350932666e-08
1.434586300684441440e+01 1.066624253888747673e-08
1.436330374407861044e+01 5.530426433039989996e-09
1.438074448131279937e+01 2.824632594626484604e-09
1.439818521854699540e+01 1.421081173110382798e-09
1.441562595578118433e+01 7.042502582963990324e-10
1.443306669301538037e+01 3.437828473800067957e-10
1.445050743024956930e+01 1.653059518679135363e-10
1.446794816748376533e+01 7.829572916329364745e-11
1.448538890471795426e+01 3.652845397151893862e-11
1.450282964195215030e+01 1.678674950672399474e-11
1.452027037918633923e+01 7.598757754587664987e-12
1.453771111642052816e+01 3.388113313009639873e-12
1.455515185365472419e+01 1.488028809541212706e-12
1.457259259088891312e+01 6.437269038523053734e-13
1.459003332812310916e+01 2.743012423974787813e-13
1.460747406535730164e+01 1.151300319328387347e-13
