# Energy-EF (eV)   pdos_atom0_p.dat
-2.027400040302726936e+01 2.312495254472881737e-16
-2.025655966579307687e+01 5.561827128717598740e-16
-2.023911892855888439e+01 1.318118633129092964e-15
-2.022167819132469191e+01 3.078235788594090981e-15
-2.020423745409049943e+01 7.083864726888196001e-15
-2.018679671685630694e+01 1.606463695192267138e-14
-2.016935597962211446e+01 3.590176844446540780e-14
-2.015191524238792198e+01 7.907109807767890822e-14
-2.013447450515372950e+01 1.716288183485451981e-13
-2.011703376791954057e+01 3.671533529315457319e-13
-2.009959303068534808e+01 7.741138083635636924e-13
-2.008215229345115560e+01 1.608711763663869300e-12
-2.006471155621696312e+01 3.295222727924309775e-12
-2.004727081898277063e+01 6.653380966418493320e-12
-2.002983008174857815e+01 1.324250198883650062e-11
-2.001238934451438567e+01 2.598290568484757381e-11
-1.999494860728019319e+01 5.025929811965658515e-11
-1.997750787004600070e+01 9.584693540010022345e-11
-1.996006713281180822e+01 1.802172268948262673e-10
-1.994262639557761574e+01 3.341141447340282477e-10
-1.992518565834342326e+01 6.108002647629084695e-10
-1.990774492110923077e+01 1.101122776763329733e-09
-1.989030418387503829e+01 1.957635745301711070e-09
-1.987286344664084581e+01 3.432543957679291106e-09
-1.985542270940665333e+01 5.936327929434710554e-09
-1.983798197217246084e+01 1.012669327214039662e-08
-1.982054123493826836e+01 1.704106711382180099e-08
-1.980310049770407588e+01 2.829029748216337648e-08
-1.978565976046988695e+01 4.633646483347665591e-08
-1.976821902323569446e+01 7.488360823428411671e-08
-1.975077828600150198e+01 1.194163125377887445e-07
-1.973333754876730950e+01 1.879268337824915933e-07
-1.971589681153311702e+01 2.918757672136666957e-07
-1.969845607429892453e+01 4.474328427161553617e-07
-1.968101533706473205e+01 6.770415957434438306e-07
-1.966357459983053957e+01 1.011342509499269698e-06
-1.964613386259634709e+01 1.491471824055912539e-06
-1.962869312536215460e+01 2.171725898385185719e-06
-1.961125238812796212e+01 3.122542810922909983e-06
-1.959381165089376964e+01 4.433703984378442942e-06
-1.957637091365957716e+01 6.217600898932304665e-06
-1.955893017642538467e+01 8.612349426578707354e-06
-1.954148943919119219e+01 1.178447338199299229e-05
-1.952404870195699971e+01 1.593082826717007167e-05
-1.950660796472280722e+01 2.127940640146565611e-05
-1.948916722748861829e+01 2.808866688544645851e-05
-1.947172649025442581e+01 3.664507838678632544e-05
-1.945428575302023333e+01 4.725865669287225459e-05
-1.943684501578604085e+01 6.025642401388566887e-05
-1.941940427855184836e+01 7.597390715751241080e-05
-1.940196354131765588e+01 9.474501181437599022e-05
-1.938452280408346340e+01 1.168908358222489646e-04
-1.936708206684927092e+01 1.427081831402122949e-04
-1.934964132961507843e+01 1.724586758638611144e-04
-1.933220059238088595e+01 2.063593987822053986e-04
-1.931475985514669347e+01 2.445759228440128725e-04
-1.929731911791250099e+01 2.872183292200792583e-04
-1.927987838067830850e+01 3.343405050333900816e-04
-1.926243764344411602e+01 3.859425412381115787e-04
-1.924499690620992354e+01 4.419755930677154846e-04
-1.922755616897573105e+01 5.023481429625041485e-04
-1.921011543174153857e+01 5.669323211362219160e-04
-1.919267469450734609e+01 6.355688678837238554e-04
-1.917523395727315361e+01 7.080695167943417767e-04
-1.915779322003896468e+01 7.842160504714730442e-04
-1.914035248280477219e+01 8.637559898537161508e-04
-1.912291174557057971e+01 9.463957310860992601e-04
-1.910547100833638723e+01 1.031792801788847030e-03
-1.908803027110219475e+01 1.119549607954158218e-03
-1.907058953386800226e+01 1.209211422371874204e-03
-1.905314879663380978e+01 1.300271297893914810e-03
-1.903570805939961730e+01 1.392184009063681532e-03
-1.901826732216542482e+01 1.484390051730207936e-03
-1.900082658493123233e+01 1.576349270040717111e-03
-1.898338584769703985e+01 1.667582021651834974e-03
-1.896594511046284737e+01 1.757714178114825471e-03
-1.894850437322865488e+01 1.846520949274933982e-03
-1.893106363599446240e+01 1.933963755253101076e-03
-1.891362289876026992e+01 2.020214320465674607e-03
-1.889618216152607744e+01 2.105660910530572465e-03
-1.887874142429188495e+01 2.190893144590672515e-03
-1.886130068705769602e+01 2.276663953938200084e-03
-1.884385994982350354e+01 2.363829792756524072e-03
-1.882641921258931106e+01 2.453272845958828861e-03
-1.880897847535511858e+01 2.545811404494095591e-03
-1.879153773812092609e+01 2.642106485327414510e-03
-1.877409700088673361e+01 2.742573906726636368e-03
-1.875665626365254113e+01 2.847311215630663004e-03
-1.873921552641834865e+01 2.956048032691389275e-03
-1.872177478918415616e+01 3.068126578277685732e-03
-1.870433405194996368e+01 3.182516531781037425e-03
-1.868689331471577120e+01 3.297865221669065133e-03
-1.866945257748157871e+01 3.412580783139922396e-03
-1.865201184024738623e+01 3.524942723964612310e-03
-1.863457110301319375e+01 3.633231658688571789e-03
-1.861713036577900127e+01 3.735868088710876580e-03
-1.859968962854480878e+01 3.831549191095982854e-03
-1.858224889131061630e+01 3.919372667628973766e-03
-1.856480815407642382e+01 3.998937700650768458e-03
-1.854736741684223134e+01 4.070414764224493213e-03
-1.852992667960804241e+01 4.134578197794909656e-03
-1.851248594237384992e+01 4.192797823995477596e-03
-1.849504520513965744e+01 4.246988305282552861e-03
-1.847760446790546496e+01 4.299517302396759638e-03
-1.846016373067127248e+01 4.353075829263156060e-03
-1.844272299343707999e+01 4.410516555068500454e-03
-1.842528225620288751e+01 4.474668235494401979e-03
-1.840784151896869503e+01 4.548136930273447183e-03
-1.839040078173450254e+01 4.633107015285801294e-03
-1.837296004450031006e+01 4.731156901695495430e-03
-1.835551930726611758e+01 4.843105388052104665e-03
-1.833807857003192510e+01 4.968904212105679057e-03
-1.832063783279773261e+01 5.107590237733370710e-03
-1.830319709556354013e+01 5.257306620571064806e-03
-1.828575635832934765e+01 5.415396372197377357e-03
-1.826831562109515517e+01 5.578564483498076043e-03
-1.825087488386096268e+01 5.743097013694824747e-03
-1.823343414662677375e+01 5.905118383558781089e-03
-1.821599340939258127e+01 6.060862681577561945e-03
-1.819855267215838879e+01 6.206932117071222582e-03
-1.818111193492419631e+01 6.340516512845267155e-03
-1.816367119769000382e+01 6.459552103178795718e-03
-1.814623046045581134e+01 6.562805494867805269e-03
-1.812878972322161886e+01 6.649878505412047842e-03
-1.811134898598742637e+01 6.721140320175226189e-03
-1.809390824875323389e+01 6.777603381108842501e-03
-1.807646751151904141e+01 6.820767025203048131e-03
-1.805902677428484893e+01 6.852456808952367591e-03
-1.804158603705065644e+01 6.874686881970027905e-03
-1.802414529981646396e+01 6.889567583540559710e-03
-1.800670456258227148e+01 6.899271245033576118e-03
-1.798926382534807900e+01 6.906057290621030013e-03
-1.797182308811388651e+01 6.912344965537995864e-03
-1.795438235087969403e+01 6.920810483638796876e-03
-1.793694161364550510e+01 6.934477131822530845e-03
-1.791950087641130906e+01 6.956763585625191926e-03
-1.790206013917712013e+01 6.991458397119552394e-03
-1.788461940194292765e+01 7.042597444020041488e-03
-1.786717866470873517e+01 7.114235219366675002e-03
-1.784973792747454269e+01 7.210118394315527014e-03
-1.783229719024035020e+01 7.333288564078456993e-03
-1.781485645300615772e+01 7.485657556954098020e-03
-1.779741571577196524e+01 7.667610267325185476e-03
-1.777997497853777276e+01 7.877694314322326169e-03
-1.776253424130358027e+01 8.112451543185036570e-03
-1.774509350406938779e+01 8.366433366729958410e-03
-1.772765276683519531e+01 8.632421473468753284e-03
-1.771021202960100283e+01 8.901850069644202945e-03
-1.769277129236681034e+01 9.165399073691113396e-03
-1.767533055513261786e+01 9.413703452896814497e-03
-1.765788981789842538e+01 9.638105880813759713e-03
-1.764044908066423289e+01 9.831370975003512688e-03
-1.762300834343004041e+01 9.988281112805046449e-03
-1.760556760619585148e+01 1.010604620043358860e-02
-1.758812686896165900e+01 1.018448118110342089e-02
-1.757068613172746652e+01 1.022593257458303054e-02
-1.755324539449327403e+01 1.023496515267346627e-02
-1.753580465725908155e+01 1.021784792834804466e-02
-1.751836392002488907e+01 1.018190129105717330e-02
-1.750092318279069659e+01 1.013478156964823379e-02
-1.748348244555650410e+01 1.008378400748861058e-02
-1.746604170832231162e+01 1.003523993656459806e-02
-1.744860097108811914e+01 9.994069986175177500e-03
-1.743116023385392666e+01 9.963534642238945638e-03
-1.741371949661973417e+01 9.945199221285701621e-03
-1.739627875938554169e+01 9.939105393836404623e-03
-1.737883802215134921e+01 9.944118650943153601e-03
-1.736139728491715672e+01 9.958402904318017917e-03
-1.734395654768296424e+01 9.979961363792168999e-03
-1.732651581044877176e+01 1.000717774635179018e-02
-1.730907507321458283e+01 1.003929374711695459e-02
-1.729163433598038679e+01 1.007676687644706859e-02
-1.727419359874619786e+01 1.012146606545535378e-02
-1.725675286151200538e+01 1.017667937535401794e-02
-1.723931212427781290e+01 1.024692708575991595e-02
-1.722187138704362042e+01 1.033759275667721876e-02
-1.720443064980942793e+01 1.045440302896371611e-02
-1.718698991257523545e+01 1.060280257023075469e-02
-1.716954917534104297e+01 1.078728248631205706e-02
-1.715210843810685049e+01 1.101072769976437285e-02
-1.713466770087265800e+01 1.127385047707505326e-02
-1.711722696363846552e+01 1.157477299300951196e-02
-1.709978622640427304e+01 1.190881146883588509e-02
-1.708234548917008055e+01 1.226849841473897154e-02
-1.706490475193588807e+01 1.264385882118624141e-02
-1.704746401470169559e+01 1.302293235653368547e-02
-1.703002327746750311e+01 1.339250886243663688e-02
-1.701258254023331062e+01 1.373902120732817603e-02
-1.699514180299911814e+01 1.404952050682454524e-02
-1.697770106576492921e+01 1.431264629907435908e-02
-1.696026032853073673e+01 1.451950037690215821e-02
-1.694281959129654425e+01 1.466433866754837494e-02
-1.692537885406235176e+01 1.474501076743811590e-02
-1.690793811682815928e+01 1.476310026302546374e-02
-1.689049737959396680e+01 1.472374848314879012e-02
-1.687305664235977432e+01 1.463517666025656444e-02
-1.685561590512558183e+01 1.450795296801609714e-02
-1.683817516789138935e+01 1.435407785983751523e-02
-1.682073443065719687e+01 1.418598030818090175e-02
-1.680329369342300438e+01 1.401552656251710792e-02
-1.678585295618881190e+01 1.385314072714189174e-02
-1.676841221895461942e+01 1.370712300398052412e-02
-1.675097148172042694e+01 1.358322841416167645e-02
-1.673353074448623445e+01 1.348453895260164417e-02
-1.671609000725204197e+01 1.341162902527379477e-02
-1.669864927001784949e+01 1.336299162447117210e-02
-1.668120853278366056e+01 1.333566482277376113e-02
-1.666376779554946452e+01 1.332597797827912538e-02
-1.664632705831527559e+01 1.333032666327008467e-02
-1.662888632108108311e+01 1.334588558582973372e-02
-1.661144558384689063e+01 1.337117915491545066e-02
-1.659400484661269815e+01 1.340644813057620920e-02
-1.657656410937850566e+01 1.345377539977763229e-02
-1.655912337214431318e+01 1.351696124797036568e-02
-1.654168263491012070e+01 1.360116544733685519e-02
-1.652424189767592821e+01 1.371235730074213399e-02
-1.650680116044173573e+01 1.385663334397832513e-02
-1.648936042320754325e+01 1.403947436141760041e-02
-1.647191968597335077e+01 1.426501811682173368e-02
-1.645447894873915828e+01 1.453542180513952772e-02
-1.643703821150496580e+01 1.485037926586997917e-02
-1.641959747427077332e+01 1.520684340881137478e-02
-1.640215673703658084e+01 1.559898531438690290e-02
-1.638471599980238835e+01 1.601839955478739572e-02
-1.636727526256819587e+01 1.645454215532984182e-02
-1.634983452533400694e+01 1.689536522795968831e-02
-1.633239378809981446e+01 1.732809277503672557e-02
-1.631495305086562198e+01 1.774006759730170288e-02
-1.629751231363142949e+01 1.811959150453345060e-02
-1.628007157639723701e+01 1.845668140508389954e-02
-1.626263083916304453e+01 1.874367273991511124e-02
-1.624519010192885204e+01 1.897561842383025874e-02
-1.622774936469465956e+01 1.915045410822561328e-02
-1.621030862746046708e+01 1.926892635511151530e-02
-1.619286789022627460e+01 1.933430578831297347e-02
-1.617542715299208211e+01 1.935192899137468114e-02
-1.615798641575788963e+01 1.932862792539305485e-02
-1.614054567852369715e+01 1.927211208837776094e-02
-1.612310494128950467e+01 1.919036608713443892e-02
-1.610566420405531218e+01 1.909111478579313126e-02
-1.608822346682111970e+01 1.898139204956509479e-02
-1.607078272958692722e+01 1.886723045502780929e-02
-1.605334199235273829e+01 1.875347154167099351e-02
-1.603590125511854225e+01 1.864368217501035513e-02
-1.601846051788435332e+01 1.854015438635093355e-02
-1.600101978065016084e+01 1.844396439887685535e-02
-1.598357904341596836e+01 1.835507086824313128e-02
-1.596613830618177587e+01 1.827244093442058695e-02
-1.594869756894758339e+01 1.819420300532597831e-02
-1.593125683171339091e+01 1.811783449910058658e-02
-1.591381609447919843e+01 1.804039852750663822e-02
-1.589637535724500594e+01 1.795884386967897678e-02
-1.587893462001081346e+01 1.787037674976731105e-02
-1.586149388277662098e+01 1.777290126752137725e-02
-1.584405314554242850e+01 1.766550937974213989e-02
-1.582661240830823601e+01 1.754898360849165354e-02
-1.580917167107404353e+01 1.742625930105701215e-02
-1.579173093383985105e+01 1.730278159454764000e-02
-1.577429019660565856e+01 1.718668819803788328e-02
-1.575684945937146964e+01 1.708875478492854691e-02
-1.573940872213727360e+01 1.702205598256355951e-02
-1.572196798490308467e+01 1.700132089029212160e-02
-1.570452724766888863e+01 1.704199538062582328e-02
-1.568708651043469970e+01 1.715906037167171799e-02
-1.566964577320050722e+01 1.736569108585297311e-02
-1.565220503596631474e+01 1.767187200753543574e-02
-1.563476429873212226e+01 1.808310123130657879e-02
-1.561732356149792977e+01 1.859932271547618671e-02
-1.559988282426373729e+01 1.921421391152268454e-02
-1.558244208702954481e+01 1.991492967946457276e-02
-1.556500134979535233e+01 2.068236375918715633e-02
-1.554756061256115984e+01 2.149194058701863613e-02
-1.553011987532696736e+01 2.231489840512603656e-02
-1.551267913809277488e+01 2.311997538590864626e-02
-1.549523840085858239e+01 2.387536954738854467e-02
-1.547779766362438991e+01 2.455081516229909791e-02
-1.546035692639019743e+01 2.511960610340708069e-02
-1.544291618915600495e+01 2.556040107755733204e-02
-1.542547545192181602e+01 2.585866592050330495e-02
-1.540803471468761998e+01 2.600764123026536034e-02
-1.539059397745343105e+01 2.600876551180290874e-02
-1.537315324021923857e+01 2.587152995522950388e-02
-1.535571250298504609e+01 2.561278626975819692e-02
-1.533827176575085360e+01 2.525556956561142083e-02
-1.532083102851666112e+01 2.482753108341169759e-02
-1.530339029128246864e+01 2.435909883169382409e-02
-1.528594955404827616e+01 2.388149734607096855e-02
-1.526850881681408367e+01 2.342476126757521773e-02
-1.525106807957989119e+01 2.301587235526033823e-02
-1.523362734234569871e+01 2.267713729901232184e-02
-1.521618660511150622e+01 2.242490567261145110e-02
-1.519874586787731374e+01 2.226870475995381543e-02
-1.518130513064312126e+01 2.221084176525675580e-02
-1.516386439340892878e+01 2.224649492103602730e-02
-1.514642365617473629e+01 2.236428414383499416e-02
-1.512898291894054736e+01 2.254728035122029184e-02
-1.511154218170635133e+01 2.277438199115213932e-02
-1.509410144447216240e+01 2.302195989659287442e-02
-1.507666070723796636e+01 2.326564981068200699e-02
-1.505921997000377743e+01 2.348215849923948259e-02
-1.504177923276958495e+01 2.365094665172086733e-02
-1.502433849553539247e+01 2.375566135317420252e-02
-1.500689775830119999e+01 2.378521309929775007e-02
-1.498945702106700750e+01 2.373442579967341426e-02
-1.497201628383281502e+01 2.360422987582235302e-02
-1.495457554659862254e+01 2.340141372233806027e-02
-1.493713480936443005e+01 2.313799169975588529e-02
-1.491969407213023757e+01 2.283028146326303645e-02
-1.490225333489604509e+01 2.249780458209709247e-02
-1.488481259766185261e+01 2.216212867643930010e-02
-1.486737186042766012e+01 2.184575595954365776e-02
-1.484993112319346764e+01 2.157113446889418959e-02
-1.483249038595927516e+01 2.135982966869984234e-02
-1.481504964872508268e+01 2.123185291905189953e-02
-1.479760891149089375e+01 2.120510778654993711e-02
-1.478016817425669771e+01 2.129489280135719864e-02
-1.476272743702250878e+01 2.151339517411129248e-02
-1.474528669978831630e+01 2.186912572542586142e-02
-1.472784596255412382e+01 2.236627827913643257e-02
-1.471040522531993133e+01 2.300404062243358722e-02
-1.469296448808573885e+01 2.377592972308640445e-02
-1.467552375085154637e+01 2.466926113761000114e-02
-1.465808301361735388e+01 2.566488244010011605e-02
-1.464064227638316140e+01 2.673729700637067150e-02
-1.462320153914896892e+01 2.785527585154199889e-02
-1.460576080191477644e+01 2.898300446540748310e-02
-1.458832006468058395e+01 3.008174603835012811e-02
-1.457087932744639147e+01 3.111193239470288335e-02
-1.455343859021219899e+01 3.203553065705609659e-02
-1.453599785297800651e+01 3.281848739884919708e-02
-1.451855711574381402e+01 3.343303014678608576e-02
-1.450111637850962509e+01 3.385961178945154360e-02
-1.448367564127542906e+01 3.408831544521156304e-02
-1.446623490404124013e+01 3.411959032333011788e-02
-1.444879416680704409e+01 3.396425492568322380e-02
-1.443135342957285516e+01 3.364277321776511231e-02
-1.441391269233866268e+01 3.318387325930816784e-02
-1.439647195510447020e+01 3.262262923552895072e-02
-1.437903121787027771e+01 3.199816266920515323e-02
-1.436159048063608523e+01 3.135113566164662163e-02
-1.434414974340189275e+01 3.072120982206558507e-02
-1.432670900616770027e+01 3.014463246392347362e-02
-1.430926826893350778e+01 2.965209083905142110e-02
-1.429182753169931530e+01 2.926694960236160201e-02
-1.427438679446512282e+01 2.900395934760406635e-02
-1.425694605723093034e+01 2.886849660654529359e-02
-1.423950531999673785e+01 2.885636859119369152e-02
-1.422206458276254537e+01 2.895418878595989315e-02
-1.420462384552835289e+01 2.914030166281960516e-02
-1.418718310829416041e+01 2.938620612157720816e-02
-1.416974237105997148e+01 2.965839846052957182e-02
-1.415230163382577544e+01 2.992052852602625213e-02
-1.413486089659158651e+01 3.013573981716742220e-02
-1.411742015935739403e+01 3.026904877811564115e-02
-1.409997942212320154e+01 3.028961306977332596e-02
-1.408253868488900906e+01 3.017274508286190565e-02
-1.406509794765481658e+01 2.990154562153417642e-02
-1.404765721042062410e+01 2.946806204196072629e-02
-1.403021647318643161e+01 2.887391196336794655e-02
-1.401277573595223913e+01 2.813035352861481195e-02
-1.399533499871804665e+01 2.725782113935563272e-02
-1.397789426148385417e+01 2.628497710547885585e-02
-1.396045352424966168e+01 2.524735149658844865e-02
-1.394301278701546920e+01 2.418565337395262721e-02
-1.392557204978127672e+01 2.314383744910528812e-02
-1.390813131254708424e+01 2.216700404476164635e-02
-1.389069057531289175e+01 2.129920142758903387e-02
-1.387324983807870282e+01 2.058119297023300320e-02
-1.385580910084450679e+01 2.004825127088248268e-02
-1.383836836361031786e+01 1.972804955639535784e-02
-1.382092762637612182e+01 1.963873702701757554e-02
-1.380348688914193289e+01 1.978730597073842523e-02
-1.378604615190774041e+01 2.016837865923368570e-02
-1.376860541467354793e+01 2.076355389454265926e-02
-1.375116467743935544e+01 2.154144924600005090e-02
-1.373372394020516296e+01 2.245854983057182438e-02
-1.371628320297097048e+01 2.346092553782616955e-02
-1.369884246573677800e+01 2.448680780965555026e-02
-1.368140172850258551e+01 2.546993100691687106e-02
-1.366396099126839303e+01 2.634345257385544911e-02
-1.364652025403420055e+01 2.704418366648399935e-02
-1.362907951680000807e+01 2.751680098524181967e-02
-1.361163877956581558e+01 2.771768251137118888e-02
-1.359419804233162310e+01 2.761802171065929831e-02
-1.357675730509743417e+01 2.720592781997821508e-02
-1.355931656786324169e+01 2.648730912829141623e-02
-1.354187583062904920e+01 2.548545117670936860e-02
-1.352443509339485672e+01 2.423932808072765815e-02
-1.350699435616066424e+01 2.280080670774965040e-02
-1.348955361892647176e+01 2.123100524030923156e-02
-1.347211288169227927e+01 1.959613808683313349e-02
-1.345467214445808679e+01 1.796321149861244276e-02
-1.343723140722389431e+01 1.639592754725976292e-02
-1.341979066998970183e+01 1.495111245753125151e-02
-1.340234993275550934e+01 1.367591678673294939e-02
-1.338490919552131686e+01 1.260594989795468454e-02
-1.336746845828712438e+01 1.176442020851072197e-02
-1.335002772105293189e+01 1.116226514861367279e-02
-1.333258698381873941e+01 1.079917768131952518e-02
-1.331514624658454693e+01 1.066537402085687702e-02
-1.329770550935035445e+01 1.074390189884371315e-02
-1.328026477211616196e+01 1.101326076553521202e-02
-1.326282403488197303e+01 1.145009423520062727e-02
-1.324538329764778055e+01 1.203172026951380633e-02
-1.322794256041358807e+01 1.273828553956049721e-02
-1.321050182317939559e+01 1.355436660936046138e-02
-1.319306108594520310e+01 1.446989105102333348e-02
-1.317562034871101062e+01 1.548031421858912793e-02
-1.315817961147681814e+01 1.658605838414192735e-02
-1.314073887424262566e+01 1.779129459040350303e-02
-1.312329813700843317e+01 1.910221658742948872e-02
-1.310585739977424069e+01 2.052501245384429421e-02
-1.308841666254004821e+01 2.206377519007732962e-02
-1.307097592530585572e+01 2.371860272411563386e-02
-1.305353518807166324e+01 2.548411746771649111e-02
-1.303609445083747076e+01 2.734858682877486236e-02
-1.301865371360327828e+01 2.929375413939627748e-02
-1.300121297636908579e+01 3.129540320167171347e-02
-1.298377223913489331e+01 3.332459046990514373e-02
-1.296633150190070083e+01 3.534939893533810273e-02
-1.294889076466651190e+01 3.733700806176707548e-02
-1.293145002743231942e+01 3.925584270720593183e-02
-1.291400929019812693e+01 4.107756467422166158e-02
-1.289656855296393445e+01 4.277870231200990581e-02
-1.287912781572974197e+01 4.434177074027917387e-02
-1.286168707849554949e+01 4.575580839566172758e-02
-1.284424634126135700e+01 4.701633323611931897e-02
-1.282680560402716452e+01 4.812479239915136431e-02
-1.280936486679297204e+01 4.908763240522904386e-02
-1.279192412955877955e+01 4.991514638674654503e-02
-1.277448339232458707e+01 5.062025779290255101e-02
-1.275704265509039459e+01 5.121737854586179417e-02
-1.273960191785620211e+01 5.172143966733706161e-02
-1.272216118062200962e+01 5.214714276229601847e-02
-1.270472044338781714e+01 5.250843147719318205e-02
-1.268727970615362466e+01 5.281814262004191907e-02
-1.266983896891943218e+01 5.308777425603988104e-02
-1.265239823168523969e+01 5.332730641914053271e-02
-1.263495749445105076e+01 5.354502846801895144e-02
-1.261751675721685828e+01 5.374736067587665422e-02
-1.260007601998266580e+01 5.393869804105461130e-02
-1.258263528274847332e+01 5.412134122911040762e-02
-1.256519454551428083e+01 5.429560265610131053e-02
-1.254775380828008835e+01 5.446017669152420498e-02
-1.253031307104589587e+01 5.461283741179284029e-02
-1.251287233381170338e+01 5.475147610785808389e-02
-1.249543159657751090e+01 5.487542033515655643e-02
-1.247799085934331842e+01 5.498689822765933516e-02
-1.246055012210912594e+01 5.509244101401180455e-02
-1.244310938487493345e+01 5.520396901179214222e-02
-1.242566864764074097e+01 5.533929562825014997e-02
-1.240822791040654849e+01 5.552181890606416870e-02
-1.239078717317235601e+01 5.577925252091590902e-02
-1.237334643593816352e+01 5.614137103420176883e-02
-1.235590569870397104e+01 5.663689262681394915e-02
-1.233846496146977856e+01 5.728977510737436746e-02
-1.232102422423558963e+01 5.811533307297925971e-02
-1.230358348700139715e+01 5.911667183110147494e-02
-1.228614274976720466e+01 6.028195815267050478e-02
-1.226870201253301218e+01 6.158299879817052958e-02
-1.225126127529881970e+01 6.297547569142894486e-02
-1.223382053806462721e+01 6.440100384175126425e-02
-1.221637980083043473e+01 6.579095709677912351e-02
-1.219893906359624225e+01 6.707177708880895928e-02
-1.218149832636204977e+01 6.817127449332686939e-02
-1.216405758912785728e+01 6.902527877416422819e-02
-1.214661685189366480e+01 6.958391575297030729e-02
-1.212917611465947232e+01 6.981680387289893042e-02
-1.211173537742527984e+01 6.971655983725968952e-02
-1.209429464019108735e+01 6.930018013901655116e-02
-1.207685390295689487e+01 6.860809451305042994e-02
-1.205941316572270239e+01 6.770094162899219226e-02
-1.204197242848851346e+01 6.665436521374387691e-02
-1.202453169125432098e+01 6.555234110185652330e-02
-1.200709095402012849e+01 6.447969898995062343e-02
-1.198965021678593601e+01 6.351458162017394049e-02
-1.197220947955174353e+01 6.272158273982561538e-02
-1.195476874231755104e+01 6.214622661181697094e-02
-1.193732800508335856e+01 6.181130714127150427e-02
-1.191988726784916608e+01 6.171541095635765112e-02
-1.190244653061497360e+01 6.183372706006230735e-02
-1.188500579338078111e+01 6.212101871112579027e-02
-1.186756505614658863e+01 6.251642345557316405e-02
-1.185012431891239615e+01 6.294957502955984829e-02
-1.183268358167820367e+01 6.334742269414754545e-02
-1.181524284444401118e+01 6.364107066662340328e-02
-1.179780210720981870e+01 6.377197743073290126e-02
-1.178036136997562622e+01 6.369693936846244908e-02
-1.176292063274143374e+01 6.339142557980315118e-02
-1.174547989550724125e+01 6.285101461936816458e-02
-1.172803915827305232e+01 6.209088799558211413e-02
-1.171059842103885984e+01 6.114353611361627444e-02
-1.169315768380466736e+01 6.005500703502671817e-02
-1.167571694657047487e+01 5.888015786241689725e-02
-1.165827620933628239e+01 5.767743996432304898e-02
-1.164083547210208991e+01 5.650375782589409090e-02
-1.162339473486789743e+01 5.540989054682005782e-02
-1.160595399763370494e+01 5.443686573410694285e-02
-1.158851326039951246e+01 5.361354379843496359e-02
-1.157107252316531998e+01 5.295552494616390798e-02
-1.155363178593112750e+01 5.246534950028020755e-02
-1.153619104869693501e+01 5.213383969957337966e-02
-1.151875031146274253e+01 5.194233837729209102e-02
-1.150130957422855005e+01 5.186554229078909478e-02
-1.148386883699435757e+01 5.187460589703179331e-02
-1.146642809976016508e+01 5.194020176033745800e-02
-1.144898736252597260e+01 5.203526078954731626e-02
-1.143154662529178012e+01 5.213717223576228021e-02
-1.141410588805759119e+01 5.222929279881805692e-02
-1.139666515082339870e+01 5.230168968096080701e-02
-1.137922441358920622e+01 5.235111799478593675e-02
-1.136178367635501374e+01 5.238030315532531123e-02
-1.134434293912082126e+01 5.239665883948257247e-02
-1.132690220188662877e+01 5.241061642661162812e-02
-1.130946146465243629e+01 5.243376904121494625e-02
-1.129202072741824381e+01 5.247704020218581233e-02
-1.127457999018405133e+01 5.254907321461833869e-02
-1.125713925294985884e+01 5.265500447698024528e-02
-1.123969851571566636e+01 5.279573555954926445e-02
-1.122225777848147388e+01 5.296776068160440054e-02
-1.120481704124728140e+01 5.316354450035868512e-02
-1.118737630401308891e+01 5.337238643332845728e-02
-1.116993556677889643e+01 5.358165779132133960e-02
-1.115249482954470395e+01 5.377826110202454934e-02
-1.113505409231051146e+01 5.395013975469357265e-02
-1.111761335507631898e+01 5.408766148954458758e-02
-1.110017261784213005e+01 5.418471103831158653e-02
-1.108273188060793757e+01 5.423935432509631449e-02
-1.106529114337374509e+01 5.425397747024188200e-02
-1.104785040613955260e+01 5.423485631877802970e-02
-1.103040966890536012e+01 5.419117347985935584e-02
-1.101296893167116764e+01 5.413356582661187077e-02
-1.099552819443697516e+01 5.407235035198677126e-02
-1.097808745720278267e+01 5.401563280341006856e-02
-1.096064671996859019e+01 5.396754304538371738e-02
-1.094320598273439771e+01 5.392685502468370917e-02
-1.092576524550020522e+01 5.388623061706876438e-02
-1.090832450826601274e+01 5.383227218701638200e-02
-1.089088377103182026e+01 5.374648030439594520e-02
-1.087344303379762778e+01 5.360709877794242462e-02
-1.085600229656343529e+01 5.339170289269844216e-02
-1.083856155932924281e+01 5.308026665763854179e-02
-1.082112082209505033e+01 5.265835066411161253e-02
-1.080368008486085785e+01 5.212000152049828944e-02
-1.078623934762666892e+01 5.146995893917496318e-02
-1.076879861039247643e+01 5.072483125884306998e-02
-1.075135787315828395e+01 4.991301859673758640e-02
-1.073391713592409147e+01 4.907331967910694842e-02
-1.071647639868989899e+01 4.825233125150172470e-02
-1.069903566145570650e+01 4.750091184191485016e-02
-1.068159492422151402e+01 4.687010943721643674e-02
-1.066415418698732154e+01 4.640702544974633498e-02
-1.064671344975312905e+01 4.615109394794681547e-02
-1.062927271251893657e+01 4.613119476092191612e-02
-1.061183197528474409e+01 4.636390150477216060e-02
-1.059439123805055161e+01 4.685300927236216856e-02
-1.057695050081635912e+01 4.759031559844546094e-02
-1.055950976358216664e+01 4.855746775028020601e-02
-1.054206902634797416e+01 4.972856222770977858e-02
-1.052462828911378168e+01 5.107310545493125992e-02
-1.050718755187958919e+01 5.255892666789915846e-02
-1.048974681464539671e+01 5.415467455123483542e-02
-1.047230607741120778e+01 5.583161937533807212e-02
-1.045486534017701530e+01 5.756460663024262625e-02
-1.043742460294282282e+01 5.933214674136031569e-02
-1.041998386570863033e+01 6.111575758171187284e-02
-1.040254312847443785e+01 6.289878325035953843e-02
-1.038510239124024537e+01 6.466497950900751412e-02
-1.036766165400605288e+01 6.639717521611050721e-02
-1.035022091677186040e+01 6.807628919733271777e-02
-1.033278017953766792e+01 6.968090959148533214e-02
-1.031533944230347544e+01 7.118754034969465572e-02
-1.029789870506928295e+01 7.257150407306778295e-02
-1.028045796783509047e+01 7.380838034325694352e-02
-1.026301723060089799e+01 7.487577164484279790e-02
-1.024557649336670551e+01 7.575513857734990364e-02
-1.022813575613251302e+01 7.643343990525493237e-02
-1.021069501889832054e+01 7.690435126276072564e-02
-1.019325428166412806e+01 7.716891158337403633e-02
-1.017581354442993558e+01 7.723554465363335897e-02
-1.015837280719574665e+01 7.711950651859067474e-02
-1.014093206996155416e+01 7.684189870575118542e-02
-1.012349133272736168e+01 7.642844576847775129e-02
-1.010605059549316920e+01 7.590825251591842848e-02
-1.008860985825897671e+01 7.531272843751363189e-02
-1.007116912102478423e+01 7.467479993841485975e-02
-1.005372838379059175e+01 7.402843870723353759e-02
-1.003628764655639927e+01 7.340843600971951044e-02
-1.001884690932220678e+01 7.285026906071928599e-02
-1.000140617208801430e+01 7.238985580442845735e-02
-9.983965434853821819e+00 7.206299128774948382e-02
-9.966524697619629336e+00 7.190430627399255203e-02
-9.949083960385436853e+00 7.194568061109056500e-02
-9.931643223151244371e+00 7.221416455583626326e-02
-9.914202485917051888e+00 7.272958844024345060e-02
-9.896761748682859405e+00 7.350214976482212503e-02
-9.879321011448666923e+00 7.453033413114824868e-02
-9.861880274214474440e+00 7.579953611127544788e-02
-9.844439536980285510e+00 7.728169190990898108e-02
-9.826998799746093027e+00 7.893612274492213532e-02
-9.809558062511900545e+00 8.071163237119342859e-02
-9.792117325277708062e+00 8.254972837397227259e-02
-9.774676588043515579e+00 8.438867288914803089e-02
-9.757235850809323097e+00 8.616794121687405827e-02
-9.739795113575130614e+00 8.783259735381929167e-02
-9.722354376340938131e+00 8.933709513890819576e-02
-9.704913639106745649e+00 9.064808243697348999e-02
-9.687472901872553166e+00 9.174591243380085526e-02
-9.670032164638360683e+00 9.262473075725405347e-02
-9.652591427404168201e+00 9.329118481376907912e-02
-9.635150690169975718e+00 9.376196686824937732e-02
-9.617709952935783235e+00 9.406053303436395785e-02
-9.600269215701590753e+00 9.421342136256652400e-02
-9.582828478467398270e+00 9.424661708181325537e-02
-9.565387741233205787e+00 9.418238387609888240e-02
-9.547947003999013305e+00 9.403690613681199573e-02
-9.530506266764824375e+00 9.381898232363952705e-02
-9.513065529530631892e+00 9.352988939506087784e-02
-9.495624792296439409e+00 9.316441703233933891e-02
-9.478184055062246927e+00 9.271295911086499530e-02
-9.460743317828054444e+00 9.216445538661124925e-02
-9.443302580593861961e+00 9.150990150750407115e-02
-9.425861843359669479e+00 9.074609034416340758e-02
-9.408421106125476996e+00 8.987921146556639151e-02
-9.390980368891284513e+00 8.892791848864523008e-02
-9.373539631657092031e+00 8.792547832679040165e-02
-9.356098894422899548e+00 8.692064682484099136e-02
-9.338658157188707065e+00 8.597697816301355656e-02
-9.321217419954514583e+00 8.517037641648582402e-02
-9.303776682720322100e+00 8.458483909041865367e-02
-9.286335945486129617e+00 8.430652049665963987e-02
-9.268895208251937134e+00 8.441644555987617982e-02
-9.251454471017744652e+00 8.498241150371682595e-02
-9.234013733783552169e+00 8.605079825304645658e-02
-9.216572996549363239e+00 8.763913714148814649e-02
-9.199132259315170757e+00 8.973033210642596125e-02
-9.181691522080978274e+00 9.226936599483885615e-02
-9.164250784846785791e+00 9.516314793094447777e-02
-9.146810047612593308e+00 9.828387382659221905e-02
-9.129369310378400826e+00 1.014759070221623732e-01
-9.111928573144208343e+00 1.045657817036271808e-01
-9.094487835910015860e+00 1.073745408724359057e-01
-9.077047098675823378e+00 1.097312989788900850e-01
-9.059606361441630895e+00 1.114867166415620392e-01
-9.042165624207438412e+00 1.125250263965942021e-01
-9.024724886973245930e+00 1.127733682461933423e-01
-9.007284149739053447e+00 1.122074715800101263e-01
-8.989843412504860964e+00 1.108531218402051821e-01
-8.972402675270668482e+00 1.087833232329547262e-01
-8.954961938036475999e+00 1.061115491728665400e-01
-8.937521200802283516e+00 1.029818953885773408e-01
-8.920080463568091034e+00 9.955726125579984764e-02
-8.902639726333902104e+00 9.600684504569793887e-02
-8.885198989099709621e+00 9.249423338067873368e-02
-8.867758251865517138e+00 8.916720365100949675e-02
-8.850317514631324656e+00 8.615007166515500914e-02
-8.832876777397132173e+00 8.353905245739917662e-02
-8.815436040162939690e+00 8.140071472508554618e-02
-8.797995302928747208e+00 7.977325238380429673e-02
-8.780554565694554725e+00 7.867001451797660250e-02
-8.763113828460362242e+00 7.808455666271897633e-02
-8.745673091226169760e+00 7.799641277099178538e-02
-8.728232353991977277e+00 7.837683129862565989e-02
-8.710791616757784794e+00 7.919384861232041384e-02
-8.693350879523592312e+00 8.041625681324206243e-02
-8.675910142289399829e+00 8.201622619798214220e-02
-8.658469405055207346e+00 8.397053299730454501e-02
-8.641028667821014864e+00 8.626049676351897622e-02
-8.623587930586822381e+00 8.887083591322778031e-02
-8.606147193352629898e+00 9.178770336813765751e-02
-8.588706456118440968e+00 9.499617604793308967e-02
-8.571265718884248486e+00 9.847745787779302318e-02
-8.553824981650056003e+00 1.022060336744549242e-01
-8.536384244415863520e+00 1.061469956114086260e-01
-8.518943507181671038e+00 1.102537629699750360e-01
-8.501502769947478555e+00 1.144664285733881237e-01
-8.484062032713286072e+00 1.187109817464379324e-01
-8.466621295479093590e+00 1.228996614117758013e-01
-8.449180558244901107e+00 1.269326654563610324e-01
-8.431739821010708624e+00 1.307013684546156906e-01
-8.414299083776516142e+00 1.340930723290179039e-01
-8.396858346542323659e+00 1.369971388273270863e-01
-8.379417609308131176e+00 1.393121474238928070e-01
-8.361976872073938694e+00 1.409535175495273407e-01
-8.344536134839746211e+00 1.418608667832918779e-01
-8.327095397605553728e+00 1.420042834663523823e-01
-8.309654660371361246e+00 1.413887019044027804e-01
-8.292213923137168763e+00 1.400556949936828111e-01
-8.274773185902979833e+00 1.380822377296730130e-01
-8.257332448668787350e+00 1.355763206753430317e-01
-8.239891711434594868e+00 1.326696631980208985e-01
-8.222450974200402385e+00 1.295081398220423174e-01
-8.205010236966209902e+00 1.262408353883501255e-01
-8.187569499732017420e+00 1.230088394630922399e-01
-8.170128762497824937e+00 1.199349468283536641e-01
-8.152688025263632454e+00 1.171153390126964261e-01
-8.135247288029439972e+00 1.146140941091516180e-01
-8.117806550795247489e+00 1.124610409186300869e-01
-8.100365813561055006e+00 1.106530852465020670e-01
-8.082925076326862524e+00 1.091587438089423601e-01
-8.065484339092670041e+00 1.079252754759576632e-01
-8.048043601858477558e+00 1.068875418313150749e-01
-8.030602864624285075e+00 1.059775858610438881e-01
-8.013162127390092593e+00 1.051338983570395541e-01
-7.995721390155900998e+00 1.043094388720295362e-01
-7.978280652921708516e+00 1.034776703215486843e-01
-7.960839915687517809e+00 1.026361226217623601e-01
-7.943399178453325327e+00 1.018072857915778839e-01
-7.925958441219132844e+00 1.010369121641218615e-01
-7.908517703984940361e+00 1.003900510708388844e-01
-7.891076966750747879e+00 9.994532570722883258e-02
-7.873636229516555396e+00 9.978807828467806118e-02
-7.856195492282362913e+00 1.000030528911039496e-01
-7.838754755048170431e+00 1.006672610811463336e-01
-7.821314017813977948e+00 1.018435951350068758e-01
-7.803873280579787242e+00 1.035756345644511939e-01
-7.786432543345594759e+00 1.058839510206392304e-01
-7.768991806111402276e+00 1.087640728204814361e-01
-7.751551068877209794e+00 1.121861375867662380e-01
-7.734110331643017311e+00 1.160961503206250217e-01
-7.716669594408824828e+00 1.204186796951756677e-01
-7.699228857174632346e+00 1.250607674017502891e-01
-7.681788119940439863e+00 1.299167896659178256e-01
-7.664347382706247380e+00 1.348739896517118786e-01
-7.646906645472056674e+00 1.398183869682769476e-01
-7.629465908237864191e+00 1.446407601270779664e-01
-7.612025171003671709e+00 1.492423872328849099e-01
-7.594584433769479226e+00 1.535402214437747992e-01
-7.577143696535286743e+00 1.574711769951144258e-01
-7.559702959301094261e+00 1.609952178553134827e-01
-7.542262222066901778e+00 1.640969838378303902e-01
-7.524821484832709295e+00 1.667857652868207086e-01
-7.507380747598516813e+00 1.690937491402396964e-01
-7.489940010364326106e+00 1.710726009492864741e-01
-7.472499273130133624e+00 1.727886062717112758e-01
-7.455058535895941141e+00 1.743167512009119735e-01
-7.437617798661748658e+00 1.757342524438162135e-01
-7.420177061427556175e+00 1.771141296166447165e-01
-7.402736324193363693e+00 1.785194286666413888e-01
-7.385295586959171210e+00 1.799986470391320426e-01
-7.367854849724978727e+00 1.815827815218282459e-01
-7.350414112490786245e+00 1.832842337247835851e-01
-7.332973375256595538e+00 1.850975909337981284e-01
-7.315532638022403056e+00 1.870020824410661420e-01
-7.298091900788210573e+00 1.889653246514053364e-01
-7.280651163554018090e+00 1.909478384246917626e-01
-7.263210426319825608e+00 1.929077658161278963e-01
-7.245769689085633125e+00 1.948052351213190592e-01
-7.228328951851440642e+00 1.966059152795903708e-01
-7.210888214617248160e+00 1.982834456416900648e-01
-7.193447477383055677e+00 1.998206011397842818e-01
-7.176006740148864971e+00 2.012092306035719314e-01
-7.158566002914672488e+00 2.024491643213516268e-01
-7.141125265680480005e+00 2.035464081681466197e-01
-7.123684528446287523e+00 2.045110144906121530e-01
-7.106243791212095040e+00 2.053550396751966656e-01
-7.088803053977902557e+00 2.060909655950764474e-01
-7.071362316743710075e+00 2.067308818019915895e-01
-7.053921579509517592e+00 2.072866055980145117e-01
-7.036480842275325109e+00 2.077707692403763517e-01
-7.019040105041134403e+00 2.081987419750687962e-01
-7.001599367806941920e+00 2.085910971687664484e-01
-6.984158630572749438e+00 2.089762020543074195e-01
-6.966717893338556955e+00 2.093924209966740169e-01
-6.949277156104364472e+00 2.098894020235446967e-01
-6.931836418870171990e+00 2.105279737713717791e-01
-6.914395681635979507e+00 2.113783189227058379e-01
-6.896954944401787024e+00 2.125163005679359118e-01
-6.879514207167596318e+00 2.140180759502949559e-01
-6.862073469933403835e+00 2.159534025102403387e-01
-6.844632732699211353e+00 2.183782823532889883e-01
-6.827191995465018870e+00 2.213277621699579201e-01
-6.809751258230826387e+00 2.248097735404607223e-01
-6.792310520996633905e+00 2.288008458363134656e-01
-6.774869783762441422e+00 2.332443521872405168e-01
-6.757429046528248939e+00 2.380516795940764985e-01
-6.739988309294056457e+00 2.431063850974904406e-01
-6.722547572059865750e+00 2.482710587604838037e-01
-6.705106834825673268e+00 2.533963103731026734e-01
-6.687666097591480785e+00 2.583310723544101628e-01
-6.670225360357288302e+00 2.629332941488570219e-01
-6.652784623123095820e+00 2.670801028592725279e-01
-6.635343885888903337e+00 2.706766112382827383e-01
-6.617903148654710854e+00 2.736627416970146554e-01
-6.600462411420518372e+00 2.760176675699604343e-01
-6.583021674186325889e+00 2.777617113152331396e-01
-6.565580936952135183e+00 2.789557486955907550e-01
-6.548140199717942700e+00 2.796983235808409574e-01
-6.530699462483750217e+00 2.801207690147471396e-01
-6.513258725249557735e+00 2.803806604130070768e-01
-6.495817988015365252e+00 2.806539125611154928e-01
-6.478377250781172769e+00 2.811257979420747066e-01
-6.460936513546980287e+00 2.819811365881639831e-01
-6.443495776312787804e+00 2.833939099372211889e-01
-6.426055039078595321e+00 2.855165965929920002e-01
-6.408614301844404615e+00 2.884696170692473416e-01
-6.391173564610212132e+00 2.923313942300581614e-01
-6.373732827376019650e+00 2.971296607494943731e-01
-6.356292090141827167e+00 3.028347412793863658e-01
-6.338851352907634684e+00 3.093555705481989548e-01
-6.321410615673442202e+00 3.165391506307330682e-01
-6.303969878439249719e+00 3.241739851057485744e-01
-6.286529141205057236e+00 3.319977562795152215e-01
-6.269088403970864753e+00 3.397091550134117566e-01
-6.251647666736674047e+00 3.469833694588322914e-01
-6.234206929502481564e+00 3.534903399039866501e-01
-6.216766192268289082e+00 3.589145468525181126e-01
-6.199325455034096599e+00 3.629748680982385900e-01
-6.181884717799904116e+00 3.654429537742246437e-01
-6.164443980565711634e+00 3.661586417714982056e-01
-6.147003243331519151e+00 3.650411623338035705e-01
-6.129562506097326668e+00 3.620952315919117037e-01
-6.112121768863134186e+00 3.574115650665380395e-01
-6.094681031628943479e+00 3.511618017890539289e-01
-6.077240294394750997e+00 3.435882668970244302e-01
-6.059799557160558514e+00 3.349893736098396024e-01
-6.042358819926366031e+00 3.257017468362336521e-01
-6.024918082692173549e+00 3.160803286487927077e-01
-6.007477345457981066e+00 3.064778028856332548e-01
-5.990036608223788583e+00 2.972246642421659257e-01
-5.972595870989596101e+00 2.886111724525977640e-01
-5.955155133755403618e+00 2.808722894565783834e-01
-5.937714396521212912e+00 2.741765072825021465e-01
-5.920273659287020429e+00 2.686192421022755017e-01
-5.902832922052827946e+00 2.642211976622311775e-01
-5.885392184818635464e+00 2.609317917883991478e-01
-5.867951447584442981e+00 2.586374005462075965e-01
-5.850510710350250498e+00 2.571738219202219233e-01
-5.833069973116058016e+00 2.563420202400606973e-01
-5.815629235881865533e+00 2.559259177669201968e-01
-5.798188498647673050e+00 2.557107883145169902e-01
-5.780747761413482344e+00 2.555007142201314307e-01
-5.763307024179289861e+00 2.551336172815221737e-01
-5.745866286945097379e+00 2.544925752817252529e-01
-5.728425549710904896e+00 2.535124774406020687e-01
-5.710984812476712413e+00 2.521815232742737889e-01
-5.693544075242519931e+00 2.505375815560877961e-01
-5.676103338008327448e+00 2.486599403496440042e-01
-5.658662600774134965e+00 2.466574342672208930e-01
-5.641221863539942483e+00 2.446542769321594646e-01
-5.623781126305751776e+00 2.427751157060657472e-01
-5.606340389071559294e+00 2.411308431190387347e-01
-5.588899651837366811e+00 2.398065488049793414e-01
-5.571458914603174328e+00 2.388527021121491234e-01
-5.554018177368981846e+00 2.382802607881871204e-01
-5.536577440134789363e+00 2.380599571916419410e-01
-5.519136702900596880e+00 2.381255746795660211e-01
-5.501695965666404398e+00 2.383806423755968351e-01
-5.484255228432211915e+00 2.387076844930962616e-01
-5.466814491198021209e+00 2.389789838429685065e-01
-5.449373753963828726e+00 2.390677649079311351e-01
-5.431933016729636243e+00 2.388587616568628169e-01
-5.414492279495443761e+00 2.382572889228822544e-01
-5.397051542261251278e+00 2.371961559137147624e-01
-5.379610805027058795e+00 2.356400155964083476e-01
-5.362170067792866313e+00 2.335870049541910742e-01
-5.344729330558673830e+00 2.310677736025466000e-01
-5.327288593324481347e+00 2.281422034559304757e-01
-5.309847856090290641e+00 2.248942783578863069e-01
-5.292407118856098158e+00 2.214256643588202733e-01
-5.274966381621905676e+00 2.178486081664856855e-01
-5.257525644387713193e+00 2.142787562758740327e-01
-5.240084907153520710e+00 2.108284458074339007e-01
-5.222644169919328228e+00 2.076009271026078018e-01
-5.205203432685135745e+00 2.046858558953351670e-01
-5.187762695450943262e+00 2.021562490597990647e-01
-5.170321958216750780e+00 2.000669438390470789e-01
-5.152881220982560073e+00 1.984544490924421700e-01
-5.135440483748367591e+00 1.973379427425520360e-01
-5.117999746514175108e+00 1.967210667524154910e-01
-5.100559009279982625e+00 1.965941126522623150e-01
-5.083118272045790142e+00 1.969361863047950079e-01
-5.065677534811597660e+00 1.977169939338255800e-01
-5.048236797577405177e+00 1.988979986262963406e-01
-5.030796060343212694e+00 2.004328454388508707e-01
-5.013355323109020212e+00 2.022671240330221054e-01
-4.995914585874829505e+00 2.043377048854334854e-01
-4.978473848640637023e+00 2.065720208222440457e-01
-4.961033111406444540e+00 2.088877443703813508e-01
-4.943592374172252057e+00 2.111933145004138701e-01
-4.926151636938059575e+00 2.133896858607697844e-01
-4.908710899703867092e+00 2.153735149390189896e-01
-4.891270162469674609e+00 2.170417796966177537e-01
-4.873829425235482127e+00 2.182975826190408919e-01
-4.856388688001289644e+00 2.190566496349385939e-01
-4.838947950767098938e+00 2.192538483675881833e-01
-4.821507213532906455e+00 2.188489432519093725e-01
-4.804066476298713972e+00 2.178308060368753518e-01
-4.786625739064521490e+00 2.162194168526130333e-01
-4.769185001830329007e+00 2.140652148671629285e-01
-4.751744264596136524e+00 2.114456633458526025e-01
-4.734303527361944042e+00 2.084592427223851130e-01
-4.716862790127751559e+00 2.052174296758171590e-01
-4.699422052893559076e+00 2.018355108706040846e-01
-4.681981315659368370e+00 1.984232728052903461e-01
-4.664540578425175887e+00 1.950766716620580266e-01
-4.647099841190983405e+00 1.918715034696354960e-01
-4.629659103956790922e+00 1.888598693240020332e-01
-4.612218366722598439e+00 1.860698869288827106e-01
-4.594777629488405957e+00 1.835086799685149705e-01
-4.577336892254213474e+00 1.811682349951216353e-01
-4.559896155020020991e+00 1.790333112871218268e-01
-4.542455417785828509e+00 1.770902795293034238e-01
-4.525014680551637802e+00 1.753355963659857519e-01
-4.507573943317445320e+00 1.737826222631498330e-01
-4.490133206083252837e+00 1.724656656080822970e-01
-4.472692468849060354e+00 1.714404685148792351e-01
-4.455251731614867872e+00 1.707807993115545153e-01
-4.437810994380675389e+00 1.705713263100991361e-01
-4.420370257146482906e+00 1.708974513629875069e-01
-4.402929519912290424e+00 1.718332141625878162e-01
-4.385488782678097941e+00 1.734286826498005196e-01
-4.368048045443907235e+00 1.756983813409153661e-01
-4.350607308209714752e+00 1.786122595708292682e-01
-4.333166570975522269e+00 1.820904707259192734e-01
-4.315725833741329787e+00 1.860028486244478252e-01
-4.298285096507137304e+00 1.901734732002901551e-01
-4.280844359272944821e+00 1.943901711151659883e-01
-4.263403622038752339e+00 1.984182590368569754e-01
-4.245962884804559856e+00 2.020173668767004105e-01
-4.228522147570367373e+00 2.049598255631228938e-01
-4.211081410336174891e+00 2.070489059140449006e-01
-4.193640673101982408e+00 2.081351723391187125e-01
-4.176199935867789925e+00 2.081293699122630236e-01
-4.158759198633597443e+00 2.070105803253031451e-01
-4.141318461399404960e+00 2.048288295296382677e-01
-4.123877724165216030e+00 2.017018622830573094e-01
-4.106436986931023547e+00 1.978063619817686802e-01
-4.088996249696831065e+00 1.933644298181040888e-01
-4.071555512462638582e+00 1.886265892438052372e-01
-4.054114775228446099e+00 1.838529018498754886e-01
-4.036674037994253617e+00 1.792939347401515948e-01
-4.019233300760061134e+00 1.751732910290904610e-01
-4.001792563525868651e+00 1.716732085612183434e-01
-3.984351826291676169e+00 1.689243722718004326e-01
-3.966911089057483686e+00 1.670006157424155091e-01
-3.949470351823291203e+00 1.659186633511134934e-01
-3.932029614589098721e+00 1.656425478418150632e-01
-3.914588877354906238e+00 1.660918890121997615e-01
-3.897148140120713755e+00 1.671528875976444894e-01
-3.879707402886521272e+00 1.686907080409369708e-01
-3.862266665652328790e+00 1.705619078960806112e-01
-3.844825928418136307e+00 1.726257115881871251e-01
-3.827385191183943824e+00 1.747531937822717207e-01
-3.809944453949754894e+00 1.768337892410750956e-01
-3.792503716715562412e+00 1.787789299502769713e-01
-3.775062979481369929e+00 1.805229739198820349e-01
-3.757622242247177446e+00 1.820218875433921302e-01
-3.740181505012984964e+00 1.832503414521079455e-01
-3.722740767778792481e+00 1.841979616126034336e-01
-3.705300030544599998e+00 1.848654438061649863e-01
-3.687859293310407516e+00 1.852611077410672158e-01
-3.670418556076215033e+00 1.853982668270846568e-01
-3.652977818842022550e+00 1.852935587837088172e-01
-3.635537081607830068e+00 1.849661603798712917e-01
-3.618096344373637585e+00 1.844376324346353735e-01
-3.600655607139445102e+00 1.837320354707032422e-01
-3.583214869905252620e+00 1.828759360828410008e-01
-3.565774132671060137e+00 1.818979884586703344e-01
-3.548333395436867654e+00 1.808279093783590474e-01
-3.530892658202675172e+00 1.796948411337216389e-01
-3.513451920968482689e+00 1.785252801448927173e-01
-3.496011183734293759e+00 1.773409027507413804e-01
-3.478570446500101276e+00 1.761567114555428470e-01
-3.461129709265908794e+00 1.749799332130457519e-01
-3.443688972031716311e+00 1.738100195816803528e-01
-3.426248234797523828e+00 1.726399372200662918e-01
-3.408807497563331346e+00 1.714587223749951816e-01
-3.391366760329138863e+00 1.702550423122203005e-01
-3.373926023094946380e+00 1.690213022604980797e-01
-3.356485285860753898e+00 1.677576972764720786e-01
-3.339044548626561415e+00 1.664755625165978414e-01
-3.321603811392368932e+00 1.651994342875845179e-01
-3.304163074158176450e+00 1.639673906408489756e-01
-3.286722336923983967e+00 1.628294693518717029e-01
-3.269281599689791484e+00 1.618442253396222830e-01
-3.251840862455599002e+00 1.610737459471037192e-01
-3.234400125221406519e+00 1.605776507530974062e-01
-3.216959387987214036e+00 1.604067324869528632e-01
-3.199518650753021554e+00 1.605969319473197487e-01
-3.182077913518832624e+00 1.611642840439409530e-01
-3.164637176284640141e+00 1.621013405797198381e-01
-3.147196439050447658e+00 1.633753949128252669e-01
-3.129755701816255176e+00 1.649286351143463836e-01
-3.112314964582062693e+00 1.666801645081587013e-01
-3.094874227347870210e+00 1.685296733230661759e-01
-3.077433490113677728e+00 1.703624345883377467e-01
-3.059992752879485245e+00 1.720552334114838211e-01
-3.042552015645292762e+00 1.734828156065840177e-01
-3.025111278411100280e+00 1.745244491691377853e-01
-3.007670541176907797e+00 1.750702196365727104e-01
-2.990229803942715314e+00 1.750267197026830479e-01
-2.972789066708522832e+00 1.743218403203160571e-01
-2.955348329474330349e+00 1.729084244821867400e-01
-2.937907592240137866e+00 1.707666076798503296e-01
-2.920466855005945384e+00 1.679047423689974672e-01
-2.903026117771752901e+00 1.643588869890199589e-01
-2.885585380537560418e+00 1.601909289750065024e-01
-2.868144643303371488e+00 1.554854979693271189e-01
-2.850703906069179006e+00 1.503459000976025972e-01
-2.833263168834986523e+00 1.448893568513625052e-01
-2.815822431600794040e+00 1.392418556497804216e-01
-2.798381694366601558e+00 1.335329111424606863e-01
-2.780940957132409075e+00 1.278905000847053719e-01
-2.763500219898216592e+00 1.224363767008096598e-01
-2.746059482664024110e+00 1.172819117548537932e-01
-2.728618745429831627e+00 1.125245396224434785e-01
-2.711178008195639144e+00 1.082448537888184570e-01
-2.693737270961446661e+00 1.045043680677880116e-01
-2.676296533727254179e+00 1.013439583161559188e-01
-2.658855796493061696e+00 9.878301181828937072e-02
-2.641415059258869213e+00 9.681932917037233688e-02
-2.623974322024676731e+00 9.542983529109660967e-02
-2.606533584790484248e+00 9.457215238755956044e-02
-2.589092847556291765e+00 9.418706238104300466e-02
-2.571652110322099283e+00 9.420183879407556526e-02
-2.554211373087910353e+00 9.453436323659736296e-02
-2.536770635853717870e+00 9.509786861112090595e-02
-2.519329898619525387e+00 9.580608151254166316e-02
-2.501889161385332905e+00 9.657848134618834957e-02
-2.484448424151140422e+00 9.734536213788093362e-02
-2.467007686916947939e+00 9.805237924206591793e-02
-2.449566949682755457e+00 9.866428654381144414e-02
-2.432126212448562974e+00 9.916761516345722061e-02
-2.414685475214370491e+00 9.957210398783854222e-02
-2.397244737980178009e+00 9.991075664142531898e-02
-2.379804000745985526e+00 1.002384613644422551e-01
-2.362363263511793043e+00 1.006291657062556855e-01
-2.344922526277600561e+00 1.011716474525840986e-01
-2.327481789043408078e+00 1.019639715492894477e-01
-2.310041051809215595e+00 1.031067775687047050e-01
-2.292600314575023113e+00 1.046956114296312829e-01
-2.275159577340830630e+00 1.068126038217740020e-01
-2.257718840106641700e+00 1.095179055422403763e-01
-2.240278102872449217e+00 1.128414082746450886e-01
-2.222837365638256735e+00 1.167753913013097333e-01
-2.205396628404064252e+00 1.212688162820822896e-01
-2.187955891169871769e+00 1.262240161634136659e-01
-2.170515153935679287e+00 1.314964649866460500e-01
-2.153074416701486804e+00 1.368981554122617184e-01
-2.135633679467294321e+00 1.422048466309633885e-01
-2.118192942233101839e+00 1.471670913980032969e-01
-2.100752204998909356e+00 1.515245405886954111e-01
-2.083311467764716873e+00 1.550226065749881199e-01
-2.065870730530524391e+00 1.574302022813683921e-01
-2.048429993296331908e+00 1.585570207641058549e-01
-2.030989256062139425e+00 1.582687299602019704e-01
-2.013548518827946943e+00 1.564985579145367900e-01
-1.996107781593754460e+00 1.532540369595448149e-01
-1.978667044359561977e+00 1.486181327903350891e-01
-1.961226307125369495e+00 1.427445510921354910e-01
-1.943785569891180565e+00 1.358476165559186766e-01
-1.926344832656988082e+00 1.281876761361006312e-01
-1.908904095422795599e+00 1.200534161687676488e-01
-1.891463358188603117e+00 1.117427461930498023e-01
-1.874022620954410634e+00 1.035439632865632203e-01
-1.856581883720218151e+00 9.571877288924883487e-02
-1.839141146486025669e+00 8.848843792624556948e-02
-1.821700409251833186e+00 8.202391181201083847e-02
-1.804259672017640703e+00 7.644034798991623803e-02
-1.786818934783448221e+00 7.179593366807959787e-02
-1.769378197549255738e+00 6.809462165972532399e-02
-1.751937460315063255e+00 6.529206631196909916e-02
-1.734496723080870773e+00 6.330392023814696012e-02
-1.717055985846678290e+00 6.201561047262664494e-02
-1.699615248612485807e+00 6.129276306584138800e-02
-1.682174511378293325e+00 6.099155342252382539e-02
-1.664733774144100842e+00 6.096839491117034965e-02
-1.647293036909908359e+00 6.108851539147076154e-02
-1.629852299675719429e+00 6.123309487452364974e-02
-1.612411562441526947e+00 6.130474240909071504e-02
-1.594970825207334464e+00 6.123117964172517663e-02
-1.577530087973141981e+00 6.096708000138429534e-02
-1.560089350738949499e+00 6.049409393056836420e-02
-1.542648613504757016e+00 5.981917631687543035e-02
-1.525207876270564533e+00 5.897142097164995156e-02
-1.507767139036372050e+00 5.799769173905457154e-02
-1.490326401802179568e+00 5.695740991867324909e-02
-1.472885664567987085e+00 5.591690178933184097e-02
-1.455444927333794602e+00 5.494371947537009943e-02
-1.438004190099602120e+00 5.410131995499369711e-02
-1.420563452865409637e+00 5.344442414073336672e-02
-1.403122715631217154e+00 5.301529040007783855e-02
-1.385681978397024672e+00 5.284103858771281581e-02
-1.368241241162832189e+00 5.293206671068263758e-02
-1.350800503928639706e+00 5.328152560233724577e-02
-1.333359766694447224e+00 5.386576532214955998e-02
-1.315919029460258294e+00 5.464564183936861108e-02
-1.298478292226065811e+00 5.556856894520366408e-02
-1.281037554991873328e+00 5.657120858443233369e-02
-1.263596817757680846e+00 5.758270122245422867e-02
-1.246156080523488363e+00 5.852833596110091491e-02
-1.228715343289295880e+00 5.933354139693531454e-02
-1.211274606055103398e+00 5.992804207000171357e-02
-1.193833868820910915e+00 6.024997750945742386e-02
-1.176393131586718432e+00 6.024973237183822022e-02
-1.158952394352525950e+00 5.989319098870554692e-02
-1.141511657118333467e+00 5.916412166006377454e-02
-1.124070919884140984e+00 5.806542573733553675e-02
-1.106630182649948502e+00 5.661905834029735962e-02
-1.089189445415756019e+00 5.486453816679946749e-02
-1.071748708181563536e+00 5.285610217409577455e-02
-1.054307970947371054e+00 5.065870938729032102e-02
-1.036867233713178571e+00 4.834323543927939587e-02
-1.019426496478986088e+00 4.598130420310576200e-02
-1.001985759244797158e+00 4.364025716935444194e-02
-9.845450220106046757e-01 4.137875406818637691e-02
-9.671042847764121930e-01 3.924342776236491165e-02
-9.496635475422197104e-01 3.726689056431956026e-02
-9.322228103080272277e-01 3.546722457995798994e-02
-9.147820730738347450e-01 3.384890844438614987e-02
-8.973413358396422623e-01 3.240496249322514372e-02
-8.799005986054497797e-01 3.111995808938083224e-02
-8.624598613712572970e-01 2.997345317258436753e-02
-8.450191241370648143e-01 2.894339543439732737e-02
-8.275783869028723316e-01 2.800907730750530622e-02
-8.101376496686798490e-01 2.715332400339903057e-02
-7.926969124344873663e-01 2.636373011275752742e-02
-7.752561752002948836e-01 2.563291001264614982e-02
-7.578154379661024009e-01 2.495786968424094920e-02
-7.403747007319099183e-01 2.433872236853073037e-02
-7.229339634977174356e-01 2.377704326183871161e-02
-7.054932262635249529e-01 2.327418214069281940e-02
-6.880524890293360230e-01 2.282982826793597889e-02
-6.706117517951435403e-01 2.244105700819593041e-02
-6.531710145609510576e-01 2.210199513237460708e-02
-6.357302773267585749e-01 2.180413718452857419e-02
-6.182895400925660923e-01 2.153724383635055237e-02
-6.008488028583736096e-01 2.129066798729412763e-02
-5.834080656241811269e-01 2.105489498093245440e-02
-5.659673283899886442e-01 2.082305495319829169e-02
-5.485265911557961616e-01 2.059216911154372262e-02
-5.310858539216036789e-01 2.036392522548444856e-02
-5.136451166874111962e-01 2.014483563825741896e-02
-4.962043794532187135e-01 1.994570666629012778e-02
-4.787636422190262309e-01 1.978043315470130042e-02
-4.613229049848337482e-01 1.966421741026598211e-02
-4.438821677506412655e-01 1.961138881154161559e-02
-4.264414305164487828e-01 1.963306055847121798e-02
-4.090006932822563002e-01 1.973489578062335645e-02
-3.915599560480638175e-01 1.991526096815538632e-02
-3.741192188138748875e-01 2.016401761962188441e-02
-3.566784815796824049e-01 2.046214393839725781e-02
-3.392377443454899222e-01 2.078229229004107184e-02
-3.217970071112974395e-01 2.109028393184222624e-02
-3.043562698771049568e-01 2.134743248781829916e-02
-2.869155326429124742e-01 2.151348581904103177e-02
-2.694747954087199915e-01 2.154989620695480987e-02
-2.520340581745275088e-01 2.142308264836035106e-02
-2.345933209403350261e-01 2.110734374967175586e-02
-2.171525837061425435e-01 2.058711670988681505e-02
-1.997118464719500608e-01 1.985835256529081688e-02
-1.822711092377575781e-01 1.892888006969878703e-02
-1.648303720035650954e-01 1.781774617780179995e-02
-1.473896347693726128e-01 1.655363426803740240e-02
-1.299488975351801301e-01 1.517255701037070921e-02
-1.125081603009876474e-01 1.371508735412302338e-02
-9.506742306679516474e-02 1.222342156208271712e-02
-7.762668583260268207e-02 1.073856129937245628e-02
-6.018594859841375211e-02 9.297861699172047661e-03
-4.274521136422126943e-02 7.933127605401744248e-03
-2.530447413002878676e-02 6.669361959493892711e-03
-7.863736895836304086e-03 5.524190277767584978e-03
9.577000338356178588e-03 4.507913817794633772e-03
2.701773757254866126e-02 3.624089136338038124e-03
4.445847480674114394e-02 2.870497615917041393e-03
6.189921204093362661e-02 2.240355935084704410e-03
7.933994927512610928e-02 1.723625053713645841e-03
9.678068650931859196e-02 1.308296564216736291e-03
1.142214237435110746e-01 9.815655839024320459e-04
1.316621609777035573e-01 7.308329949541212062e-04
1.491028982118960400e-01 5.445117612872131920e-04
1.665436354460885227e-01 4.126384992120283256e-04
1.839843726802810053e-01 3.273101531713203897e-04
2.014251099144734880e-01 2.829756587008160399e-04
2.188658471486659707e-01 2.766142050821624658e-04
2.363065843828584534e-01 3.078263996946492076e-04
2.537473216170473833e-01 3.788541634888338279e-04
2.711880588512398660e-01 4.945317992320379585e-04
2.886287960854323487e-01 6.621567968261489077e-04
3.060695333196248313e-01 8.912570312457994675e-04
3.235102705538173140e-01 1.193223419530641764e-03
3.409510077880097967e-01 1.580775904286806435e-03
3.583917450222022794e-01 2.067237378854444758e-03
3.758324822563947620e-01 2.665605614591834600e-03
3.932732194905872447e-01 3.387437026150831153e-03
4.107139567247797274e-01 4.241586467694574356e-03
4.281546939589722101e-01 5.232880942738053938e-03
4.455954311931646927e-01 6.360837500272897155e-03
4.630361684273571754e-01 7.618561084341990246e-03
4.804769056615496581e-01 8.991970878870781878e-03
4.979176428957421408e-01 1.045949867729450804e-02
5.153583801299346234e-01 1.199237679170149160e-02
5.327991173641271061e-01 1.355558562851154163e-02
5.502398545983195888e-01 1.510946542881028490e-02
5.676805918325085187e-01 1.661191954082876301e-02
5.851213290667010014e-01 1.802105772885308557e-02
6.025620663008934841e-01 1.929805896024612902e-02
6.200028035350859668e-01 2.040998534416410548e-02
6.374435407692784494e-01 2.133226182879088828e-02
6.548842780034709321e-01 2.205055531533542737e-02
6.723250152376634148e-01 2.256184209125790610e-02
6.897657524718558975e-01 2.287453818507602030e-02
7.072064897060483801e-01 2.300767243704983367e-02
7.246472269402408628e-01 2.298919217441097729e-02
7.420879641744333455e-01 2.285359051767543032e-02
7.595287014086258282e-01 2.263911807886903951e-02
7.769694386428183108e-01 2.238487959705964467e-02
7.944101758770107935e-01 2.212811305512398657e-02
8.118509131112032762e-01 2.190190668425277820e-02
8.292916503453957588e-01 2.173353573130654137e-02
8.467323875795882415e-01 2.164350830911138807e-02
8.641731248137807242e-01 2.164531285046574285e-02
8.816138620479696542e-01 2.174577330423822785e-02
8.990545992821621368e-01 2.194585443360232146e-02
9.164953365163546195e-01 2.224172633649543554e-02
9.339360737505471022e-01 2.262589734220950277e-02
9.513768109847395849e-01 2.308825523804762178e-02
9.688175482189320675e-01 2.361691134957047064e-02
9.862582854531245502e-01 2.419881017623212727e-02
1.003699022687317033e+00 2.482013736285056116e-02
1.021139759921509516e+00 2.546661915659832742e-02
1.038580497155701998e+00 2.612384712402840078e-02
1.056021234389894481e+00 2.677777551072643009e-02
1.073461971624086964e+00 2.741552155646072297e-02
1.090902708858279446e+00 2.802655177671996636e-02
1.108343446092471929e+00 2.860426437135541941e-02
1.125784183326664412e+00 2.914788818862934852e-02
1.143224920560856894e+00 2.966452402288593387e-02
1.160665657795049377e+00 3.017106858251133311e-02
1.178106395029241860e+00 3.069569994815428068e-02
1.195547132263430790e+00 3.127857914759160640e-02
1.212987869497623272e+00 3.197144563047919080e-02
1.230428606731815755e+00 3.283585966785037419e-02
1.247869343966008238e+00 3.393996999921537749e-02
1.265310081200200720e+00 3.535385090707975769e-02
1.282750818434393203e+00 3.714364264286224709e-02
1.300191555668585686e+00 3.936492031653041762e-02
1.317632292902778168e+00 4.205588323379507582e-02
1.335073030136970651e+00 4.523107340833727730e-02
1.352513767371163134e+00 4.887637641887830620e-02
1.369954504605355616e+00 5.294601498369373022e-02
1.387395241839548099e+00 5.736211083295375546e-02
1.404835979073740582e+00 6.201717086988644406e-02
1.422276716307933064e+00 6.677956856321887180e-02
1.439717453542125547e+00 7.150177088497290667e-02
1.457158190776318030e+00 7.603074200100581881e-02
1.474598928010510512e+00 8.021967698061364949e-02
1.492039665244702995e+00 8.394001879055038029e-02
1.509480402478891925e+00 8.709261835528049611e-02
1.526921139713084408e+00 8.961692650675856520e-02
1.544361876947276890e+00 9.149725899863528356e-02
1.561802614181469373e+00 9.276543655248122022e-02
1.579243351415661856e+00 9.349944252486226681e-02
1.596684088649854338e+00 9.381812283307625067e-02
1.614124825884046821e+00 9.387233339241402019e-02
1.631565563118239304e+00 9.383327796605075988e-02
1.649006300352431786e+00 9.387903909209843745e-02
1.666447037586624269e+00 9.418046229056972751e-02
1.683887774820816752e+00 9.488759742588358248e-02
1.701328512055009234e+00 9.611783212283625533e-02
1.718769249289201717e+00 9.794668301194445204e-02
1.736209986523394200e+00 1.004019623621184854e-01
1.753650723757586682e+00 1.034617366599451665e-01
1.771091460991779165e+00 1.070561683179053064e-01
1.788532198225971648e+00 1.110730097910751779e-01
1.805972935460164130e+00 1.153662263597552140e-01
1.823413672694353060e+00 1.197669814540693600e-01
1.840854409928545543e+00 1.240960440455201874e-01
1.858295147162738026e+00 1.281765838006576341e-01
1.875735884396930508e+00 1.318463134177734752e-01
1.893176621631122991e+00 1.349680197573915330e-01
1.910617358865315474e+00 1.374376901320868150e-01
1.928058096099507956e+00 1.391896742905957551e-01
1.945498833333700439e+00 1.401986059418358077e-01
1.962939570567892922e+00 1.404781137215074249e-01
1.980380307802085404e+00 1.400766498377988556e-01
1.997821045036277887e+00 1.390710237466515342e-01
2.015261782270470370e+00 1.375584193370169295e-01
2.032702519504662853e+00 1.356477751831166589e-01
2.050143256738855335e+00 1.334514065821876261e-01
2.067583993973047818e+00 1.310776460796253262e-01
2.085024731207240301e+00 1.286250900349907023e-01
2.102465468441432783e+00 1.261787885696722677e-01
2.119906205675625266e+00 1.238084397784024460e-01
2.137346942909814196e+00 1.215683850774754576e-01
2.154787680144006679e+00 1.194989878064773858e-01
2.172228417378199161e+00 1.176288408807528857e-01
2.189669154612391644e+00 1.159772082745712529e-01
2.207109891846584127e+00 1.145561611579526823e-01
2.224550629080776609e+00 1.133720089487388616e-01
2.241991366314969092e+00 1.124258215907422004e-01
2.259432103549161575e+00 1.117130566999284952e-01
2.276872840783354057e+00 1.112225060341365812e-01
2.294313578017546540e+00 1.109349262576510980e-01
2.311754315251739023e+00 1.108217951599368700e-01
2.329195052485931505e+00 1.108446259951658824e-01
2.346635789720123988e+00 1.109551841777443454e-01
2.364076526954316471e+00 1.110968007148662035e-01
2.381517264188508953e+00 1.112067940028646090e-01
2.398958001422701436e+00 1.112198290243839593e-01
2.416398738656893919e+00 1.110718920571461266e-01
2.433839475891086401e+00 1.107044640766408905e-01
2.451280213125275331e+00 1.100684502089215450e-01
2.468720950359467814e+00 1.091274659180333645e-01
2.486161687593660297e+00 1.078601807825678716e-01
2.503602424827852779e+00 1.062615560329504549e-01
2.521043162062045262e+00 1.043429560471793582e-01
2.538483899296237745e+00 1.021312409066187643e-01
2.555924636530430227e+00 9.966703667546009116e-02
2.573365373764622710e+00 9.700242136318645847e-02
2.590806110998815193e+00 9.419825758841395003e-02
2.608246848233007675e+00 9.132135810568470236e-02
2.625687585467200158e+00 8.844160538473534727e-02
2.643128322701392641e+00 8.562908227805106354e-02
2.660569059935585123e+00 8.295122659869351434e-02
2.678009797169777606e+00 8.047001099448673755e-02
2.695450534403970089e+00 7.823917438590839712e-02
2.712891271638162571e+00 7.630158579342469216e-02
2.730332008872355054e+00 7.468689026774585904e-02
2.747772746106547537e+00 7.340964931657678605e-02
2.765213483340736467e+00 7.246822376164981094e-02
2.782654220574928949e+00 7.184463902837166793e-02
2.800094957809121432e+00 7.150561379880643331e-02
2.817535695043313915e+00 7.140482593711641734e-02
2.834976432277506397e+00 7.148634848760303251e-02
2.852417169511698880e+00 7.168903534525584986e-02
2.869857906745891363e+00 7.195149671217480891e-02
2.887298643980083845e+00 7.221720315243226884e-02
2.904739381214276328e+00 7.243921226323619955e-02
2.922180118448468811e+00 7.258403240378756560e-02
2.939620855682661293e+00 7.263422127254780258e-02
2.957061592916853776e+00 7.258945096833803456e-02
2.974502330151046259e+00 7.246593575268452103e-02
2.991943067385238741e+00 7.229429097764089596e-02
3.009383804619431224e+00 7.211604942277287378e-02
3.026824541853623707e+00 7.197918696340468991e-02
3.044265279087816189e+00 7.193309210769022188e-02
3.061706016322008672e+00 7.202344970187317397e-02
3.079146753556197602e+00 7.228750036708624094e-02
3.096587490790390085e+00 7.275009046415283065e-02
3.114028228024582567e+00 7.342085082770100080e-02
3.131468965258775050e+00 7.429274425140063032e-02
3.148909702492967533e+00 7.534210863175132278e-02
3.166350439727160015e+00 7.653020051270210955e-02
3.183791176961352498e+00 7.780611797444920985e-02
3.201231914195544981e+00 7.911085884932184120e-02
3.218672651429737464e+00 8.038215865977081653e-02
3.236113388663929946e+00 8.155966330118487317e-02
3.253554125898122429e+00 8.258993660645448653e-02
3.270994863132314912e+00 8.343079423696340979e-02
3.288435600366507394e+00 8.405450126951018175e-02
3.305876337600699877e+00 8.444947374371519766e-02
3.323317074834892360e+00 8.462027850243641902e-02
3.340757812069084842e+00 8.458591625804752490e-02
3.358198549303277325e+00 8.437657756043438761e-02
3.375639286537469808e+00 8.402925296503639674e-02
3.393080023771658738e+00 8.358272928817390979e-02
3.410520761005851220e+00 8.307258962211970521e-02
3.427961498240043703e+00 8.252684054296385852e-02
3.445402235474236186e+00 8.196271211056985195e-02
3.462842972708428668e+00 8.138502403624127413e-02
3.480283709942621151e+00 8.078630562101553336e-02
3.497724447176813634e+00 8.014862699707028804e-02
3.515165184411006116e+00 7.944687776987427452e-02
3.532605921645198599e+00 7.865304761879393647e-02
3.550046658879391082e+00 7.774094635225872740e-02
3.567487396113583564e+00 7.669076248284176223e-02
3.584928133347776047e+00 7.549290143723619284e-02
3.602368870581968530e+00 7.415065686904950826e-02
3.619809607816161012e+00 7.268143128097846739e-02
3.637250345050353495e+00 7.111640942226429840e-02
3.654691082284545978e+00 6.949877243845978270e-02
3.672131819518738460e+00 6.788069827601640738e-02
3.689572556752930943e+00 6.631950671256128804e-02
3.707013293987119873e+00 6.487336654730375962e-02
3.724454031221312356e+00 6.359698784759075518e-02
3.741894768455504838e+00 6.253768126118347537e-02
3.759335505689697321e+00 6.173209197563432615e-02
3.776776242923889804e+00 6.120382273767050602e-02
3.794216980158082286e+00 6.096206242029626743e-02
3.811657717392274769e+00 6.100124494109773754e-02
3.829098454626467252e+00 6.130168484385124100e-02
3.846539191860659734e+00 6.183107356550841816e-02
3.863979929094852217e+00 6.254667440541226975e-02
3.881420666329044700e+00 6.339802312691752983e-02
3.898861403563237182e+00 6.432992353987271317e-02
3.916302140797429665e+00 6.528552275856741582e-02
3.933742878031622148e+00 6.620925949125286425e-02
3.951183615265814630e+00 6.704950144931506872e-02
3.968624352500007113e+00 6.776072484256610851e-02
3.986065089734199596e+00 6.830513827687952066e-02
4.003505826968392078e+00 6.865371110518202202e-02
4.020946564202581008e+00 6.878662596598596191e-02
4.038387301436773491e+00 6.869322895678899032e-02
4.055828038670965974e+00 6.837159074131490821e-02
4.073268775905158456e+00 6.782781178964460145e-02
4.090709513139350939e+00 6.707520217345469549e-02
4.108150250373543422e+00 6.613344243081048512e-02
4.125590987607735904e+00 6.502779275178495466e-02
4.143031724841928387e+00 6.378837207595015879e-02
4.160472462076120870e+00 6.244948692103086119e-02
4.177913199310313352e+00 6.104896123008583114e-02
4.195353936544505835e+00 5.962740949715653049e-02
4.212794673778698318e+00 5.822740754796734003e-02
4.230235411012890800e+00 5.689254508328899645e-02
4.247676148247083283e+00 5.566638335707324581e-02
4.265116885481275766e+00 5.459137922339324378e-02
4.282557622715468248e+00 5.370786190514505870e-02
4.299998359949660731e+00 5.305315217295292207e-02
4.317439097183853214e+00 5.266089081232569469e-02
4.334879834418042144e+00 5.256059612470697501e-02
4.352320571652234626e+00 5.277740700963261949e-02
4.369761308886427109e+00 5.333190242806828962e-02
4.387202046120619592e+00 5.423983607465349827e-02
4.404642783354812074e+00 5.551160269052011348e-02
4.422083520589004557e+00 5.715127133425220579e-02
4.439524257823197040e+00 5.915508561786730901e-02
4.456964995057389523e+00 6.150943683357293357e-02
4.474405732291582005e+00 6.418844914828387982e-02
4.491846469525774488e+00 6.715145506019072619e-02
4.509287206759966971e+00 7.034075822364675712e-02
4.526727943994159453e+00 7.368015391598051189e-02
4.544168681228351936e+00 7.707468433177538936e-02
4.561609418462544419e+00 8.041203547964587139e-02
4.579050155696736901e+00 8.356583595439161238e-02
4.596490892930929384e+00 8.640090955060261702e-02
4.613931630165121867e+00 8.878028932904716286e-02
4.631372367399314349e+00 9.057355384152432354e-02
4.648813104633503279e+00 9.166583275239374717e-02
4.666253841867695762e+00 9.196668171013283599e-02
4.683694579101888245e+00 9.141796894897585846e-02
4.701135316336080727e+00 8.999996001825724679e-02
4.718576053570273210e+00 8.773492907335775359e-02
4.736016790804465693e+00 8.468784831300142646e-02
4.753457528038658175e+00 8.096398344974672923e-02
4.770898265272850658e+00 7.670351817855168564e-02
4.788339002507043141e+00 7.207360903076184822e-02
4.805779739741235623e+00 6.725850247130697734e-02
4.823220476975428106e+00 6.244850559293830400e-02
4.840661214209620589e+00 5.782867798763652312e-02
4.858101951443813071e+00 5.356810425908998391e-02
4.875542688678005554e+00 4.981052299095507785e-02
4.892983425912198037e+00 4.666694478173081390e-02
4.910424163146390519e+00 4.421070894119374928e-02
4.927864900380583002e+00 4.247522577154837914e-02
4.945305637614775485e+00 4.145444694208216124e-02
4.962746374848964415e+00 4.110591442675599894e-02
4.980187112083156897e+00 4.135606878641382572e-02
4.997627849317349380e+00 4.210735674281113061e-02
5.015068586551541863e+00 4.324657028999487340e-02
5.032509323785734345e+00 4.465377838770760027e-02
5.049950061019926828e+00 4.621118091486130230e-02
5.067390798254119311e+00 4.781122644522562554e-02
5.084831535488311793e+00 4.936339332130171287e-02
5.102272272722504276e+00 5.079913821487532649e-02
5.119713009956696759e+00 5.207466501018549743e-02
5.137153747190889241e+00 5.317135157289409192e-02
5.154594484425081724e+00 5.409387932920289854e-02
5.172035221659274207e+00 5.486632204460446804e-02
5.189475958893466689e+00 5.552664386380538192e-02
5.206916696127659172e+00 5.612021003658022866e-02
5.224357433361851655e+00 5.669300701848242058e-02
5.241798170596044137e+00 5.728528806780685406e-02
5.259238907830236620e+00 5.792630105083643871e-02
5.276679645064425550e+00 5.863062206324898967e-02
5.294120382298618033e+00 5.939642683427444336e-02
5.311561119532810515e+00 6.020580508133697994e-02
5.329001856767002998e+00 6.102698944350221782e-02
5.346442594001195481e+00 6.181815972500281225e-02
5.363883331235387963e+00 6.253232098995688271e-02
5.381324068469580446e+00 6.312265952712929618e-02
5.398764805703772929e+00 6.354776304093828765e-02
5.416205542937965411e+00 6.377614891752718396e-02
5.433646280172157894e+00 6.378966502853690435e-02
5.451087017406350377e+00 6.358549103921198875e-02
5.468527754640542859e+00 6.317664947908539774e-02
5.485968491874735342e+00 6.259110890663482918e-02
5.503409229108927825e+00 6.186970342158058800e-02
5.520849966343120307e+00 6.106318705853463341e-02
5.538290703577312790e+00 6.022878042628421885e-02
5.555731440811505273e+00 5.942655199665729943e-02
5.573172178045697756e+00 5.871591802883837502e-02
5.590612915279886685e+00 5.815246001839659978e-02
5.608053652514079168e+00 5.778516671470922822e-02
5.625494389748271651e+00 5.765412843219937938e-02
5.642935126982464134e+00 5.778865956866723746e-02
5.660375864216656616e+00 5.820580880222894771e-02
5.677816601450849099e+00 5.890923467309978206e-02
5.695257338685041582e+00 5.988846815878954427e-02
5.712698075919234064e+00 6.111863802778553373e-02
5.730138813153426547e+00 6.256078071385068329e-02
5.747579550387619030e+00 6.416287661370298490e-02
5.765020287621811512e+00 6.586173636751406490e-02
5.782461024856003995e+00 6.758579907113343443e-02
5.799901762090196478e+00 6.925880420933576420e-02
5.817342499324388960e+00 7.080417422787160797e-02
5.834783236558581443e+00 7.214981579382526156e-02
5.852223973792773926e+00 7.323293880762481167e-02
5.869664711026966408e+00 7.400442569084464406e-02
5.887105448261158891e+00 7.443227625950200876e-02
5.904546185495347821e+00 7.450371337449511466e-02
5.921986922729540304e+00 7.422565839787712005e-02
5.939427659963732786e+00 7.362345936824211956e-02
5.956868397197925269e+00 7.273795612992889348e-02
5.974309134432117752e+00 7.162116767913156989e-02
5.991749871666310234e+00 7.033105931403742239e-02
6.009190608900502717e+00 6.892596619426047400e-02
6.026631346134695200e+00 6.745929860229507580e-02
6.044072083368887682e+00 6.597512554012681385e-02
6.061512820603080165e+00 6.450513103615605759e-02
6.078953557837272648e+00 6.306727525301171478e-02
6.096394295071465130e+00 6.166629120599418507e-02
6.113835032305657613e+00 6.029593282597905252e-02
6.131275769539850096e+00 5.894268700142576284e-02
6.148716506774042578e+00 5.759049413660352612e-02
6.166157244008235061e+00 5.622590637984410666e-02
6.183597981242427544e+00 5.484306086206018616e-02
6.201038718476620026e+00 5.344786056231845550e-02
6.218479455710808956e+00 5.206083440861421219e-02
6.235920192945001439e+00 5.071828173835950249e-02
6.253360930179193922e+00 4.947148068820845374e-02
6.270801667413386404e+00 4.838393891765592481e-02
6.288242404647578887e+00 4.752687016347599547e-02
6.305683141881771370e+00 4.697327293558555689e-02
6.323123879115963852e+00 4.679115033716058775e-02
6.340564616350156335e+00 4.703652641243234733e-02
6.358005353584348818e+00 4.774697140376422955e-02
6.375446090818541300e+00 4.893633684492632030e-02
6.392886828052733783e+00 5.059131804866042609e-02
6.410327565286926266e+00 5.267030943320592795e-02
6.427768302521118748e+00 5.510480779650932248e-02
6.445209039755311231e+00 5.780336793565913484e-02
6.462649776989503714e+00 6.065784811022773004e-02
6.480090514223696196e+00 6.355142825249616989e-02
6.497531251457888679e+00 6.636767133273616115e-02
6.514971988692077609e+00 6.899975533980487463e-02
6.532412725926270092e+00 7.135895118538468362e-02
6.549853463160462574e+00 7.338147209244146041e-02
6.567294200394655057e+00 7.503297221053295551e-02
6.584734937628847540e+00 7.631021282009620155e-02
6.602175674863040022e+00 7.723971790971437268e-02
6.619616412097232505e+00 7.787357207311010332e-02
6.637057149331424988e+00 7.828283237539576667e-02
6.654497886565617470e+00 7.854929204887228789e-02
6.671938623799809953e+00 7.875651330986901955e-02
6.689379361034002436e+00 7.898111569444880853e-02
6.706820098268194918e+00 7.928525590652368837e-02
6.724260835502387401e+00 7.971107204344871078e-02
6.741701572736579884e+00 8.027761124526688885e-02
6.759142309970772367e+00 8.098044955511359000e-02
6.776583047204964849e+00 8.179388762232064902e-02
6.794023784439157332e+00 8.267530858428050189e-02
6.811464521673349815e+00 8.357105273716686211e-02
6.828905258907538744e+00 8.442302468356784051e-02
6.846345996141731227e+00 8.517521560333288222e-02
6.863786733375923710e+00 8.577939371982791494e-02
6.881227470610116193e+00 8.619937323550025399e-02
6.898668207844308675e+00 8.641348848695007412e-02
6.916108945078501158e+00 8.641514253686109759e-02
6.933549682312693641e+00 8.621153441097172132e-02
6.950990419546886123e+00 8.582086816303240162e-02
6.968431156781078606e+00 8.526849001014752405e-02
6.985871894015271089e+00 8.458247741621249816e-02
7.003312631249463571e+00 8.378921677101876242e-02
7.020753368483656054e+00 8.290946279308915312e-02
7.038194105717848537e+00 8.195528648212789535e-02
7.055634842952041019e+00 8.092820451764307088e-02
7.073075580186233502e+00 7.981865554354773684e-02
7.090516317420425985e+00 7.860685922233098810e-02
7.107957054654618467e+00 7.726497065932204367e-02
7.125397791888810950e+00 7.576033172981663788e-02
7.142838529122999880e+00 7.405952664785873940e-02
7.160279266357192363e+00 7.213287626000894348e-02
7.177720003591384845e+00 6.995895885073392939e-02
7.195160740825577328e+00 6.752872964581702053e-02
7.212601478059769811e+00 6.484883077991865363e-02
7.230042215293962293e+00 6.194374009674735032e-02
7.247482952528154776e+00 5.885649904768023438e-02
7.264923689762347259e+00 5.564788104714084999e-02
7.282364426996539741e+00 5.239400150862631028e-02
7.299805164230732224e+00 4.918251566886454318e-02
7.317245901464924707e+00 4.610768487920240827e-02
7.334686638699117189e+00 4.326470155947200608e-02
7.352127375933309672e+00 4.074373542420678396e-02
7.369568113167502155e+00 3.862419120076728690e-02
7.387008850401694637e+00 3.696964840577294381e-02
7.404449587635887120e+00 3.582388969189432421e-02
7.421890324870079603e+00 3.520832334327012036e-02
7.439331062104272085e+00 3.512097869327338029e-02
7.456771799338461015e+00 3.553711363609774604e-02
7.474212536572653498e+00 3.641133470131418387e-02
7.491653273806845981e+00 3.768100537664900718e-02
7.509094011041038463e+00 3.927061873644645262e-02
7.526534748275230946e+00 4.109674452417959312e-02
7.543975485509423429e+00 4.307313383743421875e-02
7.561416222743615911e+00 4.511557780704746057e-02
7.578856959977808394e+00 4.714616741506491571e-02
7.596297697212000877e+00 4.909668321318791384e-02
7.613738434446193359e+00 5.091094623473092773e-02
7.631179171680385842e+00 5.254607267469816462e-02
7.648619908914578325e+00 5.397268206411114794e-02
7.666060646148770807e+00 5.517419980774510013e-02
7.683501383382963290e+00 5.614546086834476535e-02
7.700942120617155773e+00 5.689085677965292909e-02
7.718382857851348255e+00 5.742227233132245895e-02
7.735823595085540738e+00 5.775703485428698020e-02
7.753264332319733221e+00 5.791605514177092934e-02
7.770705069553922151e+00 5.792228366488892666e-02
7.788145806788114633e+00 5.779954800334871634e-02
7.805586544022307116e+00 5.757178493305619565e-02
7.823027281256499599e+00 5.726263839628635555e-02
7.840468018490692081e+00 5.689536461203800743e-02
7.857908755724884564e+00 5.649296718816933238e-02
7.875349492959077047e+00 5.607847588501335689e-02
7.892790230193269529e+00 5.567527979032601410e-02
7.910230967427462012e+00 5.530742692053045723e-02
7.927671704661654495e+00 5.499980692441779062e-02
7.945112441895846978e+00 5.477814247900648220e-02
7.962553179130039460e+00 5.466873008210488410e-02
7.979993916364231943e+00 5.469789435824977397e-02
7.997434653598424426e+00 5.489115280650416762e-02
8.014875390832617796e+00 5.527212925216978823e-02
8.032316128066810279e+00 5.586130072660417528e-02
8.049756865301002762e+00 5.667470827694180702e-02
8.067197602535195244e+00 5.772279981020411732e-02
8.084638339769384174e+00 5.900959458198944130e-02
8.102079077003576657e+00 6.053235748160488983e-02
8.119519814237769140e+00 6.228194244808606811e-02
8.136960551471961622e+00 6.424390731679997801e-02
8.154401288706154105e+00 6.640042034209836519e-02
8.171842025940346588e+00 6.873287872490806139e-02
8.189282763174539070e+00 7.122505214627533610e-02
8.206723500408731553e+00 7.386646221507797705e-02
8.224164237642924036e+00 7.665562536216347089e-02
8.241604974877116518e+00 7.960273491294343751e-02
8.259045712111309001e+00 8.273134864730047333e-02
8.276486449345501484e+00 8.607868851962542645e-02
8.293927186579693966e+00 8.969425220201623916e-02
8.311367923813886449e+00 9.363657903699319773e-02
8.328808661048078932e+00 9.796819698382985830e-02
8.346249398282271414e+00 1.027489870535726324e-01
8.363690135516463897e+00 1.080284166554800751e-01
8.381130872750656380e+00 1.138372880534776893e-01
8.398571609984845310e+00 1.201797957704025949e-01
8.416012347219037792e+00 1.270267618428737033e-01
8.433453084453230275e+00 1.343109003804711654e-01
8.450893821687422758e+00 1.419248424481716897e-01
8.468334558921615240e+00 1.497224311161838017e-01
8.485775296155807723e+00 1.575234913080553467e-01
8.503216033390000206e+00 1.651219205601977269e-01
8.520656770624192689e+00 1.722965768383044327e-01
8.538097507858385171e+00 1.788241058507888392e-01
8.555538245092577654e+00 1.844925994724701812e-01
8.572978982326770137e+00 1.891148469290927780e-01
8.590419719560962619e+00 1.925399539122088777e-01
8.607860456795155102e+00 1.946622644652094281e-01
8.625301194029347585e+00 1.954268076578258295e-01
8.642741931263540067e+00 1.948308680872800347e-01
8.660182668497732550e+00 1.929216951553235915e-01
8.677623405731925033e+00 1.897907647916414475e-01
8.695064142966117515e+00 1.855653367275673371e-01
8.712504880200306445e+00 1.803982707753571113e-01
8.729945617434498928e+00 1.744571553015237253e-01
8.747386354668691411e+00 1.679137594248465148e-01
8.764827091902883893e+00 1.609346661034801451e-01
8.782267829137076376e+00 1.536737096570110483e-01
8.799708566371268859e+00 1.462665696738782994e-01
8.817149303605461341e+00 1.388276050692645036e-01
8.834590040839653824e+00 1.314487818846778178e-01
8.852030778073846307e+00 1.242003792642532578e-01
8.869471515308038789e+00 1.171330593143340842e-01
8.886912252542231272e+00 1.102808549272698696e-01
8.904352989776423755e+00 1.036646522233216905e-01
8.921793727010616237e+00 9.729580300427483064e-02
8.939234464244808720e+00 9.117957895106569566e-02
8.956675201479001203e+00 8.531825783624778781e-02
8.974115938713193685e+00 7.971370267542586541e-02
8.991556675947386168e+00 7.436935312758836958e-02
9.008997413181578651e+00 6.929159478747171086e-02
9.026438150415767581e+00 6.449050910486621435e-02
9.043878887649960063e+00 5.998003776303196394e-02
9.061319624884152546e+00 5.577762247429514375e-02
9.078760362118345029e+00 5.190340436090050413e-02
9.096201099352537511e+00 4.837908472587042902e-02
9.113641836586729994e+00 4.522655872699369445e-02
9.131082573820922477e+00 4.246643351823710388e-02
9.148523311055114959e+00 4.011653282814481303e-02
9.165964048289307442e+00 3.819047294637615414e-02
9.183404785523499925e+00 3.669637483531493910e-02
9.200845522757692407e+00 3.563575856854958590e-02
9.218286259991884890e+00 3.500265389533097765e-02
9.235726997226077373e+00 3.478295677486626519e-02
9.253167734460269855e+00 3.495406560633513432e-02
9.270608471694462338e+00 3.548483896428792500e-02
9.288049208928654821e+00 3.633592310008901954e-02
9.305489946162847303e+00 3.746049580458647027e-02
9.322930683397039786e+00 3.880545818810685055e-02
9.340371420631228716e+00 4.031307518972242210e-02
9.357812157865421199e+00 4.192302082450228423e-02
9.375252895099613681e+00 4.357473103279187188e-02
9.392693632333806164e+00 4.520991436910175298e-02
9.410134369567998647e+00 4.677502890249216755e-02
9.427575106802191129e+00 4.822351203752087145e-02
9.445015844036383612e+00 4.951755504750981335e-02
9.462456581270576095e+00 5.062924805438956399e-02
9.479897318504768577e+00 5.154098106158079562e-02
9.497338055738961060e+00 5.224506489413072163e-02
9.514778792973153543e+00 5.274262168731367467e-02
9.532219530207346025e+00 5.304187572294929293e-02
9.549660267441538508e+00 5.315604057461912474e-02
9.567101004675730991e+00 5.310103900400115623e-02
9.584541741909923473e+00 5.289330313250436427e-02
9.601982479144115956e+00 5.254788383919933165e-02
9.619423216378308439e+00 5.207705400613697050e-02
9.636863953612500922e+00 5.148952723102865475e-02
9.654304690846689851e+00 5.079034085079382060e-02
9.671745428080882334e+00 4.998137878055765315e-02
9.689186165315074817e+00 4.906244396383564049e-02
9.706626902549267299e+00 4.803273834621472893e-02
9.724067639783459782e+00 4.689257391986276224e-02
9.741508377017652265e+00 4.564512270859903686e-02
9.758949114251844748e+00 4.429801560449580372e-02
9.776389851486037230e+00 4.286461727694836771e-02
9.793830588720229713e+00 4.136483377490945967e-02
9.811271325954422196e+00 3.982534770082216125e-02
9.828712063188614678e+00 3.827922012348321246e-02
9.846152800422807161e+00 3.676484644960018727e-02
9.863593537656999644e+00 3.532430343229499281e-02
9.881034274891192126e+00 3.400117452972441917e-02
9.898475012125384609e+00 3.283798867131692417e-02
9.915915749359577092e+00 3.187345006799083280e-02
9.933356486593769574e+00 3.113967002950573590e-02
9.950797223827962057e+00 3.065963120365331265e-02
9.968237961062150987e+00 3.044511563892133080e-02
9.985678698296343470e+00 3.049530700616420037e-02
1.000311943553053595e+01 3.079623267273939868e-02
1.002056017276472843e+01 3.132114454850187801e-02
1.003800090999892092e+01 3.203185360718431574e-02
1.005544164723311340e+01 3.288093993119622915e-02
1.007288238446730588e+01 3.381466873019837310e-02
1.009032312170149837e+01 3.477636481803843965e-02
1.010776385893569085e+01 3.570994455092524333e-02
1.012520459616988333e+01 3.656328370468678313e-02
1.014264533340407581e+01 3.729111653045528302e-02
1.016008607063826830e+01 3.785721450571467167e-02
1.017752680787246078e+01 3.823567707284169365e-02
1.019496754510665326e+01 3.841127038107753494e-02
1.021240828234084574e+01 3.837886012083847193e-02
1.022984901957503823e+01 3.814208631468907207e-02
1.024728975680923071e+01 3.771150790969321487e-02
1.026473049404342319e+01 3.710249288278932855e-02
1.028217123127761212e+01 3.633313971878528864e-02
1.029961196851180460e+01 3.542248844983950790e-02
1.031705270574599709e+01 3.438921929004520178e-02
1.033449344298018957e+01 3.325095410529341211e-02
1.035193418021438205e+01 3.202418326591112419e-02
1.036937491744857454e+01 3.072475141748692851e-02
1.038681565468276702e+01 2.936876265076993758e-02
1.040425639191695950e+01 2.797371755310476896e-02
1.042169712915115198e+01 2.655967631446833066e-02
1.043913786638534447e+01 2.515025312999734364e-02
1.045657860361953695e+01 2.377328274021042048e-02
1.047401934085372943e+01 2.246105189634081678e-02
1.049146007808792191e+01 2.125004706023797540e-02
1.050890081532211440e+01 2.018022532443073877e-02
1.052634155255630688e+01 1.929386102160756886e-02
1.054378228979049936e+01 1.863405167301991280e-02
1.056122302702469185e+01 1.824298329236767602e-02
1.057866376425888433e+01 1.816005922820338944e-02
1.059610450149307326e+01 1.841999325193596077e-02
1.061354523872726574e+01 1.905096141985842054e-02
1.063098597596145822e+01 2.007290213141720361e-02
1.064842671319565071e+01 2.149605125606843595e-02
1.066586745042984319e+01 2.331979799241668677e-02
1.068330818766403567e+01 2.553194377247643837e-02
1.070074892489822815e+01 2.810843645148817724e-02
1.071818966213242064e+01 3.101363117213579504e-02
1.073563039936661312e+01 3.420109575857401690e-02
1.075307113660080560e+01 3.761493372208852409e-02
1.077051187383499808e+01 4.119154710502804378e-02
1.078795261106919057e+01 4.486171269783831295e-02
1.080539334830338305e+01 4.855280839480977800e-02
1.082283408553757553e+01 5.219101067709734643e-02
1.084027482277176802e+01 5.570329546955855859e-02
1.085771556000596050e+01 5.901911403257205369e-02
1.087515629724015298e+01 6.207167838431834617e-02
1.089259703447434546e+01 6.479886674983185990e-02
1.091003777170853439e+01 6.714383458941555749e-02
1.092747850894272688e+01 6.905547559934328838e-02
1.094491924617691936e+01 7.048890646322883424e-02
1.096235998341111184e+01 7.140614084914069515e-02
1.097980072064530432e+01 7.177707110864330053e-02
1.099724145787949681e+01 7.158079707080061693e-02
1.101468219511368929e+01 7.080724384378422886e-02
1.103212293234788177e+01 6.945891268559103993e-02
1.104956366958207425e+01 6.755252981806178503e-02
1.106700440681626674e+01 6.512031380707483663e-02
1.108444514405045922e+01 6.221058306964733636e-02
1.110188588128465170e+01 5.888747335756472356e-02
1.111932661851884419e+01 5.522962432212776690e-02
1.113676735575303667e+01 5.132781079446067235e-02
1.115420809298722915e+01 4.728161987411230727e-02
1.117164883022142163e+01 4.319538978560374942e-02
1.118908956745561412e+01 3.917371362140838892e-02
1.120653030468980660e+01 3.531685877113947131e-02
1.122397104192399553e+01 3.171645637101429965e-02
1.124141177915818801e+01 2.845177720728401735e-02
1.125885251639238049e+01 2.558684012177310160e-02
1.127629325362657298e+01 2.316850905133114452e-02
1.129373399086076546e+01 2.122563956683078817e-02
1.131117472809495794e+01 1.976924785830873679e-02
1.132861546532915042e+01 1.879360366447876268e-02
1.134605620256334291e+01 1.827809812524627125e-02
1.136349693979753539e+01 1.818970777932787594e-02
1.138093767703172787e+01 1.848586320174606598e-02
1.139837841426592036e+01 1.911752951326741584e-02
1.141581915150011284e+01 2.003231075742762865e-02
1.143325988873430532e+01 2.117739730743422102e-02
1.145070062596849780e+01 2.250218424216612542e-02
1.146814136320269029e+01 2.396040115913241481e-02
1.148558210043688277e+01 2.551161442131627544e-02
1.150302283767107525e+01 2.712199616611852757e-02
1.152046357490526773e+01 2.876430399553151634e-02
1.153790431213945666e+01 3.041708147115972441e-02
1.155534504937364915e+01 3.206316845880122224e-02
1.157278578660784163e+01 3.368769367648970919e-02
1.159022652384203411e+01 3.527579767178948278e-02
1.160766726107622659e+01 3.681038951124808445e-02
1.162510799831041908e+01 3.827026238204944003e-02
1.164254873554461156e+01 3.962887354193117551e-02
1.165998947277880404e+01 4.085403010886973912e-02
1.167743021001299653e+01 4.190861884289508177e-02
1.169487094724718901e+01 4.275238729031000801e-02
1.171231168448138149e+01 4.334464299751156213e-02
1.172975242171557042e+01 4.364760737487075049e-02
1.174719315894976646e+01 4.363006102202024450e-02
1.176463389618395539e+01 4.327086365992847267e-02
1.178207463341815142e+01 4.256193310406099911e-02
1.179951537065234035e+01 4.151032432105147135e-02
1.181695610788653639e+01 4.013915335782590466e-02
1.183439684512072532e+01 3.848724656490802587e-02
1.185183758235492135e+01 3.660754341994822136e-02
1.186927831958911028e+01 3.456442072785158304e-02
1.188671905682330632e+01 3.243021868480205905e-02
1.190415979405749525e+01 3.028132194395857790e-02
1.192160053129169128e+01 2.819417479074676561e-02
1.193904126852588021e+01 2.624158923502283719e-02
1.195648200576007625e+01 2.448964482912538779e-02
1.197392274299426518e+01 2.299539030170320852e-02
1.199136348022846121e+01 2.180545284273924939e-02
1.200880421746265014e+01 2.095555434213411394e-02
1.202624495469683907e+01 2.047083671462482726e-02
1.204368569193103511e+01 2.036681965663776975e-02
1.206112642916522404e+01 2.065075985309693801e-02
1.207856716639942007e+01 2.132315412594860612e-02
1.209600790363360900e+01 2.237913134957352640e-02
1.211344864086780504e+01 2.380950833801691313e-02
1.213088937810199397e+01 2.560134081915104581e-02
1.214833011533619000e+01 2.773787771186630308e-02
1.216577085257037893e+01 3.019791876071167142e-02
1.218321158980457497e+01 3.295467338486407494e-02
1.220065232703876390e+01 3.597431144541118897e-02
1.221809306427295994e+01 3.921447224854474750e-02
1.223553380150714887e+01 4.262304431419104700e-02
1.225297453874134490e+01 4.613753519325172747e-02
1.227041527597553383e+01 4.968531213157353216e-02
1.228785601320972987e+01 5.318491097508261378e-02
1.230529675044391880e+01 5.654848976612361633e-02
1.232273748767810773e+01 5.968535913801700094e-02
1.234017822491230376e+01 6.250637309901715954e-02
1.235761896214649269e+01 6.492883255078353566e-02
1.237505969938068873e+01 6.688146001234193672e-02
1.239250043661487766e+01 6.830896274287344416e-02
1.240994117384907369e+01 6.917572034758397159e-02
1.242738191108326262e+01 6.946821051936973024e-02
1.244482264831745866e+01 6.919591252220971822e-02
1.246226338555164759e+01 6.839058512902858322e-02
1.247970412278584362e+01 6.710398286471491724e-02
1.249714486002003255e+01 6.540423012192715657e-02
1.251458559725422859e+01 6.337119856817592656e-02
1.253202633448841752e+01 6.109131628585831586e-02
1.254946707172261355e+01 5.865227103808739323e-02
1.256690780895680248e+01 5.613805533532667535e-02
1.258434854619099852e+01 5.362474350477406532e-02
1.260178928342518745e+01 5.117730040035194106e-02
1.261923002065938348e+01 4.884760926398511172e-02
1.263667075789357241e+01 4.667378435862316877e-02
1.265411149512776134e+01 4.468071334668531625e-02
1.267155223236195738e+01 4.288166467867356862e-02
1.268899296959614631e+01 4.128070472812730290e-02
1.270643370683034235e+01 3.987560483754668678e-02
1.272387444406453127e+01 3.866088500517365217e-02
1.274131518129872731e+01 3.763064185228995329e-02
1.275875591853291624e+01 3.678084441121856618e-02
1.277619665576711228e+01 3.611084962681611332e-02
1.279363739300130121e+01 3.562398415863755191e-02
1.281107813023549724e+01 3.532715053611060890e-02
1.282851886746968617e+01 3.522953169467180762e-02
1.284595960470388221e+01 3.534057487858680707e-02
1.286340034193807114e+01 3.566752091552764792e-02
1.288084107917226717e+01 3.621279761728695562e-02
1.289828181640645610e+01 3.697161047043868998e-02
1.291572255364065214e+01 3.793003903049053244e-02
1.293316329087484107e+01 3.906388802118909015e-02
1.295060402810903000e+01 4.033845699995734085e-02
1.296804476534322603e+01 4.170929330182315820e-02
1.298548550257741496e+01 4.312389227917726858e-02
1.300292623981161100e+01 4.452421781344329671e-02
1.302036697704579993e+01 4.584984308945374426e-02
1.303780771427999596e+01 4.704146151438725471e-02
1.305524845151418489e+01 4.804449172486471853e-02
1.307268918874838093e+01 4.881249739506116764e-02
1.309012992598256986e+01 4.931015899389860901e-02
1.310757066321676589e+01 4.951556732745779343e-02
1.312501140045095482e+01 4.942165473190526098e-02
1.314245213768515086e+01 4.903663704837380594e-02
1.315989287491933979e+01 4.838340641111444490e-02
1.317733361215353582e+01 4.749788954715187389e-02
1.319477434938772475e+01 4.642646567380540046e-02
1.321221508662192079e+01 4.522261726833162743e-02
1.322965582385610972e+01 4.394305902060218622e-02
1.324709656109030576e+01 4.264364675184749431e-02
1.326453729832449469e+01 4.137540037750172400e-02
1.328197803555868362e+01 4.018097601874505431e-02
1.329941877279287965e+01 3.909188833850507638e-02
1.331685951002706858e+01 3.812671599611527212e-02
1.333430024726126462e+01 3.729042695832196497e-02
1.335174098449545355e+01 3.657484727051278639e-02
1.336918172172964958e+01 3.596018109923926342e-02
1.338662245896383851e+01 3.541738674751639115e-02
1.340406319619803455e+01 3.491113663819343793e-02
1.342150393343222348e+01 3.440304861473065384e-02
1.343894467066641951e+01 3.385487520533696226e-02
1.345638540790060844e+01 3.323137423966979892e-02
1.347382614513480448e+01 3.250265015803439905e-02
1.349126688236899341e+01 3.164583826032769942e-02
1.350870761960318944e+01 3.064609018305167881e-02
1.352614835683737837e+01 2.949689528527111443e-02
1.354358909407157441e+01 2.819982985200999992e-02
1.356102983130576334e+01 2.676385922705223561e-02
1.357847056853995227e+01 2.520432728365389757e-02
1.359591130577414830e+01 2.354175739392753985e-02
1.361335204300833723e+01 2.180056634863467707e-02
1.363079278024253327e+01 2.000776541226811228e-02
1.364823351747672220e+01 1.819169778668882839e-02
1.366567425471091823e+01 1.638084379893710307e-02
1.368311499194510716e+01 1.460271581224515877e-02
1.370055572917930320e+01 1.288286312717873937e-02
1.371799646641349213e+01 1.124400998053946832e-02
1.373543720364768816e+01 9.705353326877603007e-03
1.375287794088187709e+01 8.282047894820109349e-03
1.377031867811607313e+01 6.984901766060336650e-03
1.378775941535026206e+01 5.820295831511056693e-03
1.380520015258445810e+01 4.790326001393449724e-03
1.382264088981864703e+01 3.893150285593406732e-03
1.384008162705284306e+01 3.123506689496861801e-03
1.385752236428703199e+01 2.473355019001579388e-03
1.387496310152122803e+01 1.932588158256616419e-03
1.389240383875541696e+01 1.489757102639594931e-03
1.390984457598960589e+01 1.132758783463605826e-03
1.392728531322380192e+01 8.494453332911712420e-04
1.394472605045799085e+01 6.281261157800455000e-04
1.396216678769218689e+01 4.579475734313323641e-04
1.397960752492637582e+01 3.291488834890075117e-04
1.399704826216057185e+01 2.332021442912011468e-04
1.401448899939476078e+01 1.628535046142707188e-04
1.403192973662895682e+01 1.120860454237238073e-04
1.404937047386314575e+01 7.602656901589208301e-05
1.406681121109734178e+01 5.081732802970771761e-05
1.408425194833153071e+01 3.347089052612232908e-05
1.410169268556572675e+01 2.172255949901002539e-05
1.411913342279991568e+01 1.389072189543471018e-05
1.413657416003411171e+01 8.751706795522472555e-06
1.415401489726830064e+01 5.432513383181706383e-06
1.417145563450249668e+01 3.322283162562725971e-06
1.418889637173668561e+01 2.001656121119691052e-06
1.420633710897087454e+01 1.188091183631256383e-06
1.422377784620507057e+01 6.947190310677879362e-07
1.424121858343925950e+01 4.001845992115935759e-07
1.425865932067345554e+01 2.270893664182752260e-07
1.427610005790764447e+01 1.269441620311652343e-07
1.429354079514184050e+01 6.990417031820759011e-08
1.431098153237602943e+01 3.791956417599273191e-08
1.432842226961022547e+01 2.026233379560966966e-08
1.434586300684441440e+01 1.066541794581478202e-08
1.436330374407861044e+01 5.530002910662269407e-09
1.438074448131279937e+01 2.824418301375289852e-09
1.439818521854699540e+01 1.420974357836967872e-09
1.441562595578118433e+01 7.041978079245585270e-10
1.443306669301538037e+01 3.437574755347383842e-10
1.445050743024956930e+01 1.652938614316405291e-10
1.446794816748376533e+01 7.829005349888094460e-11
1.448538890471795426e+01 3.652582930077444308e-11
1.450282964195215030e+01 1.678555382646297462e-11
1.452027037918633923e+01 7.598221172401171163e-12
1.453771111642052816e+01 3.387876100619829364e-12
1.455515185365472419e+01 1.487925505461883409e-12
1.457259259088891312e+01 6.436825863074058077e-13
1.459003332812310916e+01 2.742825135422672668e-13
1.460747406535730164e+01 1.151222350081847168e-13
